transaction_id,account_id,txn_date,txn_time,txn_type,channel,amount,currency,balance_after,merchant,description,is_flagged
7000011,100001,2024-02-12,21:00:00,Fee,Branch,272.45,NPR,179367.65,,Monthly account maintenance fee,False
7000017,100001,2024-05-05,12:45:00,Transfer Out,IVR,46086.82,NPR,133280.83,,Outgoing fund transfer,False
7000012,100001,2024-07-10,11:30:00,Withdrawal,POS,9482.8,NPR,123798.03,Self,ATM cash withdrawal,False
7000002,100001,2024-09-06,18:00:00,Deposit,Mobile App,19581.27,NPR,143379.3,Self,Cash deposit at branch counter,False
7000005,100001,2025-02-13,13:45:00,Transfer In,IVR,62000.39,NPR,205379.69,,Incoming fund transfer,False
7000010,100001,2025-02-15,07:45:00,Deposit,ATM,22994.74,NPR,228374.43,Self,Cash deposit at branch counter,False
7000013,100001,2025-06-06,06:00:00,Withdrawal,Internet Banking,51194.54,NPR,177179.89,Self,ATM cash withdrawal,False
7000014,100001,2025-07-23,22:00:00,Deposit,Branch,61654.59,NPR,238834.48,Self,Cash deposit at branch counter,False
7000016,100001,2025-07-27,11:45:00,Deposit,Branch,70825.65,NPR,309660.13,Self,Cash deposit at branch counter,False
7000003,100001,2025-08-28,20:45:00,Withdrawal,ATM,57068.55,NPR,252591.58,Self,ATM cash withdrawal,False
7000006,100001,2025-09-12,18:00:00,POS Purchase,Internet Banking,1830.05,NPR,250761.53,Khalti,Point-of-sale card purchase,False
7000018,100001,2025-09-19,22:30:00,Withdrawal,POS,63474.32,NPR,187287.21,Self,ATM cash withdrawal,False
7000001,100001,2025-10-01,21:15:00,Interest Credit,Internet Banking,53248.58,NPR,240535.79,,Quarterly interest credit,False
7000008,100001,2025-10-11,07:15:00,Transfer Out,IVR,48054.08,NPR,192481.71,,Outgoing fund transfer,False
7000015,100001,2025-11-08,20:45:00,Deposit,Mobile App,51910.62,NPR,244392.33,Self,Cash deposit at branch counter,False
7000004,100001,2026-02-18,07:45:00,POS Purchase,IVR,950.56,NPR,243441.77,Local ATM Withdrawal,Point-of-sale card purchase,False
7000007,100001,2026-03-30,06:45:00,Transfer Out,ATM,64147.45,NPR,179294.32,,Outgoing fund transfer,False
7000009,100001,2026-07-18,07:45:00,Withdrawal,Branch,63454.54,NPR,115839.78,Self,ATM cash withdrawal,False
7000030,100002,2024-01-02,16:00:00,Interest Credit,ATM,73235.57,NPR,830710.28,,Quarterly interest credit,False
7000046,100002,2024-02-16,07:45:00,Transfer In,Branch,13818.91,NPR,844529.19,,Incoming fund transfer,False
7000032,100002,2024-03-06,11:15:00,Interest Credit,Internet Banking,51134.18,NPR,895663.37,,Quarterly interest credit,False
7000039,100002,2024-03-16,09:45:00,Deposit,ATM,34470.29,NPR,930133.66,Self,Cash deposit at branch counter,False
7000019,100002,2024-03-30,08:30:00,Withdrawal,Branch,47515.23,NPR,882618.43,Self,ATM cash withdrawal,False
7000031,100002,2024-04-17,19:30:00,Transfer In,Mobile App,3554.31,NPR,886172.74,,Incoming fund transfer,False
7000034,100002,2024-08-11,14:45:00,Transfer Out,Branch,18822.82,NPR,867349.92,,Outgoing fund transfer,False
7000036,100002,2024-09-11,06:00:00,Loan EMI,Internet Banking,17352.92,NPR,849997,,Loan EMI auto-debit,False
7000026,100002,2024-09-18,15:30:00,POS Purchase,Mobile App,8521.94,NPR,841475.06,,Point-of-sale card purchase,False
7000020,100002,2024-11-05,10:45:00,Fee,Mobile App,498.35,NPR,840976.71,,Monthly account maintenance fee,False
7000027,100002,2024-11-28,20:15:00,Deposit,ATM,36441.29,NPR,877418,Self,Cash deposit at branch counter,False
7000043,100002,2025-02-01,09:15:00,Deposit,ATM,78766.65,NPR,956184.65,Self,Cash deposit at branch counter,False
7000041,100002,2025-02-08,11:45:00,Fee,IVR,642.97,NPR,955541.68,,Monthly account maintenance fee,False
7000023,100002,2025-02-21,12:00:00,POS Purchase,POS,11096.94,NPR,944444.74,Amazon,Point-of-sale card purchase,False
7000029,100002,2025-07-04,13:30:00,Loan EMI,Internet Banking,3878.88,NPR,940565.86,,Loan EMI auto-debit,False
7000037,100002,2025-10-18,10:00:00,Transfer Out,IVR,17016.89,NPR,923548.97,,Outgoing fund transfer,False
7000033,100002,2025-10-27,19:00:00,Deposit,ATM,63098.7,NPR,986647.67,Self,Cash deposit at branch counter,False
7000047,100002,2025-10-29,13:00:00,Fee,POS,178.97,NPR,986468.7,,Monthly account maintenance fee,False
7000044,100002,2025-11-17,06:15:00,Interest Credit,POS,32009.62,NPR,1018478.32,,Quarterly interest credit,False
7000022,100002,2025-11-30,12:45:00,Withdrawal,POS,45071.57,NPR,973406.75,Self,ATM cash withdrawal,False
7000038,100002,2025-12-12,08:00:00,Withdrawal,Branch,25545.26,NPR,947861.49,Self,ATM cash withdrawal,False
7000028,100002,2026-02-19,13:00:00,POS Purchase,Mobile App,7533.12,NPR,940328.37,NTC Recharge,Point-of-sale card purchase,False
7000021,100002,2026-02-26,08:00:00,Interest Credit,Branch,18404.24,NPR,958732.61,,Quarterly interest credit,False
7000025,100002,2026-03-31,11:30:00,Loan EMI,Internet Banking,39881.81,NPR,918850.8,,Loan EMI auto-debit,False
7000024,100002,2026-05-07,06:15:00,Deposit,IVR,5784.13,NPR,924634.93,Self,Cash deposit at branch counter,False
7000042,100002,2026-05-31,16:15:00,Withdrawal,Mobile App,60613.64,NPR,864021.29,Self,ATM cash withdrawal,False
7000045,100002,2026-07-15,15:30:00,Withdrawal,IVR,5998.67,NPR,858022.62,Self,ATM cash withdrawal,False
7000040,100002,2026-07-31,09:30:00,Fee,ATM,1165.68,NPR,856856.94,,Monthly account maintenance fee,False
7000035,100002,2026-08-28,11:30:00,Withdrawal,Internet Banking,11622.85,NPR,845234.09,Self,ATM cash withdrawal,False
7000048,100003,2026-04-17,17:30:00,Fee,ATM,439.07,NPR,102162.27,,Monthly account maintenance fee,False
7000054,100003,2026-04-21,09:00:00,Fee,Internet Banking,735.25,NPR,101427.02,,Monthly account maintenance fee,False
7000053,100003,2026-04-26,17:15:00,Deposit,Internet Banking,9642.65,NPR,111069.67,Self,Cash deposit at branch counter,False
7000049,100003,2026-05-19,14:30:00,Transfer In,IVR,35216.96,NPR,146286.63,,Incoming fund transfer,False
7000050,100003,2026-05-26,13:15:00,Interest Credit,Branch,49785.1,NPR,196071.73,,Quarterly interest credit,False
7000057,100003,2026-07-15,16:00:00,Fee,ATM,693.68,NPR,195378.05,,Monthly account maintenance fee,False
7000051,100003,2026-07-20,13:15:00,Fee,Branch,1401.77,NPR,193976.28,,Monthly account maintenance fee,False
7000052,100003,2026-07-21,21:30:00,Transfer Out,ATM,55483.28,NPR,138493,,Outgoing fund transfer,False
7000056,100003,2026-08-01,12:00:00,Transfer Out,Branch,28729.23,NPR,109763.77,,Outgoing fund transfer,False
7000055,100003,2026-08-17,21:15:00,POS Purchase,Branch,1260.74,NPR,108503.03,IME Remit,Point-of-sale card purchase,False
7000062,100004,2024-07-29,08:00:00,Withdrawal,Mobile App,18384.75,NPR,66080.97,Self,ATM cash withdrawal,False
7000060,100004,2024-08-05,14:45:00,Interest Credit,Internet Banking,9822.17,NPR,75903.14,,Quarterly interest credit,False
7000067,100004,2025-04-05,15:45:00,Withdrawal,Branch,14259.52,NPR,61643.62,Self,ATM cash withdrawal,False
7000063,100004,2025-05-08,22:00:00,POS Purchase,POS,3199.25,NPR,58444.37,Bhat-Bhateni Supermarket,Point-of-sale card purchase,False
7000058,100004,2025-05-10,18:00:00,Transfer Out,POS,48425.58,NPR,10018.79,,Outgoing fund transfer,False
7000065,100004,2025-10-28,16:00:00,Transfer In,Internet Banking,34753.48,NPR,44772.27,,Incoming fund transfer,False
7000066,100004,2025-11-03,06:45:00,Interest Credit,ATM,85777.8,NPR,130550.07,,Quarterly interest credit,False
7000064,100004,2025-12-04,13:45:00,POS Purchase,POS,8924.42,NPR,121625.65,Amazon,Point-of-sale card purchase,False
7000061,100004,2026-03-14,20:30:00,POS Purchase,Branch,8816.21,NPR,112809.44,,Point-of-sale card purchase,False
7000059,100004,2026-08-24,13:15:00,Deposit,Branch,41139.79,NPR,153949.23,Self,Cash deposit at branch counter,False
7000069,100005,2024-01-26,06:30:00,Loan EMI,Internet Banking,31523.04,NPR,105320.76,,Loan EMI auto-debit,False
7000078,100005,2024-06-20,20:45:00,Loan EMI,Internet Banking,6369.46,NPR,98951.3,,Loan EMI auto-debit,False
7000071,100005,2024-07-16,15:45:00,Transfer Out,ATM,54237.99,NPR,44713.31,,Outgoing fund transfer,False
7000072,100005,2024-08-19,07:45:00,Fee,Mobile App,1463.66,NPR,43249.65,,Monthly account maintenance fee,False
7000070,100005,2024-08-26,21:15:00,POS Purchase,Mobile App,930.01,NPR,42319.64,eSewa,Point-of-sale card purchase,False
7000074,100005,2024-09-01,10:30:00,Transfer In,Branch,78697.02,NPR,121016.66,,Incoming fund transfer,False
7000068,100005,2024-11-07,12:00:00,Transfer Out,POS,48730.64,NPR,72286.02,,Outgoing fund transfer,False
7000073,100005,2024-12-17,06:30:00,Transfer In,IVR,39357.71,NPR,111643.73,,Incoming fund transfer,False
7000075,100005,2025-05-01,10:30:00,POS Purchase,IVR,6808.21,NPR,104835.52,Salary Employer Pvt Ltd,Point-of-sale card purchase,False
7000076,100005,2025-07-29,10:15:00,Transfer Out,Internet Banking,8010.72,NPR,96824.8,,Outgoing fund transfer,False
7000077,100005,2025-08-18,11:15:00,Transfer In,Branch,30651.5,NPR,127476.3,,Incoming fund transfer,False
7000079,100005,2026-06-28,10:30:00,Fee,ATM,876.75,NPR,126599.55,,Monthly account maintenance fee,False
7000099,100006,2026-02-28,13:00:00,Withdrawal,Branch,54443.49,NPR,164945.9,Self,ATM cash withdrawal,False
7000087,100006,2026-03-01,11:45:00,Interest Credit,Mobile App,42376.23,NPR,207322.13,,Quarterly interest credit,False
7000104,100006,2026-03-15,14:15:00,Withdrawal,IVR,40638.64,NPR,166683.49,Self,ATM cash withdrawal,False
7000081,100006,2026-03-17,10:45:00,Fee,ATM,469.01,NPR,166214.48,,Monthly account maintenance fee,False
7000107,100006,2026-03-17,08:15:00,Fee,Branch,1212.89,NPR,165001.59,,Monthly account maintenance fee,False
7000084,100006,2026-03-18,14:45:00,Loan EMI,Internet Banking,27871.84,NPR,137129.75,,Loan EMI auto-debit,False
7000080,100006,2026-03-23,09:00:00,Loan EMI,Internet Banking,5166.81,NPR,131962.94,,Loan EMI auto-debit,False
7000095,100006,2026-03-28,12:15:00,Interest Credit,Mobile App,91443.26,NPR,223406.2,,Quarterly interest credit,False
7000101,100006,2026-03-28,12:15:00,Deposit,Branch,8018.44,NPR,231424.64,Self,Cash deposit at branch counter,False
7000089,100006,2026-04-02,13:30:00,Loan EMI,Internet Banking,40803.82,NPR,190620.82,,Loan EMI auto-debit,False
7000100,100006,2026-04-26,13:00:00,Transfer In,IVR,16745.97,NPR,207366.79,,Incoming fund transfer,False
7000088,100006,2026-04-27,12:45:00,Interest Credit,Branch,92934.24,NPR,300301.03,,Quarterly interest credit,False
7000083,100006,2026-04-30,17:15:00,POS Purchase,POS,6070.18,NPR,294230.85,Khalti,Point-of-sale card purchase,False
7000103,100006,2026-05-04,11:30:00,POS Purchase,Branch,4096.23,NPR,290134.62,NTC Recharge,Point-of-sale card purchase,False
7000091,100006,2026-05-06,10:45:00,Transfer Out,POS,7528.68,NPR,282605.94,,Outgoing fund transfer,False
7000102,100006,2026-05-23,15:45:00,POS Purchase,Mobile App,1019.18,NPR,281586.76,Self,Point-of-sale card purchase,False
7000105,100006,2026-05-25,12:00:00,Interest Credit,ATM,47766.81,NPR,329353.57,,Quarterly interest credit,False
7000093,100006,2026-05-26,16:15:00,Interest Credit,Internet Banking,66980.49,NPR,396334.06,,Quarterly interest credit,False
7000096,100006,2026-06-01,14:15:00,Transfer Out,Mobile App,49849.19,NPR,346484.87,,Outgoing fund transfer,False
7000090,100006,2026-06-04,10:15:00,Interest Credit,Mobile App,63084.28,NPR,409569.15,,Quarterly interest credit,False
7000082,100006,2026-07-12,22:00:00,Withdrawal,Mobile App,24619.7,NPR,384949.45,Self,ATM cash withdrawal,False
7000109,100006,2026-07-21,12:00:00,POS Purchase,Branch,5310.34,NPR,379639.11,NEA Bill Pay,Point-of-sale card purchase,False
7000098,100006,2026-07-29,14:00:00,Deposit,IVR,50903.9,NPR,430543.01,Self,Cash deposit at branch counter,False
7000097,100006,2026-07-30,07:15:00,Withdrawal,IVR,29679,NPR,400864.01,Self,ATM cash withdrawal,False
7000092,100006,2026-08-11,20:30:00,Loan EMI,Internet Banking,6267.34,NPR,394596.67,,Loan EMI auto-debit,False
7000085,100006,2026-08-23,17:30:00,Transfer In,IVR,90884.4,NPR,485481.07,,Incoming fund transfer,True
7000094,100006,2026-08-23,11:45:00,POS Purchase,IVR,358.72,NPR,485122.35,,Point-of-sale card purchase,False
7000106,100006,2026-08-23,06:15:00,Transfer In,Mobile App,40283.18,NPR,525405.53,,Incoming fund transfer,False
7000086,100006,2026-08-25,21:15:00,Withdrawal,POS,48234.96,NPR,477170.57,Self,ATM cash withdrawal,False
7000108,100006,2026-08-27,13:00:00,Transfer Out,Internet Banking,29500.16,NPR,447670.41,,Outgoing fund transfer,False
7000134,100007,2024-09-24,14:00:00,Deposit,POS,82017.95,NPR,86368.67,Self,Cash deposit at branch counter,True
7000111,100007,2024-10-25,13:30:00,Deposit,Branch,21889.2,NPR,108257.87,Self,Cash deposit at branch counter,False
7000122,100007,2024-11-01,20:00:00,Transfer In,POS,81557.82,NPR,189815.69,,Incoming fund transfer,True
7000116,100007,2024-11-13,10:15:00,Fee,ATM,521.29,NPR,189294.4,,Monthly account maintenance fee,False
7000131,100007,2025-01-11,13:00:00,POS Purchase,POS,10428.95,NPR,178865.45,Self,Point-of-sale card purchase,False
7000124,100007,2025-02-19,07:00:00,Withdrawal,Branch,25722.22,NPR,153143.23,Self,ATM cash withdrawal,False
7000133,100007,2025-03-19,12:45:00,Interest Credit,Mobile App,69345.52,NPR,222488.75,,Quarterly interest credit,False
7000130,100007,2025-04-18,10:15:00,Loan EMI,Internet Banking,33827.69,NPR,188661.06,,Loan EMI auto-debit,False
7000114,100007,2025-05-13,15:45:00,Deposit,Mobile App,44085.71,NPR,232746.77,Self,Cash deposit at branch counter,False
7000137,100007,2025-05-14,19:15:00,Withdrawal,IVR,1015.9,NPR,231730.87,Self,ATM cash withdrawal,False
7000110,100007,2025-05-28,22:30:00,POS Purchase,POS,9047.48,NPR,222683.39,Salary Employer Pvt Ltd,Point-of-sale card purchase,False
7000128,100007,2025-05-30,09:00:00,Withdrawal,POS,29883.66,NPR,192799.73,Self,ATM cash withdrawal,False
7000113,100007,2025-08-08,10:15:00,Transfer Out,Mobile App,64698.08,NPR,128101.65,,Outgoing fund transfer,False
7000120,100007,2025-08-15,17:45:00,POS Purchase,IVR,10249.66,NPR,117851.99,Salary Employer Pvt Ltd,Point-of-sale card purchase,False
7000135,100007,2025-08-24,14:30:00,Deposit,Mobile App,21807.04,NPR,139659.03,Self,Cash deposit at branch counter,False
7000136,100007,2025-10-12,18:30:00,Fee,Internet Banking,945.85,NPR,138713.18,,Monthly account maintenance fee,False
7000129,100007,2025-10-24,15:45:00,Fee,ATM,735.51,NPR,137977.67,,Monthly account maintenance fee,False
7000127,100007,2025-10-25,16:30:00,Transfer In,Internet Banking,72718.41,NPR,210696.08,,Incoming fund transfer,False
7000117,100007,2026-01-09,09:30:00,Transfer Out,Mobile App,2158.72,NPR,208537.36,,Outgoing fund transfer,False
7000119,100007,2026-02-01,22:15:00,Loan EMI,Internet Banking,5801.83,NPR,202735.53,,Loan EMI auto-debit,False
7000132,100007,2026-03-03,10:30:00,Fee,IVR,730.36,NPR,202005.17,,Monthly account maintenance fee,False
7000115,100007,2026-03-13,16:00:00,Interest Credit,Branch,68568.8,NPR,270573.97,,Quarterly interest credit,False
7000118,100007,2026-03-19,08:45:00,POS Purchase,Branch,3832.62,NPR,266741.35,Daraz,Point-of-sale card purchase,False
7000126,100007,2026-03-22,11:15:00,Transfer In,Internet Banking,57427.53,NPR,324168.88,,Incoming fund transfer,False
7000121,100007,2026-06-19,08:30:00,Interest Credit,Internet Banking,5039.85,NPR,329208.73,,Quarterly interest credit,False
7000112,100007,2026-07-11,12:15:00,Transfer Out,Internet Banking,46718.34,NPR,282490.39,,Outgoing fund transfer,False
7000123,100007,2026-07-29,16:45:00,Fee,IVR,149.38,NPR,282341.01,,Monthly account maintenance fee,False
7000125,100007,2026-08-11,08:30:00,Fee,Branch,245.81,NPR,282095.2,,Monthly account maintenance fee,False
7000157,100008,2024-05-15,22:15:00,Deposit,Branch,19860.96,NPR,272512.37,Self,Cash deposit at branch counter,False
7000159,100008,2024-08-06,14:30:00,Loan EMI,Internet Banking,28288.71,NPR,244223.66,,Loan EMI auto-debit,False
7000158,100008,2024-08-25,20:00:00,POS Purchase,ATM,6785.58,NPR,237438.08,Foodmandu,Point-of-sale card purchase,False
7000153,100008,2024-08-28,08:45:00,Loan EMI,Internet Banking,18984.85,NPR,218453.23,,Loan EMI auto-debit,False
7000156,100008,2024-09-23,09:30:00,Transfer In,IVR,1863.52,NPR,220316.75,,Incoming fund transfer,False
7000151,100008,2024-09-24,17:00:00,Withdrawal,POS,34134.48,NPR,186182.27,Self,ATM cash withdrawal,False
7000145,100008,2024-10-09,21:45:00,Deposit,IVR,81719.13,NPR,267901.4,Self,Cash deposit at branch counter,True
7000144,100008,2024-11-07,08:45:00,Deposit,POS,35278.7,NPR,303180.1,Self,Cash deposit at branch counter,False
7000162,100008,2024-11-12,13:15:00,Fee,ATM,799.19,NPR,302380.91,,Monthly account maintenance fee,False
7000143,100008,2024-11-30,16:00:00,Interest Credit,Branch,6268.89,NPR,308649.8,,Quarterly interest credit,False
7000154,100008,2025-02-18,22:15:00,Transfer Out,Mobile App,19754.29,NPR,288895.51,,Outgoing fund transfer,False
7000149,100008,2025-03-26,09:00:00,Transfer Out,IVR,35371.35,NPR,253524.16,,Outgoing fund transfer,False
7000139,100008,2025-04-13,10:15:00,Interest Credit,Mobile App,41626.96,NPR,295151.12,,Quarterly interest credit,False
7000160,100008,2025-05-24,20:00:00,Transfer Out,IVR,14224.91,NPR,280926.21,,Outgoing fund transfer,False
7000165,100008,2025-06-16,19:15:00,Deposit,Branch,82605.44,NPR,363531.65,Self,Cash deposit at branch counter,False
7000142,100008,2025-07-14,12:30:00,Interest Credit,IVR,74419.74,NPR,437951.39,,Quarterly interest credit,False
7000148,100008,2025-07-28,13:15:00,Withdrawal,Branch,29109.62,NPR,408841.77,Self,ATM cash withdrawal,False
7000155,100008,2025-09-30,10:45:00,POS Purchase,Branch,9063.33,NPR,399778.44,Amazon,Point-of-sale card purchase,False
7000163,100008,2025-11-09,20:15:00,Transfer Out,Branch,46955.38,NPR,352823.06,,Outgoing fund transfer,False
7000150,100008,2025-11-15,10:45:00,POS Purchase,Branch,6895.42,NPR,345927.64,Local ATM Withdrawal,Point-of-sale card purchase,False
7000146,100008,2026-01-02,21:30:00,Fee,POS,966.84,NPR,344960.8,,Monthly account maintenance fee,False
7000140,100008,2026-02-04,11:30:00,Interest Credit,Mobile App,77993.83,NPR,422954.63,,Quarterly interest credit,False
7000138,100008,2026-04-04,15:30:00,Deposit,ATM,16450.98,NPR,439405.61,Self,Cash deposit at branch counter,False
7000147,100008,2026-04-10,17:00:00,Interest Credit,IVR,79726.35,NPR,519131.96,,Quarterly interest credit,False
7000161,100008,2026-05-21,11:15:00,Withdrawal,Mobile App,567.51,NPR,518564.45,Self,ATM cash withdrawal,False
7000152,100008,2026-06-10,13:30:00,Transfer Out,Branch,48464.01,NPR,470100.44,,Outgoing fund transfer,False
7000164,100008,2026-07-24,07:45:00,Fee,POS,1265.61,NPR,468834.83,,Monthly account maintenance fee,False
7000141,100008,2026-08-14,07:45:00,Transfer In,IVR,89146.17,NPR,557981,,Incoming fund transfer,False
7000173,100009,2025-04-30,19:30:00,Loan EMI,Internet Banking,17871.86,NPR,22546.08,,Loan EMI auto-debit,False
7000181,100009,2025-05-17,14:00:00,POS Purchase,Internet Banking,4091.56,NPR,18454.52,Khalti,Point-of-sale card purchase,False
7000179,100009,2025-06-06,16:45:00,Withdrawal,Branch,58359.64,NPR,-39905.12,Self,ATM cash withdrawal,False
7000176,100009,2025-06-27,06:15:00,Fee,IVR,853.62,NPR,-40758.74,,Monthly account maintenance fee,False
7000166,100009,2025-07-12,19:15:00,POS Purchase,POS,7718.71,NPR,-48477.45,Self,Point-of-sale card purchase,False
7000169,100009,2025-08-03,22:30:00,Transfer In,Branch,56106.57,NPR,7629.12,,Incoming fund transfer,False
7000167,100009,2025-09-08,17:45:00,Transfer Out,Internet Banking,10647.5,NPR,-3018.38,,Outgoing fund transfer,False
7000172,100009,2025-09-13,18:00:00,Transfer In,IVR,7147.78,NPR,4129.4,,Incoming fund transfer,False
7000183,100009,2025-11-08,18:00:00,Interest Credit,ATM,78073.3,NPR,82202.7,,Quarterly interest credit,False
7000168,100009,2025-12-01,20:00:00,Fee,ATM,284.8,NPR,81917.9,,Monthly account maintenance fee,False
7000175,100009,2026-01-15,18:45:00,POS Purchase,IVR,6180.52,NPR,75737.38,Amazon,Point-of-sale card purchase,False
7000182,100009,2026-02-19,06:30:00,Interest Credit,IVR,6570.04,NPR,82307.42,,Quarterly interest credit,False
7000174,100009,2026-02-23,06:00:00,Interest Credit,Internet Banking,61393.14,NPR,143700.56,,Quarterly interest credit,False
7000177,100009,2026-03-02,13:30:00,Interest Credit,POS,75188.36,NPR,218888.92,,Quarterly interest credit,False
7000170,100009,2026-03-21,21:45:00,Transfer In,Internet Banking,45676.76,NPR,264565.68,,Incoming fund transfer,False
7000171,100009,2026-05-15,22:15:00,Fee,Internet Banking,801.84,NPR,263763.84,,Monthly account maintenance fee,False
7000180,100009,2026-06-09,17:30:00,POS Purchase,POS,3404.96,NPR,260358.88,Bhat-Bhateni Supermarket,Point-of-sale card purchase,False
7000178,100009,2026-08-03,11:30:00,Transfer In,IVR,52520.66,NPR,312879.54,,Incoming fund transfer,False
7000184,100010,2024-08-02,10:30:00,Transfer Out,ATM,4054.11,NPR,-4054.11,,Outgoing fund transfer,False
7000185,100010,2024-08-12,09:00:00,Transfer Out,Mobile App,3931.74,NPR,-7985.85,,Outgoing fund transfer,False
7000188,100011,2024-02-09,09:00:00,Fee,ATM,171.95,NPR,657229.51,,Monthly account maintenance fee,False
7000191,100011,2024-05-03,19:30:00,Interest Credit,Internet Banking,93010.04,NPR,750239.55,,Quarterly interest credit,True
7000190,100011,2024-06-14,17:15:00,POS Purchase,ATM,1419.29,NPR,748820.26,Khalti,Point-of-sale card purchase,False
7000192,100011,2024-08-26,11:15:00,POS Purchase,Branch,5874.43,NPR,742945.83,Amazon,Point-of-sale card purchase,False
7000189,100011,2024-12-01,11:00:00,Deposit,IVR,67345.62,NPR,810291.45,Self,Cash deposit at branch counter,False
7000197,100011,2025-12-05,06:00:00,Transfer In,IVR,36538.28,NPR,846829.73,,Incoming fund transfer,False
7000186,100011,2026-03-02,12:00:00,Withdrawal,Internet Banking,60146.28,NPR,786683.45,Self,ATM cash withdrawal,False
7000194,100011,2026-03-12,06:45:00,Deposit,POS,41872.08,NPR,828555.53,Self,Cash deposit at branch counter,False
7000187,100011,2026-05-29,11:15:00,POS Purchase,Internet Banking,8804.66,NPR,819750.87,Daraz,Point-of-sale card purchase,False
7000195,100011,2026-06-21,18:15:00,POS Purchase,IVR,422.71,NPR,819328.16,Self,Point-of-sale card purchase,False
7000193,100011,2026-07-03,07:45:00,Transfer In,Mobile App,14632.59,NPR,833960.75,,Incoming fund transfer,False
7000196,100011,2026-07-25,10:45:00,Deposit,POS,74757.49,NPR,908718.24,Self,Cash deposit at branch counter,False
7000210,100012,2024-06-01,15:00:00,Withdrawal,ATM,48742.41,NPR,812201.78,Self,ATM cash withdrawal,False
7000206,100012,2024-07-07,17:00:00,Fee,IVR,1108.97,NPR,811092.81,,Monthly account maintenance fee,False
7000200,100012,2024-11-17,06:30:00,Fee,POS,1198.7,NPR,809894.11,,Monthly account maintenance fee,False
7000216,100012,2025-01-05,11:30:00,Fee,ATM,1373.28,NPR,808520.83,,Monthly account maintenance fee,False
7000202,100012,2025-01-21,07:15:00,POS Purchase,Branch,10322.73,NPR,798198.1,IME Remit,Point-of-sale card purchase,False
7000208,100012,2025-01-24,22:45:00,Fee,ATM,1183.99,NPR,797014.11,,Monthly account maintenance fee,False
7000215,100012,2025-03-25,21:15:00,Fee,ATM,288.15,NPR,796725.96,,Monthly account maintenance fee,False
7000211,100012,2025-04-10,13:30:00,Transfer In,Internet Banking,60574.32,NPR,857300.28,,Incoming fund transfer,False
7000205,100012,2025-05-05,19:45:00,Withdrawal,Branch,18126.01,NPR,839174.27,Self,ATM cash withdrawal,False
7000212,100012,2025-07-14,08:00:00,Deposit,Branch,45506.05,NPR,884680.32,Self,Cash deposit at branch counter,False
7000209,100012,2025-07-26,18:45:00,Fee,Mobile App,982.45,NPR,883697.87,,Monthly account maintenance fee,False
7000213,100012,2025-08-03,08:30:00,Transfer Out,IVR,39127.54,NPR,844570.33,,Outgoing fund transfer,False
7000199,100012,2025-08-19,18:15:00,Interest Credit,POS,90781.54,NPR,935351.87,,Quarterly interest credit,True
7000207,100012,2025-09-02,12:00:00,Deposit,Mobile App,79294.04,NPR,1014645.91,Self,Cash deposit at branch counter,False
7000201,100012,2026-02-01,16:15:00,Interest Credit,Mobile App,72016.21,NPR,1086662.12,,Quarterly interest credit,False
7000204,100012,2026-04-06,08:15:00,Loan EMI,Internet Banking,42201.08,NPR,1044461.04,,Loan EMI auto-debit,False
7000198,100012,2026-04-07,18:45:00,Loan EMI,Internet Banking,31111.31,NPR,1013349.73,,Loan EMI auto-debit,False
7000203,100012,2026-06-03,19:30:00,Loan EMI,Internet Banking,6469.85,NPR,1006879.88,,Loan EMI auto-debit,False
7000214,100012,2026-08-23,09:15:00,Interest Credit,ATM,88627.97,NPR,1095507.85,,Quarterly interest credit,False
7000225,100013,2024-11-27,15:45:00,Deposit,Branch,19593.52,NPR,53648.93,Self,Cash deposit at branch counter,False
7000223,100013,2024-12-23,09:15:00,Transfer In,Mobile App,84200.2,NPR,137849.13,,Incoming fund transfer,True
7000218,100013,2025-03-08,07:45:00,Withdrawal,Mobile App,59410.84,NPR,78438.29,Self,ATM cash withdrawal,False
7000220,100013,2025-06-23,16:45:00,Transfer In,POS,65031.15,NPR,143469.44,,Incoming fund transfer,False
7000217,100013,2025-07-05,20:15:00,Loan EMI,Internet Banking,29234.77,NPR,114234.67,,Loan EMI auto-debit,False
7000222,100013,2025-08-05,21:30:00,Fee,POS,583.11,NPR,113651.56,,Monthly account maintenance fee,False
7000226,100013,2025-08-05,17:45:00,Interest Credit,IVR,73951.9,NPR,187603.46,,Quarterly interest credit,False
7000224,100013,2025-08-25,11:30:00,POS Purchase,Mobile App,3498.96,NPR,184104.5,Salary Employer Pvt Ltd,Point-of-sale card purchase,False
7000219,100013,2025-11-05,12:30:00,Transfer Out,POS,30223.41,NPR,153881.09,,Outgoing fund transfer,False
7000221,100013,2026-07-31,21:45:00,Transfer In,Internet Banking,13196.9,NPR,167077.99,,Incoming fund transfer,False
7000229,100014,2025-10-17,08:15:00,Loan EMI,Internet Banking,11804.71,NPR,54728.78,,Loan EMI auto-debit,False
7000247,100014,2025-10-31,12:00:00,Transfer Out,ATM,39341.51,NPR,15387.27,,Outgoing fund transfer,False
7000248,100014,2025-11-23,16:00:00,Fee,Branch,1172.27,NPR,14215,,Monthly account maintenance fee,False
7000232,100014,2025-11-25,16:00:00,Loan EMI,Internet Banking,43700.73,NPR,-29485.73,,Loan EMI auto-debit,False
7000245,100014,2025-11-28,18:45:00,Transfer Out,POS,54297.11,NPR,-83782.84,,Outgoing fund transfer,False
7000237,100014,2025-12-07,14:15:00,Loan EMI,Internet Banking,37843.02,NPR,-121625.86,,Loan EMI auto-debit,False
7000241,100014,2026-01-03,09:00:00,Transfer In,ATM,15194.08,NPR,-106431.78,,Incoming fund transfer,False
7000253,100014,2026-01-06,12:45:00,Loan EMI,Internet Banking,12614.81,NPR,-119046.59,,Loan EMI auto-debit,False
7000250,100014,2026-01-08,09:45:00,Transfer In,Mobile App,29146.63,NPR,-89899.96,,Incoming fund transfer,False
7000234,100014,2026-01-11,09:15:00,Transfer Out,ATM,58919.2,NPR,-148819.16,,Outgoing fund transfer,False
7000230,100014,2026-02-10,15:00:00,Withdrawal,IVR,43555.32,NPR,-192374.48,Self,ATM cash withdrawal,False
7000235,100014,2026-02-25,22:30:00,Withdrawal,IVR,38138.66,NPR,-230513.14,Self,ATM cash withdrawal,False
7000249,100014,2026-03-18,20:15:00,Loan EMI,Internet Banking,6115.91,NPR,-236629.05,,Loan EMI auto-debit,False
7000242,100014,2026-03-19,09:45:00,Transfer In,POS,47865.68,NPR,-188763.37,,Incoming fund transfer,False
7000233,100014,2026-04-09,11:00:00,Loan EMI,Internet Banking,40906.25,NPR,-229669.62,,Loan EMI auto-debit,False
7000238,100014,2026-04-16,06:00:00,Loan EMI,Internet Banking,39574.3,NPR,-269243.92,,Loan EMI auto-debit,False
7000240,100014,2026-04-17,17:30:00,Interest Credit,Mobile App,52459.86,NPR,-216784.06,,Quarterly interest credit,False
7000236,100014,2026-05-07,06:00:00,Loan EMI,Internet Banking,44691.55,NPR,-261475.61,,Loan EMI auto-debit,False
7000244,100014,2026-05-16,13:30:00,Transfer Out,Branch,9302.86,NPR,-270778.47,,Outgoing fund transfer,False
7000239,100014,2026-05-18,18:15:00,Deposit,IVR,59287.83,NPR,-211490.64,Self,Cash deposit at branch counter,False
7000254,100014,2026-06-01,06:15:00,Fee,Internet Banking,182.61,NPR,-211673.25,,Monthly account maintenance fee,False
7000243,100014,2026-06-06,06:00:00,Loan EMI,Internet Banking,25830.68,NPR,-237503.93,,Loan EMI auto-debit,False
7000246,100014,2026-06-12,07:45:00,Interest Credit,ATM,72732.57,NPR,-164771.36,,Quarterly interest credit,False
7000252,100014,2026-06-28,09:15:00,Fee,Branch,107.46,NPR,-164878.82,,Monthly account maintenance fee,False
7000227,100014,2026-07-17,11:30:00,Transfer Out,IVR,62287.08,NPR,-227165.9,,Outgoing fund transfer,False
7000231,100014,2026-08-05,14:00:00,Transfer Out,Branch,46414.99,NPR,-273580.89,,Outgoing fund transfer,False
7000251,100014,2026-08-08,11:00:00,Transfer In,Branch,4505.44,NPR,-269075.45,,Incoming fund transfer,False
7000228,100014,2026-08-17,13:00:00,Transfer Out,Mobile App,12539.25,NPR,-281614.7,,Outgoing fund transfer,False
7000268,100015,2026-06-30,08:30:00,Transfer Out,Mobile App,10114.69,NPR,337980.11,,Outgoing fund transfer,False
7000264,100015,2026-07-03,14:30:00,Transfer Out,IVR,14520.6,NPR,323459.51,,Outgoing fund transfer,False
7000258,100015,2026-07-04,14:00:00,Withdrawal,ATM,3884.04,NPR,319575.47,Self,ATM cash withdrawal,False
7000255,100015,2026-07-06,08:30:00,Loan EMI,Internet Banking,11332.14,NPR,308243.33,,Loan EMI auto-debit,False
7000274,100015,2026-07-15,18:30:00,POS Purchase,POS,8496.8,NPR,299746.53,eSewa,Point-of-sale card purchase,False
7000273,100015,2026-07-17,20:30:00,Fee,IVR,222.41,NPR,299524.12,,Monthly account maintenance fee,False
7000279,100015,2026-07-17,17:45:00,Deposit,Mobile App,52189.53,NPR,351713.65,Self,Cash deposit at branch counter,False
7000256,100015,2026-07-21,16:15:00,Interest Credit,IVR,23726.31,NPR,375439.96,,Quarterly interest credit,False
7000281,100015,2026-07-21,11:45:00,Interest Credit,IVR,44967.42,NPR,420407.38,,Quarterly interest credit,False
7000271,100015,2026-07-22,13:30:00,Interest Credit,POS,48595.09,NPR,469002.47,,Quarterly interest credit,False
7000282,100015,2026-07-23,07:15:00,Withdrawal,Internet Banking,12968.04,NPR,456034.43,Self,ATM cash withdrawal,False
7000257,100015,2026-07-25,08:15:00,Deposit,Internet Banking,39691.58,NPR,495726.01,Self,Cash deposit at branch counter,False
7000275,100015,2026-07-25,14:45:00,Fee,Branch,1253.53,NPR,494472.48,,Monthly account maintenance fee,False
7000280,100015,2026-07-27,15:15:00,Deposit,POS,91395.71,NPR,585868.19,Self,Cash deposit at branch counter,False
7000266,100015,2026-07-28,19:15:00,POS Purchase,ATM,2278.86,NPR,583589.33,Daraz,Point-of-sale card purchase,False
7000277,100015,2026-07-29,12:15:00,Fee,Mobile App,571.22,NPR,583018.11,,Monthly account maintenance fee,False
7000262,100015,2026-07-30,06:15:00,Withdrawal,IVR,28538.98,NPR,554479.13,Self,ATM cash withdrawal,False
7000259,100015,2026-08-01,14:15:00,Loan EMI,Internet Banking,31578.81,NPR,522900.32,,Loan EMI auto-debit,False
7000272,100015,2026-08-01,11:00:00,Transfer In,Internet Banking,2321.73,NPR,525222.05,,Incoming fund transfer,False
7000270,100015,2026-08-02,16:15:00,Fee,IVR,346.05,NPR,524876,,Monthly account maintenance fee,False
7000278,100015,2026-08-10,14:30:00,Loan EMI,Internet Banking,33872.44,NPR,491003.56,,Loan EMI auto-debit,False
7000260,100015,2026-08-11,20:30:00,Withdrawal,POS,60134.8,NPR,430868.76,Self,ATM cash withdrawal,False
7000267,100015,2026-08-11,18:00:00,Transfer In,IVR,82870.81,NPR,513739.57,,Incoming fund transfer,True
7000265,100015,2026-08-13,14:15:00,Transfer In,Internet Banking,78872.86,NPR,592612.43,,Incoming fund transfer,False
7000276,100015,2026-08-15,20:30:00,Interest Credit,IVR,64820.48,NPR,657432.91,,Quarterly interest credit,False
7000263,100015,2026-08-19,09:30:00,Deposit,Branch,68007.99,NPR,725440.9,Self,Cash deposit at branch counter,False
7000269,100015,2026-08-23,20:15:00,Interest Credit,POS,86363.1,NPR,811804,,Quarterly interest credit,False
7000283,100015,2026-08-23,15:45:00,Interest Credit,Internet Banking,40028.08,NPR,851832.08,,Quarterly interest credit,False
7000261,100015,2026-08-28,10:15:00,Withdrawal,Internet Banking,38387.65,NPR,813444.43,Self,ATM cash withdrawal,False
7000288,100016,2025-05-14,18:00:00,Fee,ATM,618.33,NPR,149857.95,,Monthly account maintenance fee,False
7000289,100016,2025-07-01,10:00:00,Interest Credit,Mobile App,72366.28,NPR,222224.23,,Quarterly interest credit,False
7000292,100016,2025-07-05,22:00:00,Interest Credit,Mobile App,3650.36,NPR,225874.59,,Quarterly interest credit,False
7000293,100016,2025-07-05,19:30:00,POS Purchase,Internet Banking,2962.81,NPR,222911.78,NTC Recharge,Point-of-sale card purchase,False
7000284,100016,2025-07-21,17:30:00,Interest Credit,ATM,92554.04,NPR,315465.82,,Quarterly interest credit,False
7000291,100016,2025-08-14,13:45:00,Withdrawal,ATM,46087.74,NPR,269378.08,Self,ATM cash withdrawal,False
7000290,100016,2025-08-17,13:30:00,Transfer Out,IVR,1520.52,NPR,267857.56,,Outgoing fund transfer,False
7000295,100016,2025-09-05,13:45:00,Loan EMI,Internet Banking,17007.58,NPR,250849.98,,Loan EMI auto-debit,False
7000287,100016,2026-01-19,20:45:00,Interest Credit,Mobile App,11513.2,NPR,262363.18,,Quarterly interest credit,False
7000286,100016,2026-08-03,12:15:00,Transfer In,Internet Banking,5309.58,NPR,267672.76,,Incoming fund transfer,False
7000294,100016,2026-08-08,18:15:00,Deposit,Mobile App,21837.46,NPR,289510.22,Self,Cash deposit at branch counter,False
7000285,100016,2026-08-19,16:00:00,Deposit,ATM,64158.52,NPR,353668.74,Self,Cash deposit at branch counter,False
7000309,100017,2025-12-22,12:45:00,Loan EMI,Internet Banking,9803.28,NPR,9874.18,,Loan EMI auto-debit,False
7000308,100017,2025-12-27,17:15:00,Loan EMI,Internet Banking,43189.6,NPR,-33315.42,,Loan EMI auto-debit,False
7000303,100017,2026-01-16,09:30:00,Transfer In,Internet Banking,48604.97,NPR,15289.55,,Incoming fund transfer,False
7000307,100017,2026-01-26,16:15:00,Interest Credit,Branch,31335.84,NPR,46625.39,,Quarterly interest credit,False
7000322,100017,2026-02-11,16:00:00,Transfer In,IVR,29969.94,NPR,76595.33,,Incoming fund transfer,False
7000316,100017,2026-03-02,12:15:00,Transfer In,IVR,29462.36,NPR,106057.69,,Incoming fund transfer,False
7000323,100017,2026-03-18,06:00:00,Transfer In,Branch,35533.9,NPR,141591.59,,Incoming fund transfer,False
7000310,100017,2026-04-04,20:15:00,Interest Credit,ATM,24693.33,NPR,166284.92,,Quarterly interest credit,False
7000321,100017,2026-04-13,20:15:00,Transfer Out,IVR,5833.02,NPR,160451.9,,Outgoing fund transfer,False
7000300,100017,2026-04-19,06:00:00,Fee,IVR,1313.22,NPR,159138.68,,Monthly account maintenance fee,False
7000297,100017,2026-04-20,18:45:00,POS Purchase,Branch,11846.02,NPR,147292.66,Amazon,Point-of-sale card purchase,False
7000302,100017,2026-04-30,17:30:00,Loan EMI,Internet Banking,22133.6,NPR,125159.06,,Loan EMI auto-debit,False
7000296,100017,2026-05-04,14:45:00,Deposit,Mobile App,75698.68,NPR,200857.74,Self,Cash deposit at branch counter,False
7000313,100017,2026-05-09,11:15:00,Transfer Out,IVR,11409.85,NPR,189447.89,,Outgoing fund transfer,False
7000315,100017,2026-05-11,21:00:00,Fee,IVR,824.6,NPR,188623.29,,Monthly account maintenance fee,False
7000318,100017,2026-05-11,09:00:00,POS Purchase,Branch,11642.08,NPR,176981.21,Amazon,Point-of-sale card purchase,False
7000319,100017,2026-05-22,14:00:00,Deposit,POS,88734.73,NPR,265715.94,Self,Cash deposit at branch counter,False
7000298,100017,2026-05-24,21:45:00,Transfer Out,POS,40695.99,NPR,225019.95,,Outgoing fund transfer,False
7000305,100017,2026-05-25,14:30:00,Interest Credit,POS,58484.93,NPR,283504.88,,Quarterly interest credit,False
7000306,100017,2026-05-29,09:30:00,Withdrawal,Mobile App,62098.41,NPR,221406.47,Self,ATM cash withdrawal,False
7000312,100017,2026-06-14,21:45:00,Interest Credit,Branch,38261.06,NPR,259667.53,,Quarterly interest credit,False
7000317,100017,2026-06-30,17:45:00,POS Purchase,POS,9987.28,NPR,249680.25,Foodmandu,Point-of-sale card purchase,False
7000299,100017,2026-07-14,20:00:00,Transfer In,Mobile App,90845.26,NPR,340525.51,,Incoming fund transfer,False
7000314,100017,2026-07-17,11:30:00,Fee,ATM,984.62,NPR,339540.89,,Monthly account maintenance fee,False
7000311,100017,2026-07-18,18:15:00,Interest Credit,Branch,69736.4,NPR,409277.29,,Quarterly interest credit,False
7000304,100017,2026-07-30,18:30:00,Fee,ATM,834.54,NPR,408442.75,,Monthly account maintenance fee,False
7000301,100017,2026-08-10,06:45:00,Withdrawal,Mobile App,6095.45,NPR,402347.3,Self,ATM cash withdrawal,False
7000320,100017,2026-08-10,06:00:00,Transfer In,POS,78682.59,NPR,481029.89,,Incoming fund transfer,False
7000331,100018,2026-07-31,17:45:00,POS Purchase,IVR,7546.64,NPR,114900.78,,Point-of-sale card purchase,False
7000332,100018,2026-08-05,18:15:00,Transfer Out,IVR,22713.75,NPR,92187.03,,Outgoing fund transfer,False
7000326,100018,2026-08-07,21:15:00,Fee,IVR,496.45,NPR,91690.58,,Monthly account maintenance fee,False
7000328,100018,2026-08-07,22:15:00,Transfer Out,IVR,18419.5,NPR,73271.08,,Outgoing fund transfer,False
7000325,100018,2026-08-14,06:00:00,Transfer Out,Mobile App,39268.81,NPR,34002.27,,Outgoing fund transfer,False
7000330,100018,2026-08-14,20:30:00,Transfer Out,Mobile App,62022.7,NPR,-28020.43,,Outgoing fund transfer,False
7000324,100018,2026-08-22,15:00:00,Transfer In,Mobile App,27936.8,NPR,-83.63,,Incoming fund transfer,False
7000327,100018,2026-08-22,18:45:00,Loan EMI,Internet Banking,25797.9,NPR,-25881.53,,Loan EMI auto-debit,False
7000329,100018,2026-08-22,13:00:00,Transfer In,Branch,29172.34,NPR,3290.81,,Incoming fund transfer,False
7000336,100019,2025-10-25,15:30:00,Loan EMI,Internet Banking,39637.57,NPR,350963.21,,Loan EMI auto-debit,False
7000338,100019,2025-12-12,19:45:00,Fee,IVR,1190.23,NPR,349772.98,,Monthly account maintenance fee,False
7000343,100019,2025-12-14,07:00:00,POS Purchase,ATM,348.16,NPR,349424.82,IME Remit,Point-of-sale card purchase,False
7000350,100019,2025-12-22,20:45:00,Deposit,Branch,31416.26,NPR,380841.08,Self,Cash deposit at branch counter,False
7000335,100019,2025-12-26,12:30:00,Interest Credit,Internet Banking,45931.46,NPR,426772.54,,Quarterly interest credit,False
7000346,100019,2026-01-11,09:00:00,Fee,IVR,416.08,NPR,426356.46,,Monthly account maintenance fee,False
7000342,100019,2026-01-15,12:45:00,Transfer Out,POS,30982.9,NPR,395373.56,,Outgoing fund transfer,False
7000340,100019,2026-01-21,10:30:00,Loan EMI,Internet Banking,24401.55,NPR,370972.01,,Loan EMI auto-debit,False
7000354,100019,2026-01-24,12:00:00,Fee,Internet Banking,1250.54,NPR,369721.47,,Monthly account maintenance fee,False
7000347,100019,2026-02-03,14:30:00,Deposit,Branch,23749.34,NPR,393470.81,Self,Cash deposit at branch counter,False
7000344,100019,2026-02-13,15:15:00,Loan EMI,Internet Banking,38700.49,NPR,354770.32,,Loan EMI auto-debit,False
7000349,100019,2026-02-16,09:15:00,POS Purchase,IVR,4552.82,NPR,350217.5,Salary Employer Pvt Ltd,Point-of-sale card purchase,False
7000351,100019,2026-02-17,16:45:00,Deposit,Branch,20014.4,NPR,370231.9,Self,Cash deposit at branch counter,False
7000348,100019,2026-03-08,06:30:00,Withdrawal,Mobile App,31910.32,NPR,338321.58,Self,ATM cash withdrawal,False
7000345,100019,2026-04-20,08:15:00,Transfer In,Internet Banking,35432.29,NPR,373753.87,,Incoming fund transfer,False
7000334,100019,2026-04-23,14:30:00,Transfer Out,Branch,37206.39,NPR,336547.48,,Outgoing fund transfer,False
7000356,100019,2026-05-01,06:00:00,Withdrawal,Internet Banking,58467.85,NPR,278079.63,Self,ATM cash withdrawal,False
7000333,100019,2026-05-30,12:15:00,Transfer In,Internet Banking,87277.92,NPR,365357.55,,Incoming fund transfer,False
7000341,100019,2026-06-04,09:15:00,Transfer Out,ATM,25341.84,NPR,340015.71,,Outgoing fund transfer,False
7000339,100019,2026-06-05,09:15:00,Loan EMI,Internet Banking,10942,NPR,329073.71,,Loan EMI auto-debit,False
7000355,100019,2026-06-18,22:00:00,Transfer Out,ATM,61941.3,NPR,267132.41,,Outgoing fund transfer,False
7000353,100019,2026-07-14,19:45:00,Withdrawal,IVR,48674.62,NPR,218457.79,Self,ATM cash withdrawal,False
7000352,100019,2026-07-25,15:45:00,Loan EMI,Internet Banking,19483.23,NPR,198974.56,,Loan EMI auto-debit,False
7000337,100019,2026-08-03,10:15:00,Transfer In,POS,52579.31,NPR,251553.87,,Incoming fund transfer,False
7000361,100020,2024-03-10,08:30:00,Interest Credit,IVR,12350.52,NPR,502118.84,,Quarterly interest credit,False
7000371,100020,2024-05-05,08:00:00,Transfer Out,Internet Banking,36543.16,NPR,465575.68,,Outgoing fund transfer,False
7000366,100020,2025-03-21,12:30:00,Withdrawal,Internet Banking,60175.63,NPR,405400.05,Self,ATM cash withdrawal,False
7000369,100020,2025-03-27,14:30:00,Transfer In,POS,37149.1,NPR,442549.15,,Incoming fund transfer,False
7000360,100020,2025-03-28,22:15:00,Loan EMI,Internet Banking,33247.19,NPR,409301.96,,Loan EMI auto-debit,False
7000365,100020,2025-06-19,20:45:00,Withdrawal,Internet Banking,30265.61,NPR,379036.35,Self,ATM cash withdrawal,False
7000368,100020,2025-08-23,14:15:00,Withdrawal,Internet Banking,2934.15,NPR,376102.2,Self,ATM cash withdrawal,False
7000370,100020,2025-09-09,10:30:00,Transfer In,Internet Banking,49424.87,NPR,425527.07,,Incoming fund transfer,False
7000364,100020,2025-09-22,19:00:00,Transfer In,POS,37641.7,NPR,463168.77,,Incoming fund transfer,False
7000357,100020,2025-10-09,10:30:00,POS Purchase,ATM,2020.04,NPR,461148.73,IME Remit,Point-of-sale card purchase,False
7000367,100020,2025-10-23,22:30:00,POS Purchase,Internet Banking,8587.44,NPR,452561.29,Salary Employer Pvt Ltd,Point-of-sale card purchase,False
7000359,100020,2025-11-03,15:00:00,Loan EMI,Internet Banking,3107.68,NPR,449453.61,,Loan EMI auto-debit,False
7000372,100020,2025-11-10,20:00:00,POS Purchase,Mobile App,11000.12,NPR,438453.49,Khalti,Point-of-sale card purchase,False
7000358,100020,2025-12-30,12:15:00,Loan EMI,Internet Banking,29692.97,NPR,408760.52,,Loan EMI auto-debit,False
7000363,100020,2026-01-18,06:30:00,Withdrawal,Mobile App,41826.85,NPR,366933.67,Self,ATM cash withdrawal,False
7000362,100020,2026-03-20,11:00:00,Deposit,POS,28195.04,NPR,395128.71,Self,Cash deposit at branch counter,False
7000374,100021,2024-05-09,06:00:00,Interest Credit,Branch,75893.81,NPR,88390.6,,Quarterly interest credit,False
7000376,100021,2024-05-20,20:30:00,Withdrawal,Internet Banking,18967.25,NPR,69423.35,Self,ATM cash withdrawal,False
7000380,100021,2024-07-10,15:45:00,Fee,Branch,882.92,NPR,68540.43,,Monthly account maintenance fee,False
7000381,100021,2024-11-02,22:00:00,Interest Credit,IVR,52382.47,NPR,120922.9,,Quarterly interest credit,False
7000377,100021,2024-11-16,09:45:00,Transfer Out,Branch,54605.18,NPR,66317.72,,Outgoing fund transfer,False
7000383,100021,2024-11-20,15:30:00,Withdrawal,POS,33169.03,NPR,33148.69,Self,ATM cash withdrawal,False
7000373,100021,2025-02-18,06:45:00,Withdrawal,IVR,19739.91,NPR,13408.78,Self,ATM cash withdrawal,False
7000375,100021,2025-05-30,08:15:00,Transfer In,Branch,21288.48,NPR,34697.26,,Incoming fund transfer,False
7000379,100021,2025-08-08,14:45:00,Withdrawal,POS,45142.74,NPR,-10445.48,Self,ATM cash withdrawal,False
7000378,100021,2025-09-03,09:45:00,Fee,Branch,134.68,NPR,-10580.16,,Monthly account maintenance fee,False
7000382,100021,2026-03-31,13:30:00,Withdrawal,Mobile App,33660.31,NPR,-44240.47,Self,ATM cash withdrawal,False
7000387,100022,2025-10-27,12:45:00,Transfer In,POS,24763.92,NPR,24763.92,,Incoming fund transfer,False
7000384,100022,2025-11-23,14:15:00,Transfer Out,POS,59411.58,NPR,-34647.66,,Outgoing fund transfer,False
7000386,100022,2026-06-14,08:30:00,Transfer In,Branch,76978.93,NPR,42331.27,,Incoming fund transfer,False
7000385,100022,2026-08-21,12:15:00,Loan EMI,Internet Banking,22535.4,NPR,19795.87,,Loan EMI auto-debit,False
7000398,100023,2026-04-22,13:45:00,Loan EMI,Internet Banking,6944.81,NPR,72272.8,,Loan EMI auto-debit,False
7000392,100023,2026-05-01,08:15:00,POS Purchase,ATM,10093.38,NPR,62179.42,Amazon,Point-of-sale card purchase,False
7000405,100023,2026-05-01,14:30:00,Withdrawal,IVR,21796.91,NPR,40382.51,Self,ATM cash withdrawal,False
7000389,100023,2026-05-03,18:45:00,Loan EMI,Internet Banking,40632.33,NPR,-249.82,,Loan EMI auto-debit,False
7000388,100023,2026-05-16,11:45:00,Transfer In,Branch,28674.09,NPR,28424.27,,Incoming fund transfer,False
7000401,100023,2026-05-23,06:45:00,Deposit,POS,72685.34,NPR,101109.61,Self,Cash deposit at branch counter,False
7000407,100023,2026-06-05,10:15:00,Withdrawal,ATM,52621.29,NPR,48488.32,Self,ATM cash withdrawal,False
7000394,100023,2026-06-06,22:15:00,Transfer In,ATM,16344.44,NPR,64832.76,,Incoming fund transfer,False
7000390,100023,2026-06-11,15:45:00,Loan EMI,Internet Banking,18733.33,NPR,46099.43,,Loan EMI auto-debit,False
7000408,100023,2026-06-14,12:30:00,Transfer In,Mobile App,46936.76,NPR,93036.19,,Incoming fund transfer,False
7000399,100023,2026-06-22,20:45:00,Fee,Branch,85.22,NPR,92950.97,,Monthly account maintenance fee,False
7000400,100023,2026-06-24,07:30:00,Withdrawal,ATM,29256.78,NPR,63694.19,Self,ATM cash withdrawal,False
7000393,100023,2026-06-29,15:30:00,Interest Credit,Internet Banking,84772.11,NPR,148466.3,,Quarterly interest credit,True
7000396,100023,2026-07-04,12:45:00,Interest Credit,Mobile App,28888.62,NPR,177354.92,,Quarterly interest credit,False
7000404,100023,2026-07-05,07:30:00,Transfer Out,Mobile App,36925.67,NPR,140429.25,,Outgoing fund transfer,False
7000395,100023,2026-07-17,10:15:00,POS Purchase,POS,10398.2,NPR,130031.05,Foodmandu,Point-of-sale card purchase,False
7000391,100023,2026-08-01,10:30:00,Loan EMI,Internet Banking,10892.69,NPR,119138.36,,Loan EMI auto-debit,False
7000402,100023,2026-08-02,20:30:00,Transfer In,POS,14835.37,NPR,133973.73,,Incoming fund transfer,False
7000403,100023,2026-08-02,16:45:00,Interest Credit,Branch,15438.28,NPR,149412.01,,Quarterly interest credit,False
7000397,100023,2026-08-11,06:45:00,Deposit,Internet Banking,21048.87,NPR,170460.88,Self,Cash deposit at branch counter,False
7000406,100023,2026-08-14,20:30:00,Loan EMI,Internet Banking,21877.97,NPR,148582.91,,Loan EMI auto-debit,False
7000409,100023,2026-08-23,07:15:00,POS Purchase,IVR,9548.4,NPR,139034.51,Foodmandu,Point-of-sale card purchase,False
7000431,100024,2024-05-05,18:00:00,POS Purchase,ATM,11246.03,NPR,251747.94,Bhat-Bhateni Supermarket,Point-of-sale card purchase,False
7000410,100024,2024-05-20,21:45:00,Withdrawal,Branch,29525.17,NPR,222222.77,Self,ATM cash withdrawal,False
7000422,100024,2024-06-26,07:30:00,Loan EMI,Internet Banking,15430.65,NPR,206792.12,,Loan EMI auto-debit,False
7000430,100024,2024-09-08,06:30:00,POS Purchase,Mobile App,10153.81,NPR,196638.31,Self,Point-of-sale card purchase,False
7000429,100024,2024-11-21,17:15:00,Withdrawal,Internet Banking,28669.56,NPR,167968.75,Self,ATM cash withdrawal,False
7000426,100024,2025-02-04,07:15:00,Transfer In,IVR,67479.96,NPR,235448.71,,Incoming fund transfer,False
7000414,100024,2025-02-19,09:00:00,Transfer Out,Branch,64139.25,NPR,171309.46,,Outgoing fund transfer,False
7000412,100024,2025-02-23,19:45:00,Transfer Out,Internet Banking,19953.59,NPR,151355.87,,Outgoing fund transfer,False
7000417,100024,2025-05-06,21:45:00,Fee,Branch,950.03,NPR,150405.84,,Monthly account maintenance fee,False
7000411,100024,2025-05-10,07:45:00,Withdrawal,ATM,15232.36,NPR,135173.48,Self,ATM cash withdrawal,False
7000424,100024,2025-06-27,10:45:00,Loan EMI,Internet Banking,40075.75,NPR,95097.73,,Loan EMI auto-debit,False
7000418,100024,2025-07-29,09:45:00,Withdrawal,IVR,6547.67,NPR,88550.06,Self,ATM cash withdrawal,False
7000423,100024,2025-09-20,18:00:00,Fee,POS,390.54,NPR,88159.52,,Monthly account maintenance fee,False
7000416,100024,2025-11-02,06:45:00,Withdrawal,Mobile App,24727.84,NPR,63431.68,Self,ATM cash withdrawal,False
7000425,100024,2025-12-22,15:00:00,Fee,Branch,1358.6,NPR,62073.08,,Monthly account maintenance fee,False
7000413,100024,2026-01-03,19:15:00,Deposit,Branch,83831.59,NPR,145904.67,Self,Cash deposit at branch counter,True
7000427,100024,2026-01-05,13:45:00,Deposit,Mobile App,15815.74,NPR,161720.41,Self,Cash deposit at branch counter,False
7000428,100024,2026-04-15,16:15:00,Transfer Out,POS,45868.68,NPR,115851.73,,Outgoing fund transfer,False
7000419,100024,2026-06-10,06:00:00,Loan EMI,Internet Banking,24194.63,NPR,91657.1,,Loan EMI auto-debit,False
7000421,100024,2026-07-06,17:45:00,Deposit,ATM,45187.5,NPR,136844.6,Self,Cash deposit at branch counter,False
7000415,100024,2026-08-09,21:30:00,Loan EMI,Internet Banking,38133.86,NPR,98710.74,,Loan EMI auto-debit,False
7000420,100024,2026-08-21,19:30:00,POS Purchase,Mobile App,9236.88,NPR,89473.86,Bhat-Bhateni Supermarket,Point-of-sale card purchase,False
7000444,100025,2024-02-01,13:45:00,Withdrawal,ATM,25917.99,NPR,78674.31,Self,ATM cash withdrawal,False
7000435,100025,2024-02-25,11:45:00,Deposit,Mobile App,82423.61,NPR,161097.92,Self,Cash deposit at branch counter,True
7000432,100025,2024-03-13,15:00:00,Interest Credit,ATM,14969.16,NPR,176067.08,,Quarterly interest credit,False
7000440,100025,2024-04-10,20:15:00,Interest Credit,IVR,70422.56,NPR,246489.64,,Quarterly interest credit,False
7000441,100025,2024-04-19,11:15:00,POS Purchase,Internet Banking,1250.5,NPR,245239.14,Foodmandu,Point-of-sale card purchase,False
7000438,100025,2024-05-18,10:15:00,Transfer In,Mobile App,58469.11,NPR,303708.25,,Incoming fund transfer,False
7000434,100025,2024-08-09,15:15:00,Withdrawal,ATM,57697.15,NPR,246011.1,Self,ATM cash withdrawal,False
7000443,100025,2024-09-09,19:45:00,Transfer In,Branch,43212.75,NPR,289223.85,,Incoming fund transfer,False
7000446,100025,2024-10-26,09:15:00,Withdrawal,Mobile App,27324.79,NPR,261899.06,Self,ATM cash withdrawal,False
7000447,100025,2024-11-29,12:45:00,Loan EMI,Internet Banking,21662.26,NPR,240236.8,,Loan EMI auto-debit,False
7000448,100025,2025-01-23,09:45:00,Fee,Branch,952.63,NPR,239284.17,,Monthly account maintenance fee,False
7000449,100025,2025-08-03,14:45:00,Withdrawal,Internet Banking,28971.94,NPR,210312.23,Self,ATM cash withdrawal,False
7000439,100025,2025-11-20,06:30:00,Deposit,ATM,82970,NPR,293282.23,Self,Cash deposit at branch counter,False
7000445,100025,2026-03-14,10:45:00,Interest Credit,Mobile App,43222.94,NPR,336505.17,,Quarterly interest credit,False
7000436,100025,2026-05-03,16:45:00,Interest Credit,ATM,12466.3,NPR,348971.47,,Quarterly interest credit,False
7000437,100025,2026-05-19,14:30:00,Transfer In,Internet Banking,64330.07,NPR,413301.54,,Incoming fund transfer,False
7000433,100025,2026-05-23,10:45:00,Withdrawal,POS,52135.79,NPR,361165.75,Self,ATM cash withdrawal,False
7000442,100025,2026-08-13,18:00:00,Withdrawal,Branch,48986.05,NPR,312179.7,Self,ATM cash withdrawal,False
7000451,100026,2024-03-30,16:45:00,Transfer Out,Internet Banking,31380.85,NPR,472375.92,,Outgoing fund transfer,False
7000458,100026,2024-06-23,15:45:00,Withdrawal,ATM,41473.7,NPR,430902.22,Self,ATM cash withdrawal,False
7000450,100026,2024-07-07,11:45:00,Loan EMI,Internet Banking,12729.44,NPR,418172.78,,Loan EMI auto-debit,False
7000462,100026,2024-11-24,19:30:00,Transfer In,POS,89230.51,NPR,507403.29,,Incoming fund transfer,True
7000465,100026,2025-01-23,13:45:00,Interest Credit,ATM,74378.46,NPR,581781.75,,Quarterly interest credit,False
7000453,100026,2025-02-02,15:30:00,Transfer In,ATM,39085.03,NPR,620866.78,,Incoming fund transfer,False
7000463,100026,2025-04-22,20:00:00,Fee,Internet Banking,507.34,NPR,620359.44,,Monthly account maintenance fee,False
7000460,100026,2025-04-26,15:00:00,Interest Credit,Branch,10384.5,NPR,630743.94,,Quarterly interest credit,False
7000459,100026,2025-05-22,20:45:00,Transfer Out,IVR,24279.38,NPR,606464.56,,Outgoing fund transfer,False
7000452,100026,2025-10-15,08:45:00,Withdrawal,IVR,41448.69,NPR,565015.87,Self,ATM cash withdrawal,False
7000464,100026,2025-10-21,11:00:00,POS Purchase,IVR,6206.09,NPR,558809.78,Bhat-Bhateni Supermarket,Point-of-sale card purchase,False
7000455,100026,2026-01-08,19:00:00,Fee,Branch,775.41,NPR,558034.37,,Monthly account maintenance fee,False
7000457,100026,2026-05-03,19:15:00,Loan EMI,Internet Banking,3847.56,NPR,554186.81,,Loan EMI auto-debit,False
7000461,100026,2026-05-11,17:45:00,POS Purchase,Internet Banking,11792.08,NPR,542394.73,Amazon,Point-of-sale card purchase,False
7000454,100026,2026-07-22,10:15:00,POS Purchase,POS,5697.45,NPR,536697.28,IME Remit,Point-of-sale card purchase,False
7000456,100026,2026-08-09,17:15:00,Fee,Internet Banking,827.56,NPR,535869.72,,Monthly account maintenance fee,False
7000477,100027,2024-12-25,18:30:00,Withdrawal,Branch,37480.53,NPR,245514.68,Self,ATM cash withdrawal,False
7000469,100027,2025-01-28,07:45:00,Withdrawal,Mobile App,5307.49,NPR,240207.19,Self,ATM cash withdrawal,False
7000467,100027,2025-03-19,15:30:00,Transfer Out,POS,24846.8,NPR,215360.39,,Outgoing fund transfer,False
7000468,100027,2025-05-09,19:15:00,Withdrawal,IVR,36055.51,NPR,179304.88,Self,ATM cash withdrawal,False
7000471,100027,2025-06-18,17:15:00,POS Purchase,Internet Banking,2037.94,NPR,177266.94,Local ATM Withdrawal,Point-of-sale card purchase,False
7000478,100027,2025-07-16,12:45:00,POS Purchase,IVR,5308.1,NPR,171958.84,eSewa,Point-of-sale card purchase,False
7000480,100027,2025-09-06,10:45:00,Deposit,IVR,27893.87,NPR,199852.71,Self,Cash deposit at branch counter,False
7000481,100027,2025-10-02,11:15:00,Transfer Out,POS,34876.91,NPR,164975.8,,Outgoing fund transfer,False
7000474,100027,2025-11-06,19:30:00,Transfer Out,Internet Banking,1035.36,NPR,163940.44,,Outgoing fund transfer,False
7000476,100027,2025-12-08,17:45:00,Transfer Out,Internet Banking,36556.08,NPR,127384.36,,Outgoing fund transfer,False
7000470,100027,2025-12-30,14:15:00,Fee,ATM,696.24,NPR,126688.12,,Monthly account maintenance fee,False
7000482,100027,2026-01-26,15:30:00,Fee,Branch,547.31,NPR,126140.81,,Monthly account maintenance fee,False
7000479,100027,2026-04-09,16:45:00,Deposit,ATM,73308.79,NPR,199449.6,Self,Cash deposit at branch counter,False
7000475,100027,2026-05-10,13:30:00,Fee,IVR,386.84,NPR,199062.76,,Monthly account maintenance fee,False
7000473,100027,2026-06-13,16:45:00,Fee,Branch,392.45,NPR,198670.31,,Monthly account maintenance fee,False
7000466,100027,2026-06-18,08:15:00,POS Purchase,Branch,5000.65,NPR,193669.66,Bhat-Bhateni Supermarket,Point-of-sale card purchase,False
7000472,100027,2026-07-13,15:30:00,Loan EMI,Internet Banking,5736.07,NPR,187933.59,,Loan EMI auto-debit,False
7000484,100028,2024-04-08,19:30:00,Transfer In,POS,28961.81,NPR,154509.46,,Incoming fund transfer,False
7000494,100028,2024-05-13,17:45:00,Transfer Out,Internet Banking,34907.27,NPR,119602.19,,Outgoing fund transfer,False
7000483,100028,2024-06-26,09:30:00,Transfer In,Mobile App,39440.82,NPR,159043.01,,Incoming fund transfer,False
7000496,100028,2024-07-11,08:30:00,POS Purchase,Mobile App,684.84,NPR,158358.17,Bhat-Bhateni Supermarket,Point-of-sale card purchase,False
7000486,100028,2024-08-15,12:45:00,Deposit,Mobile App,31494.12,NPR,189852.29,Self,Cash deposit at branch counter,False
7000489,100028,2024-12-16,19:30:00,Interest Credit,ATM,11533.99,NPR,201386.28,,Quarterly interest credit,False
7000491,100028,2024-12-17,14:15:00,Deposit,POS,40085.78,NPR,241472.06,Self,Cash deposit at branch counter,False
7000492,100028,2025-05-25,14:00:00,POS Purchase,ATM,4055.47,NPR,237416.59,NEA Bill Pay,Point-of-sale card purchase,False
7000488,100028,2025-06-09,17:00:00,Deposit,Mobile App,85490.45,NPR,322907.04,Self,Cash deposit at branch counter,True
7000490,100028,2025-08-15,15:30:00,Withdrawal,Internet Banking,60110.55,NPR,262796.49,Self,ATM cash withdrawal,False
7000495,100028,2025-11-12,13:45:00,Interest Credit,IVR,5681.65,NPR,268478.14,,Quarterly interest credit,False
7000487,100028,2026-07-08,15:30:00,Fee,IVR,546.2,NPR,267931.94,,Monthly account maintenance fee,False
7000493,100028,2026-08-05,07:15:00,Transfer Out,ATM,16252.55,NPR,251679.39,,Outgoing fund transfer,False
7000485,100028,2026-08-18,16:30:00,POS Purchase,IVR,10722.45,NPR,240956.94,Amazon,Point-of-sale card purchase,False
7000510,100029,2024-07-18,14:15:00,Transfer In,IVR,85303.29,NPR,161621.28,,Incoming fund transfer,False
7000502,100029,2024-10-02,16:30:00,Transfer In,POS,18254.31,NPR,179875.59,,Incoming fund transfer,False
7000509,100029,2024-11-06,12:15:00,Fee,ATM,718.9,NPR,179156.69,,Monthly account maintenance fee,False
7000505,100029,2024-12-29,12:30:00,Deposit,Branch,46581.87,NPR,225738.56,Self,Cash deposit at branch counter,False
7000506,100029,2024-12-29,08:00:00,Loan EMI,Internet Banking,43920.39,NPR,181818.17,,Loan EMI auto-debit,False
7000508,100029,2025-03-28,14:00:00,Fee,Internet Banking,1378.29,NPR,180439.88,,Monthly account maintenance fee,False
7000498,100029,2025-07-10,16:45:00,Transfer In,ATM,12198.75,NPR,192638.63,,Incoming fund transfer,False
7000503,100029,2025-08-14,07:30:00,Withdrawal,POS,6956.18,NPR,185682.45,Self,ATM cash withdrawal,False
7000511,100029,2025-08-17,19:00:00,POS Purchase,Branch,4438.04,NPR,181244.41,Salary Employer Pvt Ltd,Point-of-sale card purchase,False
7000515,100029,2025-10-03,09:15:00,Withdrawal,Mobile App,60296.81,NPR,120947.6,Self,ATM cash withdrawal,False
7000504,100029,2025-10-06,16:30:00,Loan EMI,Internet Banking,22806.28,NPR,98141.32,,Loan EMI auto-debit,False
7000499,100029,2025-10-23,12:30:00,Withdrawal,Internet Banking,22098.41,NPR,76042.91,Self,ATM cash withdrawal,False
7000497,100029,2025-10-30,11:00:00,Withdrawal,POS,9849.46,NPR,66193.45,Self,ATM cash withdrawal,False
7000500,100029,2025-11-05,22:00:00,Deposit,ATM,84667.99,NPR,150861.44,Self,Cash deposit at branch counter,True
7000513,100029,2025-11-06,10:45:00,Transfer In,ATM,73302.4,NPR,224163.84,,Incoming fund transfer,False
7000512,100029,2025-11-12,07:45:00,Withdrawal,IVR,62000.93,NPR,162162.91,Self,ATM cash withdrawal,False
7000514,100029,2025-11-17,08:15:00,Transfer In,Internet Banking,83256.37,NPR,245419.28,,Incoming fund transfer,True
7000507,100029,2026-03-02,21:45:00,Deposit,POS,12184,NPR,257603.28,Self,Cash deposit at branch counter,False
7000501,100029,2026-08-21,09:30:00,POS Purchase,ATM,11599.61,NPR,246003.67,Khalti,Point-of-sale card purchase,False
7000517,100030,2024-05-06,07:00:00,Transfer Out,ATM,3250.5,NPR,184699.82,,Outgoing fund transfer,False
7000523,100030,2024-05-12,19:00:00,Deposit,IVR,31452.98,NPR,216152.8,Self,Cash deposit at branch counter,False
7000516,100030,2024-05-20,13:30:00,Transfer Out,Mobile App,1275.03,NPR,214877.77,,Outgoing fund transfer,False
7000520,100030,2024-06-20,16:00:00,POS Purchase,POS,652.88,NPR,214224.89,NEA Bill Pay,Point-of-sale card purchase,False
7000531,100030,2024-08-27,09:30:00,Withdrawal,Mobile App,12266.1,NPR,201958.79,Self,ATM cash withdrawal,False
7000524,100030,2024-09-02,17:45:00,Loan EMI,Internet Banking,26561.33,NPR,175397.46,,Loan EMI auto-debit,False
7000537,100030,2024-09-13,11:30:00,Withdrawal,POS,26795.7,NPR,148601.76,Self,ATM cash withdrawal,False
7000526,100030,2024-11-27,21:45:00,Deposit,Internet Banking,68597.19,NPR,217198.95,Self,Cash deposit at branch counter,False
7000535,100030,2024-12-16,20:15:00,POS Purchase,Mobile App,2725.75,NPR,214473.2,Daraz,Point-of-sale card purchase,False
7000534,100030,2025-02-22,09:15:00,Loan EMI,Internet Banking,13482.33,NPR,200990.87,,Loan EMI auto-debit,False
7000525,100030,2025-03-13,08:45:00,Transfer In,Mobile App,24964.88,NPR,225955.75,,Incoming fund transfer,False
7000521,100030,2025-03-27,16:15:00,Transfer Out,IVR,7109.48,NPR,218846.27,,Outgoing fund transfer,False
7000538,100030,2025-04-03,12:15:00,Deposit,POS,11976.2,NPR,230822.47,Self,Cash deposit at branch counter,False
7000518,100030,2025-05-10,12:45:00,POS Purchase,IVR,10453.59,NPR,220368.88,Local ATM Withdrawal,Point-of-sale card purchase,False
7000539,100030,2025-07-02,14:30:00,Fee,POS,946.65,NPR,219422.23,,Monthly account maintenance fee,False
7000527,100030,2025-08-29,13:00:00,Transfer In,Branch,11568.14,NPR,230990.37,,Incoming fund transfer,False
7000522,100030,2025-11-02,21:45:00,Deposit,Branch,25695.17,NPR,256685.54,Self,Cash deposit at branch counter,False
7000533,100030,2025-11-12,09:00:00,POS Purchase,POS,7022.63,NPR,249662.91,Foodmandu,Point-of-sale card purchase,False
7000519,100030,2026-02-07,10:45:00,Fee,ATM,1107.21,NPR,248555.7,,Monthly account maintenance fee,False
7000530,100030,2026-04-25,20:45:00,Fee,Internet Banking,1062.37,NPR,247493.33,,Monthly account maintenance fee,False
7000528,100030,2026-06-13,15:45:00,Transfer In,IVR,5069.22,NPR,252562.55,,Incoming fund transfer,False
7000529,100030,2026-07-20,13:45:00,Interest Credit,ATM,5731.48,NPR,258294.03,,Quarterly interest credit,False
7000532,100030,2026-07-25,12:00:00,POS Purchase,Branch,1869.59,NPR,256424.44,Salary Employer Pvt Ltd,Point-of-sale card purchase,False
7000536,100030,2026-08-25,16:00:00,Interest Credit,Branch,69086.43,NPR,325510.87,,Quarterly interest credit,False
7000551,100031,2024-01-24,22:00:00,Deposit,Mobile App,15776.06,NPR,316954.68,Self,Cash deposit at branch counter,False
7000561,100031,2024-01-27,10:30:00,Transfer In,ATM,57291.76,NPR,374246.44,,Incoming fund transfer,False
7000560,100031,2024-02-12,06:30:00,Transfer In,Branch,35501.32,NPR,409747.76,,Incoming fund transfer,False
7000549,100031,2024-04-21,21:30:00,Transfer Out,POS,53521.21,NPR,356226.55,,Outgoing fund transfer,False
7000564,100031,2024-05-17,18:15:00,Transfer In,Internet Banking,42772.38,NPR,398998.93,,Incoming fund transfer,False
7000547,100031,2024-06-30,14:00:00,Transfer In,IVR,61251.69,NPR,460250.62,,Incoming fund transfer,False
7000548,100031,2024-07-09,14:00:00,Loan EMI,Internet Banking,5895.68,NPR,454354.94,,Loan EMI auto-debit,False
7000552,100031,2024-07-16,16:45:00,Loan EMI,Internet Banking,13169.96,NPR,441184.98,,Loan EMI auto-debit,False
7000541,100031,2024-08-05,12:45:00,POS Purchase,ATM,10911.54,NPR,430273.44,Khalti,Point-of-sale card purchase,False
7000555,100031,2024-10-07,13:00:00,Fee,Branch,445.09,NPR,429828.35,,Monthly account maintenance fee,False
7000550,100031,2024-10-25,07:00:00,Transfer Out,Mobile App,53644.06,NPR,376184.29,,Outgoing fund transfer,False
7000565,100031,2024-11-06,16:15:00,Transfer In,POS,36708.88,NPR,412893.17,,Incoming fund transfer,False
7000543,100031,2025-02-17,10:30:00,Fee,Internet Banking,1286.66,NPR,411606.51,,Monthly account maintenance fee,False
7000544,100031,2025-03-11,14:15:00,Deposit,IVR,78536.86,NPR,490143.37,Self,Cash deposit at branch counter,False
7000540,100031,2025-04-02,15:30:00,Fee,ATM,1184.34,NPR,488959.03,,Monthly account maintenance fee,False
7000559,100031,2025-06-10,19:45:00,Interest Credit,ATM,48937.3,NPR,537896.33,,Quarterly interest credit,False
7000558,100031,2025-08-14,06:15:00,Transfer In,Branch,83071.59,NPR,620967.92,,Incoming fund transfer,True
7000556,100031,2025-09-19,11:45:00,Withdrawal,POS,24944.94,NPR,596022.98,Self,ATM cash withdrawal,False
7000563,100031,2025-10-26,15:30:00,Loan EMI,Internet Banking,9522.29,NPR,586500.69,,Loan EMI auto-debit,False
7000545,100031,2025-11-29,10:15:00,Interest Credit,Mobile App,19811.71,NPR,606312.4,,Quarterly interest credit,False
7000546,100031,2025-12-16,22:15:00,Interest Credit,POS,77833.42,NPR,684145.82,,Quarterly interest credit,False
7000554,100031,2026-03-12,12:30:00,Interest Credit,Mobile App,84469.62,NPR,768615.44,,Quarterly interest credit,False
7000562,100031,2026-04-19,09:15:00,Fee,IVR,1284.07,NPR,767331.37,,Monthly account maintenance fee,False
7000553,100031,2026-05-18,09:45:00,Deposit,Mobile App,93284.69,NPR,860616.06,Self,Cash deposit at branch counter,False
7000542,100031,2026-06-16,11:45:00,Transfer In,Mobile App,20458.48,NPR,881074.54,,Incoming fund transfer,False
7000557,100031,2026-08-11,11:30:00,Interest Credit,IVR,25712.31,NPR,906786.85,,Quarterly interest credit,False
7000581,100032,2026-06-25,21:15:00,Interest Credit,IVR,67683.07,NPR,557129.33,,Quarterly interest credit,False
7000568,100032,2026-06-27,09:15:00,Loan EMI,Internet Banking,25604.94,NPR,531524.39,,Loan EMI auto-debit,False
7000580,100032,2026-06-29,20:15:00,POS Purchase,ATM,4461.63,NPR,527062.76,Amazon,Point-of-sale card purchase,False
7000571,100032,2026-06-30,22:00:00,POS Purchase,Mobile App,4175.72,NPR,522887.04,Local ATM Withdrawal,Point-of-sale card purchase,False
7000583,100032,2026-06-30,08:45:00,POS Purchase,Internet Banking,11000.57,NPR,511886.47,Daraz,Point-of-sale card purchase,False
7000577,100032,2026-07-01,13:15:00,Transfer Out,IVR,14804.73,NPR,497081.74,,Outgoing fund transfer,False
7000572,100032,2026-07-02,22:45:00,Interest Credit,IVR,33687.39,NPR,530769.13,,Quarterly interest credit,False
7000566,100032,2026-07-06,20:00:00,Interest Credit,POS,50376.5,NPR,581145.63,,Quarterly interest credit,False
7000576,100032,2026-07-08,20:00:00,Transfer Out,IVR,44262.66,NPR,536882.97,,Outgoing fund transfer,False
7000578,100032,2026-07-14,22:45:00,Loan EMI,Internet Banking,9562.82,NPR,527320.15,,Loan EMI auto-debit,False
7000575,100032,2026-07-18,08:15:00,Fee,POS,644.87,NPR,526675.28,,Monthly account maintenance fee,False
7000574,100032,2026-07-19,07:00:00,Withdrawal,Internet Banking,42765.73,NPR,483909.55,Self,ATM cash withdrawal,False
7000584,100032,2026-07-24,08:45:00,Interest Credit,Internet Banking,24952.92,NPR,508862.47,,Quarterly interest credit,False
7000567,100032,2026-07-27,16:30:00,Withdrawal,ATM,39695.1,NPR,469167.37,Self,ATM cash withdrawal,False
7000569,100032,2026-07-28,10:30:00,Loan EMI,Internet Banking,16327.33,NPR,452840.04,,Loan EMI auto-debit,False
7000579,100032,2026-07-30,16:30:00,POS Purchase,ATM,205.38,NPR,452634.66,Amazon,Point-of-sale card purchase,False
7000585,100032,2026-08-03,21:15:00,POS Purchase,POS,6434.18,NPR,446200.48,Self,Point-of-sale card purchase,False
7000582,100032,2026-08-07,17:00:00,Deposit,Internet Banking,45522.34,NPR,491722.82,Self,Cash deposit at branch counter,False
7000573,100032,2026-08-10,08:30:00,Interest Credit,ATM,42803.95,NPR,534526.77,,Quarterly interest credit,False
7000570,100032,2026-08-11,10:45:00,Withdrawal,IVR,22713.51,NPR,511813.26,Self,ATM cash withdrawal,False
7000588,100033,2026-03-31,06:45:00,Deposit,Branch,26143.72,NPR,26143.72,Self,Cash deposit at branch counter,False
7000586,100033,2026-04-03,10:45:00,Withdrawal,Mobile App,8213.86,NPR,17929.86,Self,ATM cash withdrawal,False
7000590,100033,2026-04-18,18:00:00,Transfer In,Mobile App,43269.29,NPR,61199.15,,Incoming fund transfer,False
7000589,100033,2026-08-11,18:30:00,Fee,POS,1026.96,NPR,60172.19,,Monthly account maintenance fee,False
7000587,100033,2026-08-21,13:30:00,Transfer Out,ATM,15659.74,NPR,44512.45,,Outgoing fund transfer,False
7000596,100034,2025-04-13,14:30:00,Withdrawal,Internet Banking,24385.99,NPR,127412.61,Self,ATM cash withdrawal,False
7000600,100034,2025-05-07,22:45:00,Interest Credit,ATM,55354.47,NPR,182767.08,,Quarterly interest credit,False
7000594,100034,2025-09-28,10:15:00,Interest Credit,Mobile App,86332.52,NPR,269099.6,,Quarterly interest credit,False
7000599,100034,2025-10-06,14:00:00,Deposit,Mobile App,39673.16,NPR,308772.76,Self,Cash deposit at branch counter,False
7000597,100034,2026-01-10,14:30:00,Fee,POS,87.04,NPR,308685.72,,Monthly account maintenance fee,False
7000598,100034,2026-02-01,18:30:00,Withdrawal,IVR,36214.7,NPR,272471.02,Self,ATM cash withdrawal,False
7000593,100034,2026-02-03,18:00:00,Deposit,Mobile App,33691.87,NPR,306162.89,Self,Cash deposit at branch counter,False
7000595,100034,2026-02-07,16:15:00,Deposit,Branch,80559.14,NPR,386722.03,Self,Cash deposit at branch counter,True
7000601,100034,2026-02-10,14:30:00,Withdrawal,Branch,59823.03,NPR,326899,Self,ATM cash withdrawal,False
7000592,100034,2026-06-30,09:30:00,POS Purchase,Mobile App,2232.52,NPR,324666.48,Self,Point-of-sale card purchase,False
7000591,100034,2026-08-10,22:00:00,POS Purchase,ATM,7452.17,NPR,317214.31,Amazon,Point-of-sale card purchase,False
7000607,100035,2024-02-12,10:15:00,Transfer Out,IVR,44407.33,NPR,745794.75,,Outgoing fund transfer,False
7000602,100035,2024-04-29,20:15:00,Transfer In,Internet Banking,70554.15,NPR,816348.9,,Incoming fund transfer,False
7000611,100035,2024-05-30,20:00:00,Transfer Out,Branch,15118.04,NPR,801230.86,,Outgoing fund transfer,False
7000610,100035,2024-10-14,12:00:00,Transfer Out,Internet Banking,38300.25,NPR,762930.61,,Outgoing fund transfer,False
7000606,100035,2025-01-26,15:45:00,POS Purchase,Internet Banking,2343.04,NPR,760587.57,Khalti,Point-of-sale card purchase,False
7000612,100035,2025-04-30,11:45:00,Interest Credit,Internet Banking,30143.39,NPR,790730.96,,Quarterly interest credit,False
7000608,100035,2025-05-08,11:00:00,Fee,IVR,1220.93,NPR,789510.03,,Monthly account maintenance fee,False
7000605,100035,2025-08-18,07:15:00,Deposit,POS,51113.48,NPR,840623.51,Self,Cash deposit at branch counter,False
7000609,100035,2025-10-15,19:30:00,Deposit,Mobile App,80423.41,NPR,921046.92,Self,Cash deposit at branch counter,True
7000604,100035,2025-12-26,12:00:00,POS Purchase,Mobile App,9396.39,NPR,911650.53,Salary Employer Pvt Ltd,Point-of-sale card purchase,False
7000603,100035,2026-02-11,22:30:00,Transfer In,Mobile App,50683.59,NPR,962334.12,,Incoming fund transfer,False
7000623,100036,2024-04-23,10:15:00,Transfer Out,IVR,63977.47,NPR,708477.15,,Outgoing fund transfer,False
7000626,100036,2024-05-03,09:00:00,Deposit,Branch,63339.34,NPR,771816.49,Self,Cash deposit at branch counter,False
7000621,100036,2024-07-25,20:45:00,Fee,IVR,740.91,NPR,771075.58,,Monthly account maintenance fee,False
7000629,100036,2024-09-04,20:30:00,Deposit,IVR,78967.64,NPR,850043.22,Self,Cash deposit at branch counter,False
7000625,100036,2024-10-19,13:30:00,Fee,Branch,1180.76,NPR,848862.46,,Monthly account maintenance fee,False
7000620,100036,2024-10-21,08:00:00,Transfer In,Mobile App,21793.78,NPR,870656.24,,Incoming fund transfer,False
7000618,100036,2024-11-10,13:15:00,Interest Credit,IVR,56708.56,NPR,927364.8,,Quarterly interest credit,False
7000613,100036,2025-02-21,11:00:00,Transfer In,Internet Banking,36263.96,NPR,963628.76,,Incoming fund transfer,False
7000631,100036,2025-03-10,08:00:00,Fee,Branch,1342.55,NPR,962286.21,,Monthly account maintenance fee,False
7000622,100036,2025-05-13,22:45:00,Deposit,Branch,6961.71,NPR,969247.92,Self,Cash deposit at branch counter,False
7000624,100036,2025-05-24,17:15:00,Interest Credit,ATM,31042.75,NPR,1000290.67,,Quarterly interest credit,False
7000614,100036,2025-07-03,09:00:00,Withdrawal,Internet Banking,36560.28,NPR,963730.39,Self,ATM cash withdrawal,False
7000617,100036,2025-07-14,11:30:00,Transfer In,Branch,27485.66,NPR,991216.05,,Incoming fund transfer,False
7000616,100036,2025-07-23,19:45:00,POS Purchase,ATM,4622.69,NPR,986593.36,Khalti,Point-of-sale card purchase,False
7000627,100036,2025-09-14,20:30:00,Loan EMI,Internet Banking,38096.79,NPR,948496.57,,Loan EMI auto-debit,False
7000628,100036,2026-01-06,20:15:00,Deposit,IVR,69947.91,NPR,1018444.48,Self,Cash deposit at branch counter,False
7000615,100036,2026-02-10,08:45:00,Transfer Out,ATM,51771.29,NPR,966673.19,,Outgoing fund transfer,False
7000619,100036,2026-03-03,21:45:00,POS Purchase,Internet Banking,9836.58,NPR,956836.61,eSewa,Point-of-sale card purchase,False
7000630,100036,2026-05-20,20:00:00,Fee,POS,1385.24,NPR,955451.37,,Monthly account maintenance fee,False
7000633,100036,2026-06-15,06:45:00,Withdrawal,Mobile App,57471.32,NPR,897980.05,Self,ATM cash withdrawal,False
7000632,100036,2026-07-09,09:45:00,POS Purchase,POS,9459.75,NPR,888520.3,Salary Employer Pvt Ltd,Point-of-sale card purchase,False
7000634,100036,2026-08-06,22:15:00,Withdrawal,IVR,34632.88,NPR,853887.42,Self,ATM cash withdrawal,False
7000635,100036,2026-08-21,16:00:00,Loan EMI,Internet Banking,12307.83,NPR,841579.59,,Loan EMI auto-debit,False
7000639,100037,2024-07-22,12:30:00,POS Purchase,POS,8467.43,NPR,-8467.43,Bhat-Bhateni Supermarket,Point-of-sale card purchase,False
7000640,100037,2024-07-29,13:30:00,Loan EMI,Internet Banking,34265.47,NPR,-42732.9,,Loan EMI auto-debit,False
7000636,100037,2025-06-26,06:00:00,Transfer In,IVR,73622.9,NPR,30890,,Incoming fund transfer,False
7000637,100037,2026-02-07,16:30:00,Transfer In,ATM,22272.31,NPR,53162.31,,Incoming fund transfer,False
7000638,100037,2026-05-30,19:15:00,Loan EMI,Internet Banking,5532.8,NPR,47629.51,,Loan EMI auto-debit,False
7000647,100038,2024-03-01,13:45:00,POS Purchase,ATM,10295.26,NPR,80061.55,eSewa,Point-of-sale card purchase,False
7000649,100038,2024-03-16,10:00:00,Transfer In,ATM,10805.86,NPR,90867.41,,Incoming fund transfer,False
7000642,100038,2024-04-03,09:45:00,Withdrawal,Mobile App,6492.47,NPR,84374.94,Self,ATM cash withdrawal,False
7000645,100038,2025-02-08,17:15:00,Loan EMI,Internet Banking,13041.65,NPR,71333.29,,Loan EMI auto-debit,False
7000646,100038,2025-10-09,20:30:00,Interest Credit,ATM,43548.07,NPR,114881.36,,Quarterly interest credit,False
7000644,100038,2026-01-09,22:15:00,Deposit,POS,12065.92,NPR,126947.28,Self,Cash deposit at branch counter,False
7000641,100038,2026-01-24,19:45:00,Interest Credit,ATM,36963.42,NPR,163910.7,,Quarterly interest credit,False
7000643,100038,2026-06-03,07:15:00,Deposit,IVR,68156.46,NPR,232067.16,Self,Cash deposit at branch counter,False
7000648,100038,2026-07-20,17:00:00,Fee,IVR,1361.81,NPR,230705.35,,Monthly account maintenance fee,False
7000651,100039,2024-01-03,16:15:00,POS Purchase,IVR,9800.94,NPR,315485.94,NEA Bill Pay,Point-of-sale card purchase,False
7000654,100039,2024-03-23,12:45:00,Transfer Out,Internet Banking,58557.44,NPR,256928.5,,Outgoing fund transfer,False
7000655,100039,2024-05-05,09:00:00,Transfer In,Internet Banking,89592.89,NPR,346521.39,,Incoming fund transfer,True
7000661,100039,2024-05-19,10:15:00,Transfer In,ATM,82096.61,NPR,428618,,Incoming fund transfer,False
7000650,100039,2024-06-13,18:15:00,POS Purchase,Mobile App,222.49,NPR,428395.51,Self,Point-of-sale card purchase,False
7000658,100039,2024-06-24,12:45:00,Withdrawal,Branch,28992.12,NPR,399403.39,Self,ATM cash withdrawal,False
7000656,100039,2024-07-07,12:45:00,Interest Credit,IVR,58809.27,NPR,458212.66,,Quarterly interest credit,False
7000660,100039,2024-09-16,19:15:00,Transfer Out,Branch,24935.67,NPR,433276.99,,Outgoing fund transfer,False
7000652,100039,2024-09-26,16:15:00,Loan EMI,Internet Banking,18114.39,NPR,415162.6,,Loan EMI auto-debit,False
7000653,100039,2025-06-01,21:00:00,Deposit,IVR,79573.8,NPR,494736.4,Self,Cash deposit at branch counter,False
7000662,100039,2025-07-01,11:15:00,POS Purchase,ATM,11440.14,NPR,483296.26,NEA Bill Pay,Point-of-sale card purchase,False
7000657,100039,2025-11-04,15:00:00,Withdrawal,POS,1246.22,NPR,482050.04,Self,ATM cash withdrawal,False
7000659,100039,2026-08-16,09:45:00,Fee,Internet Banking,336.05,NPR,481713.99,,Monthly account maintenance fee,False
7000665,100040,2026-06-23,19:30:00,Withdrawal,ATM,50276.71,NPR,-53468.57,Self,ATM cash withdrawal,False
7000672,100040,2026-06-23,08:15:00,Fee,Branch,759.67,NPR,-54228.24,,Monthly account maintenance fee,False
7000682,100040,2026-07-02,09:15:00,Fee,POS,756.06,NPR,-54984.3,,Monthly account maintenance fee,False
7000667,100040,2026-07-06,18:45:00,Fee,POS,363.82,NPR,-55348.12,,Monthly account maintenance fee,False
7000677,100040,2026-07-08,10:45:00,Interest Credit,Internet Banking,38066.16,NPR,-17281.96,,Quarterly interest credit,False
7000681,100040,2026-07-15,13:45:00,Transfer Out,ATM,33668.69,NPR,-50950.65,,Outgoing fund transfer,False
7000675,100040,2026-07-16,16:45:00,Interest Credit,Mobile App,14447.52,NPR,-36503.13,,Quarterly interest credit,False
7000666,100040,2026-07-30,11:00:00,Interest Credit,POS,53785.37,NPR,17282.24,,Quarterly interest credit,False
7000669,100040,2026-08-01,15:45:00,Loan EMI,Internet Banking,32680.36,NPR,-15398.12,,Loan EMI auto-debit,False
7000668,100040,2026-08-04,08:45:00,Transfer Out,ATM,50838.5,NPR,-66236.62,,Outgoing fund transfer,False
7000673,100040,2026-08-05,14:30:00,POS Purchase,Internet Banking,11648.42,NPR,-77885.04,eSewa,Point-of-sale card purchase,False
7000663,100040,2026-08-09,08:15:00,Withdrawal,Mobile App,22896.48,NPR,-100781.52,Self,ATM cash withdrawal,False
7000680,100040,2026-08-11,22:30:00,Loan EMI,Internet Banking,14912.58,NPR,-115694.1,,Loan EMI auto-debit,False
7000670,100040,2026-08-12,20:45:00,Fee,Branch,1059.31,NPR,-116753.41,,Monthly account maintenance fee,False
7000671,100040,2026-08-13,11:30:00,Interest Credit,Internet Banking,2654.02,NPR,-114099.39,,Quarterly interest credit,False
7000679,100040,2026-08-17,15:30:00,Transfer In,POS,94983.27,NPR,-19116.12,,Incoming fund transfer,True
7000664,100040,2026-08-24,06:00:00,Withdrawal,Branch,60413.18,NPR,-79529.3,Self,ATM cash withdrawal,False
7000678,100040,2026-08-24,16:00:00,Deposit,ATM,56575.65,NPR,-22953.65,Self,Cash deposit at branch counter,False
7000676,100040,2026-08-26,10:15:00,POS Purchase,Branch,9581.94,NPR,-32535.59,Foodmandu,Point-of-sale card purchase,False
7000674,100040,2026-08-28,06:00:00,Loan EMI,Internet Banking,8609,NPR,-41144.59,,Loan EMI auto-debit,False
7000691,100041,2026-07-10,17:30:00,POS Purchase,IVR,1819.63,NPR,705639.73,,Point-of-sale card purchase,False
7000705,100041,2026-07-10,14:30:00,Deposit,ATM,7527.62,NPR,713167.35,Self,Cash deposit at branch counter,False
7000692,100041,2026-07-13,08:15:00,Fee,Internet Banking,1387.48,NPR,711779.87,,Monthly account maintenance fee,False
7000697,100041,2026-07-14,11:15:00,Withdrawal,Internet Banking,48834.91,NPR,662944.96,Self,ATM cash withdrawal,False
7000685,100041,2026-07-15,14:15:00,POS Purchase,Internet Banking,10712.54,NPR,652232.42,Self,Point-of-sale card purchase,False
7000703,100041,2026-07-17,13:45:00,Interest Credit,Internet Banking,59565.28,NPR,711797.7,,Quarterly interest credit,False
7000686,100041,2026-07-18,12:45:00,POS Purchase,ATM,740.23,NPR,711057.47,Local ATM Withdrawal,Point-of-sale card purchase,False
7000696,100041,2026-07-19,06:45:00,Transfer In,Internet Banking,26694.79,NPR,737752.26,,Incoming fund transfer,False
7000704,100041,2026-07-23,06:15:00,Withdrawal,ATM,14190.37,NPR,723561.89,Self,ATM cash withdrawal,False
7000687,100041,2026-07-24,06:00:00,Transfer In,Internet Banking,45732.31,NPR,769294.2,,Incoming fund transfer,False
7000698,100041,2026-07-24,08:00:00,Withdrawal,Mobile App,15447.46,NPR,753846.74,Self,ATM cash withdrawal,False
7000694,100041,2026-07-25,20:15:00,Transfer In,ATM,48184.25,NPR,802030.99,,Incoming fund transfer,False
7000702,100041,2026-07-25,07:30:00,Deposit,IVR,25172.53,NPR,827203.52,Self,Cash deposit at branch counter,False
7000688,100041,2026-07-26,13:30:00,Loan EMI,Internet Banking,33349.92,NPR,793853.6,,Loan EMI auto-debit,False
7000693,100041,2026-07-26,14:00:00,Loan EMI,Internet Banking,21897.43,NPR,771956.17,,Loan EMI auto-debit,False
7000689,100041,2026-07-28,14:15:00,Withdrawal,Branch,38730.6,NPR,733225.57,Self,ATM cash withdrawal,False
7000695,100041,2026-07-30,18:15:00,Withdrawal,POS,29768.46,NPR,703457.11,Self,ATM cash withdrawal,False
7000683,100041,2026-08-05,14:00:00,Withdrawal,IVR,32958.17,NPR,670498.94,Self,ATM cash withdrawal,False
7000700,100041,2026-08-09,16:00:00,Withdrawal,Internet Banking,37774.52,NPR,632724.42,Self,ATM cash withdrawal,False
7000699,100041,2026-08-12,07:15:00,Loan EMI,Internet Banking,17901.56,NPR,614822.86,,Loan EMI auto-debit,False
7000690,100041,2026-08-20,20:15:00,Transfer Out,POS,9079.18,NPR,605743.68,,Outgoing fund transfer,False
7000701,100041,2026-08-23,09:30:00,Interest Credit,Internet Banking,8350.45,NPR,614094.13,,Quarterly interest credit,False
7000684,100041,2026-08-28,21:15:00,Withdrawal,Mobile App,57863.61,NPR,556230.52,Self,ATM cash withdrawal,False
7000710,100042,2025-05-02,20:00:00,POS Purchase,ATM,7034.83,NPR,77570.31,Daraz,Point-of-sale card purchase,False
7000706,100042,2025-07-04,06:15:00,Withdrawal,ATM,51578.94,NPR,25991.37,Self,ATM cash withdrawal,False
7000714,100042,2025-07-25,06:15:00,Fee,POS,421.18,NPR,25570.19,,Monthly account maintenance fee,False
7000719,100042,2025-11-07,15:45:00,Withdrawal,Branch,33644.44,NPR,-8074.25,Self,ATM cash withdrawal,False
7000708,100042,2025-11-12,08:00:00,Withdrawal,Branch,11764.29,NPR,-19838.54,Self,ATM cash withdrawal,False
7000709,100042,2025-12-11,18:30:00,Fee,Internet Banking,1111.63,NPR,-20950.17,,Monthly account maintenance fee,False
7000717,100042,2026-01-31,14:30:00,Deposit,Internet Banking,32139.73,NPR,11189.56,Self,Cash deposit at branch counter,False
7000716,100042,2026-02-01,08:00:00,Transfer In,Mobile App,85714.33,NPR,96903.89,,Incoming fund transfer,True
7000713,100042,2026-02-14,20:00:00,Fee,Internet Banking,823.93,NPR,96079.96,,Monthly account maintenance fee,False
7000712,100042,2026-02-22,10:00:00,Deposit,Branch,55439.99,NPR,151519.95,Self,Cash deposit at branch counter,False
7000718,100042,2026-04-21,20:00:00,Transfer In,Branch,34801.38,NPR,186321.33,,Incoming fund transfer,False
7000707,100042,2026-06-04,07:00:00,Transfer Out,POS,50161.64,NPR,136159.69,,Outgoing fund transfer,False
7000711,100042,2026-06-17,19:15:00,Interest Credit,Internet Banking,44150.74,NPR,180310.43,,Quarterly interest credit,False
7000715,100042,2026-08-23,16:30:00,Loan EMI,Internet Banking,13065.59,NPR,167244.84,,Loan EMI auto-debit,False
7000740,100043,2025-12-05,22:00:00,Loan EMI,Internet Banking,13775.62,NPR,98861.85,,Loan EMI auto-debit,False
7000731,100043,2025-12-26,10:45:00,POS Purchase,ATM,3956.55,NPR,94905.3,,Point-of-sale card purchase,False
7000736,100043,2026-01-02,07:45:00,Withdrawal,Mobile App,31707.93,NPR,63197.37,Self,ATM cash withdrawal,False
7000726,100043,2026-01-17,11:15:00,Interest Credit,Branch,64532.28,NPR,127729.65,,Quarterly interest credit,False
7000739,100043,2026-01-19,06:30:00,POS Purchase,POS,4700.7,NPR,123028.95,Amazon,Point-of-sale card purchase,False
7000730,100043,2026-01-26,18:30:00,Transfer Out,Branch,49972.07,NPR,73056.88,,Outgoing fund transfer,False
7000741,100043,2026-02-04,15:45:00,Interest Credit,ATM,46554.6,NPR,119611.48,,Quarterly interest credit,False
7000742,100043,2026-02-04,14:30:00,Withdrawal,IVR,39400.94,NPR,80210.54,Self,ATM cash withdrawal,False
7000729,100043,2026-02-16,20:00:00,Interest Credit,ATM,71595.74,NPR,151806.28,,Quarterly interest credit,False
7000737,100043,2026-03-01,21:15:00,POS Purchase,ATM,6333.46,NPR,145472.82,Daraz,Point-of-sale card purchase,False
7000723,100043,2026-03-22,18:00:00,Interest Credit,Branch,72479.79,NPR,217952.61,,Quarterly interest credit,False
7000732,100043,2026-03-25,13:45:00,Interest Credit,IVR,62983.31,NPR,280935.92,,Quarterly interest credit,False
7000727,100043,2026-04-01,16:15:00,Withdrawal,Internet Banking,30232.8,NPR,250703.12,Self,ATM cash withdrawal,False
7000738,100043,2026-04-13,22:45:00,Fee,POS,1284.8,NPR,249418.32,,Monthly account maintenance fee,False
7000734,100043,2026-04-15,18:00:00,Transfer In,IVR,46081.79,NPR,295500.11,,Incoming fund transfer,False
7000722,100043,2026-05-15,22:45:00,Interest Credit,Branch,91235.43,NPR,386735.54,,Quarterly interest credit,False
7000728,100043,2026-05-17,20:00:00,Transfer In,Branch,907.94,NPR,387643.48,,Incoming fund transfer,False
7000724,100043,2026-05-29,22:00:00,Interest Credit,IVR,56773.67,NPR,444417.15,,Quarterly interest credit,False
7000725,100043,2026-05-30,10:00:00,Deposit,Branch,43020.9,NPR,487438.05,Self,Cash deposit at branch counter,False
7000733,100043,2026-06-18,13:15:00,Fee,POS,495.34,NPR,486942.71,,Monthly account maintenance fee,False
7000721,100043,2026-07-10,18:00:00,Deposit,Internet Banking,5276.27,NPR,492218.98,Self,Cash deposit at branch counter,False
7000720,100043,2026-07-13,17:30:00,Loan EMI,Internet Banking,3746.98,NPR,488472,,Loan EMI auto-debit,False
7000735,100043,2026-07-17,15:00:00,Fee,Mobile App,1458.78,NPR,487013.22,,Monthly account maintenance fee,False
7000761,100044,2026-06-09,07:15:00,Deposit,ATM,38868.74,NPR,113619.46,Self,Cash deposit at branch counter,False
7000754,100044,2026-06-18,10:30:00,Transfer In,Mobile App,72225.99,NPR,185845.45,,Incoming fund transfer,False
7000760,100044,2026-06-20,18:45:00,Transfer Out,Branch,34516.66,NPR,151328.79,,Outgoing fund transfer,False
7000765,100044,2026-06-25,12:30:00,Interest Credit,Mobile App,88103.1,NPR,239431.89,,Quarterly interest credit,False
7000752,100044,2026-06-26,22:45:00,Withdrawal,Mobile App,58430.84,NPR,181001.05,Self,ATM cash withdrawal,False
7000753,100044,2026-06-26,07:30:00,Deposit,ATM,54872.09,NPR,235873.14,Self,Cash deposit at branch counter,False
7000751,100044,2026-06-29,08:45:00,Interest Credit,POS,1025.28,NPR,236898.42,,Quarterly interest credit,False
7000746,100044,2026-06-30,16:00:00,Fee,Branch,1214.11,NPR,235684.31,,Monthly account maintenance fee,False
7000767,100044,2026-06-30,17:45:00,Fee,POS,712.03,NPR,234972.28,,Monthly account maintenance fee,False
7000743,100044,2026-07-04,17:00:00,Transfer Out,Mobile App,942.67,NPR,234029.61,,Outgoing fund transfer,False
7000747,100044,2026-07-07,09:00:00,Interest Credit,ATM,57437.97,NPR,291467.58,,Quarterly interest credit,False
7000766,100044,2026-07-07,19:30:00,Withdrawal,Internet Banking,58240.49,NPR,233227.09,Self,ATM cash withdrawal,False
7000748,100044,2026-07-09,09:45:00,Interest Credit,POS,7266.49,NPR,240493.58,,Quarterly interest credit,False
7000756,100044,2026-07-13,12:30:00,Withdrawal,IVR,31393.66,NPR,209099.92,Self,ATM cash withdrawal,False
7000745,100044,2026-07-17,07:45:00,Deposit,ATM,7066.69,NPR,216166.61,Self,Cash deposit at branch counter,False
7000758,100044,2026-07-17,12:45:00,Transfer In,Mobile App,94280.61,NPR,310447.22,,Incoming fund transfer,False
7000749,100044,2026-07-18,13:00:00,Transfer Out,Branch,62037.07,NPR,248410.15,,Outgoing fund transfer,False
7000750,100044,2026-07-21,17:30:00,Transfer Out,Mobile App,64121.6,NPR,184288.55,,Outgoing fund transfer,False
7000763,100044,2026-07-23,07:15:00,Interest Credit,Mobile App,76184.44,NPR,260472.99,,Quarterly interest credit,False
7000744,100044,2026-08-03,20:00:00,Fee,POS,681.36,NPR,259791.63,,Monthly account maintenance fee,False
7000762,100044,2026-08-05,19:45:00,Fee,Internet Banking,661.22,NPR,259130.41,,Monthly account maintenance fee,False
7000757,100044,2026-08-09,16:00:00,POS Purchase,Branch,850.73,NPR,258279.68,IME Remit,Point-of-sale card purchase,False
7000755,100044,2026-08-11,11:30:00,Transfer Out,IVR,30460.04,NPR,227819.64,,Outgoing fund transfer,False
7000759,100044,2026-08-11,21:15:00,POS Purchase,POS,3436.08,NPR,224383.56,Local ATM Withdrawal,Point-of-sale card purchase,False
7000764,100044,2026-08-11,07:30:00,Transfer In,ATM,87695.57,NPR,312079.13,,Incoming fund transfer,False
7000782,100045,2026-04-07,21:30:00,Transfer In,IVR,48634.59,NPR,158948.57,,Incoming fund transfer,False
7000773,100045,2026-04-15,17:30:00,Loan EMI,Internet Banking,39297.55,NPR,119651.02,,Loan EMI auto-debit,False
7000779,100045,2026-04-18,10:30:00,Deposit,IVR,20013.95,NPR,139664.97,Self,Cash deposit at branch counter,False
7000780,100045,2026-04-19,12:45:00,Deposit,POS,14989.91,NPR,154654.88,Self,Cash deposit at branch counter,False
7000787,100045,2026-04-27,19:15:00,Transfer Out,IVR,64423.76,NPR,90231.12,,Outgoing fund transfer,False
7000776,100045,2026-05-02,15:30:00,Deposit,Mobile App,18396.93,NPR,108628.05,Self,Cash deposit at branch counter,False
7000770,100045,2026-05-05,14:00:00,POS Purchase,IVR,8452.64,NPR,100175.41,Khalti,Point-of-sale card purchase,False
7000786,100045,2026-05-10,06:15:00,Transfer In,POS,93970.59,NPR,194146,,Incoming fund transfer,True
7000778,100045,2026-05-20,15:30:00,Fee,Internet Banking,226.73,NPR,193919.27,,Monthly account maintenance fee,False
7000768,100045,2026-06-13,17:15:00,Withdrawal,ATM,7472.87,NPR,186446.4,Self,ATM cash withdrawal,False
7000769,100045,2026-06-25,13:15:00,Transfer In,ATM,22366.43,NPR,208812.83,,Incoming fund transfer,False
7000775,100045,2026-07-03,11:45:00,Transfer Out,Internet Banking,62567.89,NPR,146244.94,,Outgoing fund transfer,False
7000785,100045,2026-07-04,12:00:00,Transfer In,Branch,88374.15,NPR,234619.09,,Incoming fund transfer,True
7000784,100045,2026-07-06,07:30:00,Deposit,POS,83900.3,NPR,318519.39,Self,Cash deposit at branch counter,False
7000788,100045,2026-07-12,07:15:00,Deposit,Internet Banking,91022.11,NPR,409541.5,Self,Cash deposit at branch counter,False
7000777,100045,2026-07-19,10:45:00,Interest Credit,POS,13268.2,NPR,422809.7,,Quarterly interest credit,False
7000772,100045,2026-07-29,08:00:00,Interest Credit,Mobile App,89888.8,NPR,512698.5,,Quarterly interest credit,True
7000771,100045,2026-08-03,20:00:00,Withdrawal,POS,27977.6,NPR,484720.9,Self,ATM cash withdrawal,False
7000774,100045,2026-08-08,10:00:00,Interest Credit,Branch,94129.03,NPR,578849.93,,Quarterly interest credit,True
7000781,100045,2026-08-08,13:15:00,Transfer In,Branch,29159.91,NPR,608009.84,,Incoming fund transfer,False
7000783,100045,2026-08-08,07:45:00,Withdrawal,Internet Banking,30848.6,NPR,577161.24,Self,ATM cash withdrawal,False
7000797,100046,2024-02-07,08:15:00,Withdrawal,ATM,57361.92,NPR,209137.08,Self,ATM cash withdrawal,False
7000808,100046,2024-04-04,08:15:00,Withdrawal,ATM,13510.15,NPR,195626.93,Self,ATM cash withdrawal,False
7000803,100046,2024-07-10,13:45:00,POS Purchase,POS,2601.39,NPR,193025.54,eSewa,Point-of-sale card purchase,False
7000810,100046,2024-07-11,13:00:00,Fee,Internet Banking,1361.68,NPR,191663.86,,Monthly account maintenance fee,False
7000789,100046,2024-08-09,20:15:00,Withdrawal,Branch,8107.35,NPR,183556.51,Self,ATM cash withdrawal,False
7000796,100046,2024-09-03,22:15:00,Deposit,Branch,44255.48,NPR,227811.99,Self,Cash deposit at branch counter,False
7000807,100046,2024-10-21,11:15:00,Interest Credit,Mobile App,74810.88,NPR,302622.87,,Quarterly interest credit,False
7000804,100046,2024-11-05,21:45:00,Loan EMI,Internet Banking,37813.71,NPR,264809.16,,Loan EMI auto-debit,False
7000801,100046,2025-01-16,22:15:00,Interest Credit,Branch,9457.68,NPR,274266.84,,Quarterly interest credit,False
7000805,100046,2025-03-05,19:45:00,Deposit,Internet Banking,38042.05,NPR,312308.89,Self,Cash deposit at branch counter,False
7000799,100046,2025-07-06,19:15:00,Withdrawal,ATM,27216.2,NPR,285092.69,Self,ATM cash withdrawal,False
7000791,100046,2025-08-11,07:45:00,Loan EMI,Internet Banking,15405.12,NPR,269687.57,,Loan EMI auto-debit,False
7000795,100046,2025-11-01,12:00:00,Loan EMI,Internet Banking,38225.64,NPR,231461.93,,Loan EMI auto-debit,False
7000811,100046,2025-11-07,08:45:00,Withdrawal,IVR,33893.52,NPR,197568.41,Self,ATM cash withdrawal,False
7000809,100046,2025-11-12,16:15:00,Deposit,POS,25949.2,NPR,223517.61,Self,Cash deposit at branch counter,False
7000790,100046,2025-12-19,21:00:00,Deposit,Internet Banking,43371.87,NPR,266889.48,Self,Cash deposit at branch counter,False
7000802,100046,2026-02-06,21:15:00,Interest Credit,ATM,44463.75,NPR,311353.23,,Quarterly interest credit,False
7000798,100046,2026-02-10,06:30:00,Interest Credit,Internet Banking,72416.65,NPR,383769.88,,Quarterly interest credit,False
7000800,100046,2026-03-09,08:45:00,Withdrawal,IVR,45060.77,NPR,338709.11,Self,ATM cash withdrawal,False
7000794,100046,2026-05-09,18:30:00,POS Purchase,POS,7520.7,NPR,331188.41,IME Remit,Point-of-sale card purchase,False
7000806,100046,2026-05-28,06:15:00,Interest Credit,Internet Banking,62972.76,NPR,394161.17,,Quarterly interest credit,False
7000792,100046,2026-07-04,13:30:00,Interest Credit,POS,47642.75,NPR,441803.92,,Quarterly interest credit,False
7000793,100046,2026-07-18,16:00:00,POS Purchase,Branch,888.72,NPR,440915.2,Foodmandu,Point-of-sale card purchase,False
7000820,100047,2024-08-29,21:00:00,POS Purchase,IVR,4251.1,NPR,-939.16,Daraz,Point-of-sale card purchase,False
7000825,100047,2024-09-09,10:30:00,Fee,Branch,376.12,NPR,-1315.28,,Monthly account maintenance fee,False
7000816,100047,2024-10-08,06:30:00,Transfer In,ATM,45477.54,NPR,44162.26,,Incoming fund transfer,False
7000822,100047,2024-11-27,12:30:00,Transfer In,ATM,30628.14,NPR,74790.4,,Incoming fund transfer,False
7000827,100047,2025-01-09,12:15:00,Transfer In,IVR,86519.42,NPR,161309.82,,Incoming fund transfer,True
7000814,100047,2025-02-02,06:30:00,Deposit,POS,92987.71,NPR,254297.53,Self,Cash deposit at branch counter,True
7000824,100047,2025-02-06,13:45:00,Interest Credit,IVR,48329.42,NPR,302626.95,,Quarterly interest credit,False
7000823,100047,2025-03-17,17:00:00,Deposit,Mobile App,6631.83,NPR,309258.78,Self,Cash deposit at branch counter,False
7000826,100047,2025-03-21,21:00:00,Withdrawal,POS,618.71,NPR,308640.07,Self,ATM cash withdrawal,False
7000828,100047,2025-08-09,06:30:00,Transfer Out,Mobile App,58184.42,NPR,250455.65,,Outgoing fund transfer,False
7000821,100047,2025-09-07,22:15:00,Transfer In,ATM,87165.2,NPR,337620.85,,Incoming fund transfer,True
7000817,100047,2025-11-13,12:00:00,Interest Credit,ATM,3748.85,NPR,341369.7,,Quarterly interest credit,False
7000815,100047,2026-01-12,21:00:00,Withdrawal,Mobile App,52496.04,NPR,288873.66,Self,ATM cash withdrawal,False
7000818,100047,2026-04-02,12:30:00,Deposit,ATM,72437,NPR,361310.66,Self,Cash deposit at branch counter,False
7000819,100047,2026-04-02,16:00:00,Deposit,Mobile App,11948.32,NPR,373258.98,Self,Cash deposit at branch counter,False
7000813,100047,2026-04-09,08:45:00,Withdrawal,ATM,48387.72,NPR,324871.26,Self,ATM cash withdrawal,False
7000812,100047,2026-06-24,19:15:00,Transfer In,ATM,57764.95,NPR,382636.21,,Incoming fund transfer,False
7000833,100048,2024-02-02,12:45:00,Transfer Out,IVR,52160.47,NPR,40208.3,,Outgoing fund transfer,False
7000842,100048,2024-04-18,13:15:00,Loan EMI,Internet Banking,6279.47,NPR,33928.83,,Loan EMI auto-debit,False
7000838,100048,2024-12-24,15:30:00,Transfer Out,Branch,30492.19,NPR,3436.64,,Outgoing fund transfer,False
7000836,100048,2025-05-22,14:00:00,Fee,Mobile App,1274.64,NPR,2162,,Monthly account maintenance fee,False
7000840,100048,2025-06-11,22:45:00,Fee,Mobile App,1400.73,NPR,761.27,,Monthly account maintenance fee,False
7000835,100048,2025-09-24,22:15:00,Loan EMI,Internet Banking,23949.61,NPR,-23188.34,,Loan EMI auto-debit,False
7000837,100048,2025-11-13,15:45:00,Transfer In,Internet Banking,49355.13,NPR,26166.79,,Incoming fund transfer,False
7000830,100048,2025-11-17,20:00:00,POS Purchase,POS,9173.59,NPR,16993.2,eSewa,Point-of-sale card purchase,False
7000841,100048,2025-11-28,06:30:00,Interest Credit,Branch,1217.79,NPR,18210.99,,Quarterly interest credit,False
7000844,100048,2025-12-08,10:30:00,Transfer Out,ATM,55668.58,NPR,-37457.59,,Outgoing fund transfer,False
7000831,100048,2026-04-18,15:30:00,Transfer In,ATM,47385.77,NPR,9928.18,,Incoming fund transfer,False
7000839,100048,2026-04-23,19:15:00,POS Purchase,Mobile App,1927.61,NPR,8000.57,,Point-of-sale card purchase,False
7000843,100048,2026-05-04,07:00:00,Interest Credit,Branch,50155.67,NPR,58156.24,,Quarterly interest credit,False
7000832,100048,2026-05-30,08:30:00,Withdrawal,Branch,26063.74,NPR,32092.5,Self,ATM cash withdrawal,False
7000834,100048,2026-07-12,16:15:00,Loan EMI,Internet Banking,42696.29,NPR,-10603.79,,Loan EMI auto-debit,False
7000829,100048,2026-08-13,22:45:00,Deposit,Branch,69427.49,NPR,58823.7,Self,Cash deposit at branch counter,False
7000859,100049,2026-07-14,10:00:00,POS Purchase,Mobile App,1582.99,NPR,616307.45,NEA Bill Pay,Point-of-sale card purchase,False
7000846,100049,2026-07-19,14:15:00,Deposit,ATM,42844.38,NPR,659151.83,Self,Cash deposit at branch counter,False
7000845,100049,2026-07-20,08:00:00,Transfer In,Internet Banking,8935.88,NPR,668087.71,,Incoming fund transfer,False
7000852,100049,2026-07-20,20:30:00,POS Purchase,POS,6524.21,NPR,661563.5,Amazon,Point-of-sale card purchase,False
7000854,100049,2026-07-20,16:30:00,Transfer Out,Branch,45845.81,NPR,615717.69,,Outgoing fund transfer,False
7000857,100049,2026-07-20,07:45:00,Withdrawal,Branch,8121.12,NPR,607596.57,Self,ATM cash withdrawal,False
7000849,100049,2026-07-23,22:00:00,Withdrawal,IVR,44711.06,NPR,562885.51,Self,ATM cash withdrawal,False
7000863,100049,2026-07-25,20:00:00,Fee,ATM,798.6,NPR,562086.91,,Monthly account maintenance fee,False
7000853,100049,2026-07-29,09:00:00,Fee,IVR,1353.74,NPR,560733.17,,Monthly account maintenance fee,False
7000848,100049,2026-07-30,19:30:00,Fee,Mobile App,1435.24,NPR,559297.93,,Monthly account maintenance fee,False
7000862,100049,2026-08-02,21:30:00,Deposit,POS,84202.08,NPR,643500.01,Self,Cash deposit at branch counter,True
7000861,100049,2026-08-06,18:15:00,Transfer Out,ATM,31082.03,NPR,612417.98,,Outgoing fund transfer,False
7000860,100049,2026-08-08,15:45:00,Withdrawal,ATM,42081.83,NPR,570336.15,Self,ATM cash withdrawal,False
7000865,100049,2026-08-10,06:00:00,Deposit,IVR,85989.47,NPR,656325.62,Self,Cash deposit at branch counter,True
7000851,100049,2026-08-11,18:30:00,Withdrawal,POS,57240.11,NPR,599085.51,Self,ATM cash withdrawal,False
7000856,100049,2026-08-11,09:30:00,Fee,ATM,868.32,NPR,598217.19,,Monthly account maintenance fee,False
7000855,100049,2026-08-12,12:00:00,Fee,ATM,146.45,NPR,598070.74,,Monthly account maintenance fee,False
7000864,100049,2026-08-14,10:15:00,Loan EMI,Internet Banking,30882.85,NPR,567187.89,,Loan EMI auto-debit,False
7000850,100049,2026-08-19,17:00:00,Fee,IVR,585.15,NPR,566602.74,,Monthly account maintenance fee,False
7000858,100049,2026-08-22,18:00:00,Transfer Out,Branch,39818.45,NPR,526784.29,,Outgoing fund transfer,False
7000866,100049,2026-08-24,14:45:00,Deposit,IVR,40841.09,NPR,567625.38,Self,Cash deposit at branch counter,False
7000847,100049,2026-08-28,07:45:00,Interest Credit,Mobile App,70543.73,NPR,638169.11,,Quarterly interest credit,False
7000872,100050,2026-07-11,16:15:00,Transfer In,Mobile App,5539.89,NPR,404975.29,,Incoming fund transfer,False
7000882,100050,2026-07-11,07:00:00,Withdrawal,Mobile App,35456.16,NPR,369519.13,Self,ATM cash withdrawal,False
7000877,100050,2026-07-16,10:00:00,Deposit,Internet Banking,27055.13,NPR,396574.26,Self,Cash deposit at branch counter,False
7000876,100050,2026-07-20,06:15:00,Loan EMI,Internet Banking,3069.77,NPR,393504.49,,Loan EMI auto-debit,False
7000881,100050,2026-07-21,18:30:00,Withdrawal,Branch,43314.98,NPR,350189.51,Self,ATM cash withdrawal,False
7000880,100050,2026-07-22,15:15:00,Transfer Out,Branch,2667.42,NPR,347522.09,,Outgoing fund transfer,False
7000879,100050,2026-07-26,08:15:00,Transfer Out,POS,5001.4,NPR,342520.69,,Outgoing fund transfer,False
7000874,100050,2026-07-31,14:00:00,Transfer Out,Mobile App,44644.56,NPR,297876.13,,Outgoing fund transfer,False
7000867,100050,2026-08-02,20:15:00,Fee,Mobile App,361.9,NPR,297514.23,,Monthly account maintenance fee,False
7000868,100050,2026-08-03,16:15:00,Fee,POS,826.01,NPR,296688.22,,Monthly account maintenance fee,False
7000869,100050,2026-08-04,16:15:00,Fee,Branch,807.47,NPR,295880.75,,Monthly account maintenance fee,False
7000873,100050,2026-08-11,19:15:00,POS Purchase,IVR,1712.02,NPR,294168.73,Amazon,Point-of-sale card purchase,False
7000871,100050,2026-08-12,11:30:00,Loan EMI,Internet Banking,35187.5,NPR,258981.23,,Loan EMI auto-debit,False
7000883,100050,2026-08-15,12:45:00,Withdrawal,POS,47064.23,NPR,211917,Self,ATM cash withdrawal,False
7000870,100050,2026-08-18,20:45:00,POS Purchase,Mobile App,5074,NPR,206843,Self,Point-of-sale card purchase,False
7000884,100050,2026-08-24,09:15:00,Fee,IVR,356.72,NPR,206486.28,,Monthly account maintenance fee,False
7000878,100050,2026-08-27,11:15:00,Transfer Out,IVR,51193.86,NPR,155292.42,,Outgoing fund transfer,False
7000875,100050,2026-08-28,14:15:00,Transfer Out,Mobile App,46620.51,NPR,108671.91,,Outgoing fund transfer,False
7000891,100051,2026-06-21,09:45:00,Transfer In,IVR,49094.85,NPR,100670.32,,Incoming fund transfer,False
7000893,100051,2026-06-25,18:30:00,Interest Credit,ATM,3079.07,NPR,103749.39,,Quarterly interest credit,False
7000887,100051,2026-07-01,17:15:00,Deposit,POS,79683.6,NPR,183432.99,Self,Cash deposit at branch counter,False
7000892,100051,2026-07-02,21:00:00,POS Purchase,IVR,11017.07,NPR,172415.92,Khalti,Point-of-sale card purchase,False
7000895,100051,2026-07-05,14:45:00,Transfer In,Mobile App,88567.96,NPR,260983.88,,Incoming fund transfer,False
7000890,100051,2026-07-09,20:15:00,Deposit,IVR,81555.2,NPR,342539.08,Self,Cash deposit at branch counter,True
7000886,100051,2026-07-13,17:45:00,Transfer Out,IVR,2978.83,NPR,339560.25,,Outgoing fund transfer,False
7000896,100051,2026-08-01,15:00:00,Fee,Branch,1368.97,NPR,338191.28,,Monthly account maintenance fee,False
7000888,100051,2026-08-16,21:00:00,Loan EMI,Internet Banking,22224.74,NPR,315966.54,,Loan EMI auto-debit,False
7000889,100051,2026-08-20,16:45:00,Transfer Out,ATM,32356.9,NPR,283609.64,,Outgoing fund transfer,False
7000894,100051,2026-08-20,10:15:00,Transfer In,POS,54209.3,NPR,337818.94,,Incoming fund transfer,False
7000885,100051,2026-08-25,11:00:00,Deposit,Mobile App,44420.64,NPR,382239.58,Self,Cash deposit at branch counter,False
7000901,100052,2025-09-13,10:15:00,Loan EMI,Internet Banking,3957.57,NPR,39648.61,,Loan EMI auto-debit,False
7000904,100052,2025-09-29,17:00:00,Deposit,IVR,55104.5,NPR,94753.11,Self,Cash deposit at branch counter,False
7000899,100052,2025-11-11,10:30:00,Transfer In,Internet Banking,21015.14,NPR,115768.25,,Incoming fund transfer,False
7000902,100052,2026-01-13,22:15:00,Withdrawal,Mobile App,37412.15,NPR,78356.1,Self,ATM cash withdrawal,False
7000900,100052,2026-02-24,06:00:00,Transfer In,IVR,40665.8,NPR,119021.9,,Incoming fund transfer,False
7000903,100052,2026-05-06,12:45:00,Deposit,IVR,10672.28,NPR,129694.18,Self,Cash deposit at branch counter,False
7000897,100052,2026-05-13,08:00:00,Interest Credit,Mobile App,85834.15,NPR,215528.33,,Quarterly interest credit,True
7000898,100052,2026-07-04,16:15:00,Withdrawal,POS,58039.49,NPR,157488.84,Self,ATM cash withdrawal,False
7000919,100053,2026-05-15,12:00:00,Transfer Out,Mobile App,36759.25,NPR,309800.29,,Outgoing fund transfer,False
7000911,100053,2026-05-17,15:30:00,Transfer Out,ATM,36950.49,NPR,272849.8,,Outgoing fund transfer,False
7000912,100053,2026-05-17,09:30:00,Withdrawal,Branch,57087.95,NPR,215761.85,Self,ATM cash withdrawal,False
7000925,100053,2026-05-22,13:15:00,Interest Credit,Mobile App,77962.83,NPR,293724.68,,Quarterly interest credit,False
7000905,100053,2026-05-25,06:45:00,Transfer In,POS,7281.65,NPR,301006.33,,Incoming fund transfer,False
7000908,100053,2026-05-26,10:00:00,Loan EMI,Internet Banking,37693.83,NPR,263312.5,,Loan EMI auto-debit,False
7000931,100053,2026-05-28,22:15:00,Withdrawal,Mobile App,45352.55,NPR,217959.95,Self,ATM cash withdrawal,False
7000924,100053,2026-06-07,10:45:00,Withdrawal,Internet Banking,60268.75,NPR,157691.2,Self,ATM cash withdrawal,False
7000916,100053,2026-06-11,20:45:00,Interest Credit,Mobile App,24189.51,NPR,181880.71,,Quarterly interest credit,False
7000906,100053,2026-06-14,14:00:00,Withdrawal,Mobile App,35164.8,NPR,146715.91,Self,ATM cash withdrawal,False
7000907,100053,2026-06-16,18:00:00,POS Purchase,Mobile App,8523.27,NPR,138192.64,eSewa,Point-of-sale card purchase,False
7000927,100053,2026-06-26,17:45:00,Loan EMI,Internet Banking,3466.98,NPR,134725.66,,Loan EMI auto-debit,False
7000928,100053,2026-06-26,11:15:00,POS Purchase,Mobile App,2431.2,NPR,132294.46,Local ATM Withdrawal,Point-of-sale card purchase,False
7000918,100053,2026-06-30,20:45:00,POS Purchase,Internet Banking,6664.02,NPR,125630.44,Khalti,Point-of-sale card purchase,False
7000910,100053,2026-07-02,12:15:00,Deposit,IVR,5748.62,NPR,131379.06,Self,Cash deposit at branch counter,False
7000929,100053,2026-07-16,19:15:00,Interest Credit,Branch,34488.53,NPR,165867.59,,Quarterly interest credit,False
7000921,100053,2026-07-21,10:30:00,Transfer In,POS,34064.34,NPR,199931.93,,Incoming fund transfer,False
7000923,100053,2026-07-24,20:00:00,Deposit,POS,20308.58,NPR,220240.51,Self,Cash deposit at branch counter,False
7000913,100053,2026-07-31,07:15:00,Withdrawal,Branch,29222.18,NPR,191018.33,Self,ATM cash withdrawal,False
7000915,100053,2026-07-31,19:15:00,Loan EMI,Internet Banking,25020.16,NPR,165998.17,,Loan EMI auto-debit,False
7000917,100053,2026-08-02,14:15:00,POS Purchase,Branch,1628,NPR,164370.17,Khalti,Point-of-sale card purchase,False
7000920,100053,2026-08-04,14:45:00,Loan EMI,Internet Banking,42959.67,NPR,121410.5,,Loan EMI auto-debit,False
7000926,100053,2026-08-04,09:45:00,Transfer Out,Branch,21244.64,NPR,100165.86,,Outgoing fund transfer,False
7000930,100053,2026-08-10,18:45:00,Deposit,Internet Banking,46783.05,NPR,146948.91,Self,Cash deposit at branch counter,False
7000914,100053,2026-08-22,08:00:00,Interest Credit,Branch,30484.93,NPR,177433.84,,Quarterly interest credit,False
7000922,100053,2026-08-24,19:30:00,Transfer Out,Mobile App,50906,NPR,126527.84,,Outgoing fund transfer,False
7000909,100053,2026-08-27,14:45:00,Loan EMI,Internet Banking,24249.81,NPR,102278.03,,Loan EMI auto-debit,False
7000954,100054,2024-01-18,14:15:00,POS Purchase,Branch,1819.01,NPR,72833.51,NEA Bill Pay,Point-of-sale card purchase,False
7000953,100054,2024-04-14,08:45:00,Fee,IVR,137.18,NPR,72696.33,,Monthly account maintenance fee,False
7000943,100054,2024-04-15,08:00:00,Interest Credit,Mobile App,26217.51,NPR,98913.84,,Quarterly interest credit,False
7000938,100054,2024-05-17,06:15:00,Fee,Internet Banking,145.7,NPR,98768.14,,Monthly account maintenance fee,False
7000942,100054,2024-07-18,21:30:00,Fee,POS,890.47,NPR,97877.67,,Monthly account maintenance fee,False
7000939,100054,2024-07-30,20:15:00,POS Purchase,ATM,8395.64,NPR,89482.03,NTC Recharge,Point-of-sale card purchase,False
7000936,100054,2024-08-11,20:15:00,Loan EMI,Internet Banking,10619.3,NPR,78862.73,,Loan EMI auto-debit,False
7000934,100054,2024-08-31,16:00:00,Deposit,IVR,8534.09,NPR,87396.82,Self,Cash deposit at branch counter,False
7000940,100054,2024-11-18,21:00:00,Deposit,Branch,88979.71,NPR,176376.53,Self,Cash deposit at branch counter,True
7000958,100054,2024-11-23,18:00:00,Withdrawal,Internet Banking,17564.77,NPR,158811.76,Self,ATM cash withdrawal,False
7000956,100054,2025-02-13,16:15:00,Withdrawal,POS,42694.08,NPR,116117.68,Self,ATM cash withdrawal,False
7000952,100054,2025-03-20,22:15:00,Transfer In,IVR,92960.17,NPR,209077.85,,Incoming fund transfer,True
7000932,100054,2025-03-22,17:15:00,Deposit,Internet Banking,18453.16,NPR,227531.01,Self,Cash deposit at branch counter,False
7000955,100054,2025-06-22,07:45:00,Transfer Out,Internet Banking,30932.97,NPR,196598.04,,Outgoing fund transfer,False
7000946,100054,2025-07-26,14:30:00,Deposit,Internet Banking,10858.73,NPR,207456.77,Self,Cash deposit at branch counter,False
7000945,100054,2025-08-02,21:00:00,Withdrawal,Internet Banking,48349.68,NPR,159107.09,Self,ATM cash withdrawal,False
7000941,100054,2025-09-24,06:00:00,Transfer In,Internet Banking,71027.43,NPR,230134.52,,Incoming fund transfer,False
7000947,100054,2025-09-25,19:30:00,Interest Credit,POS,64003.35,NPR,294137.87,,Quarterly interest credit,False
7000935,100054,2025-11-21,07:45:00,Transfer Out,ATM,37261.28,NPR,256876.59,,Outgoing fund transfer,False
7000957,100054,2025-11-29,09:15:00,Transfer In,Internet Banking,74943.51,NPR,331820.1,,Incoming fund transfer,False
7000950,100054,2025-12-02,16:45:00,Transfer In,ATM,26316.11,NPR,358136.21,,Incoming fund transfer,False
7000948,100054,2025-12-28,07:45:00,POS Purchase,Mobile App,5270.3,NPR,352865.91,Self,Point-of-sale card purchase,False
7000951,100054,2026-01-06,10:45:00,Withdrawal,IVR,46089.08,NPR,306776.83,Self,ATM cash withdrawal,False
7000937,100054,2026-01-22,10:00:00,Loan EMI,Internet Banking,38602.12,NPR,268174.71,,Loan EMI auto-debit,False
7000944,100054,2026-02-02,13:15:00,Transfer Out,Mobile App,4113.9,NPR,264060.81,,Outgoing fund transfer,False
7000949,100054,2026-02-25,12:00:00,Fee,ATM,1081.41,NPR,262979.4,,Monthly account maintenance fee,False
7000933,100054,2026-03-21,16:30:00,Transfer In,Mobile App,25466.13,NPR,288445.53,,Incoming fund transfer,False
7000973,100055,2024-03-13,11:45:00,Fee,Mobile App,888.23,NPR,1457.69,,Monthly account maintenance fee,False
7000980,100055,2024-04-20,16:00:00,Deposit,Mobile App,70046.91,NPR,71504.6,Self,Cash deposit at branch counter,False
7000979,100055,2024-06-04,08:30:00,Transfer In,IVR,85694.14,NPR,157198.74,,Incoming fund transfer,True
7000982,100055,2024-08-15,17:15:00,Interest Credit,Internet Banking,77168.27,NPR,234367.01,,Quarterly interest credit,False
7000963,100055,2024-08-23,10:45:00,Interest Credit,IVR,47886.43,NPR,282253.44,,Quarterly interest credit,False
7000964,100055,2024-09-30,08:30:00,Deposit,POS,36752.48,NPR,319005.92,Self,Cash deposit at branch counter,False
7000972,100055,2024-10-27,15:45:00,Deposit,POS,25840.8,NPR,344846.72,Self,Cash deposit at branch counter,False
7000977,100055,2025-01-07,08:45:00,Transfer Out,IVR,30207.64,NPR,314639.08,,Outgoing fund transfer,False
7000974,100055,2025-01-09,22:45:00,Transfer In,ATM,21522.66,NPR,336161.74,,Incoming fund transfer,False
7000971,100055,2025-01-16,12:30:00,POS Purchase,Internet Banking,1461.59,NPR,334700.15,Local ATM Withdrawal,Point-of-sale card purchase,False
7000960,100055,2025-01-25,06:30:00,Interest Credit,IVR,28642.24,NPR,363342.39,,Quarterly interest credit,False
7000962,100055,2025-02-05,21:15:00,Loan EMI,Internet Banking,28916.28,NPR,334426.11,,Loan EMI auto-debit,False
7000976,100055,2025-03-22,10:45:00,Withdrawal,ATM,20283.89,NPR,314142.22,Self,ATM cash withdrawal,False
7000978,100055,2025-04-28,15:15:00,Transfer In,Branch,58074.59,NPR,372216.81,,Incoming fund transfer,False
7000967,100055,2025-05-11,16:30:00,Transfer Out,POS,9020.69,NPR,363196.12,,Outgoing fund transfer,False
7000961,100055,2025-06-22,14:30:00,Transfer In,Internet Banking,60703.6,NPR,423899.72,,Incoming fund transfer,False
7000969,100055,2025-07-04,06:15:00,POS Purchase,Internet Banking,9144.99,NPR,414754.73,Self,Point-of-sale card purchase,False
7000975,100055,2025-08-21,06:00:00,Fee,Branch,1027.84,NPR,413726.89,,Monthly account maintenance fee,False
7000965,100055,2025-08-24,06:00:00,Transfer Out,Mobile App,57119.41,NPR,356607.48,,Outgoing fund transfer,False
7000970,100055,2025-10-27,20:45:00,POS Purchase,Internet Banking,7424.47,NPR,349183.01,Foodmandu,Point-of-sale card purchase,False
7000966,100055,2025-12-05,10:15:00,Transfer Out,IVR,22055.15,NPR,327127.86,,Outgoing fund transfer,False
7000981,100055,2026-01-20,15:30:00,Fee,IVR,185.93,NPR,326941.93,,Monthly account maintenance fee,False
7000968,100055,2026-02-07,08:45:00,Transfer In,IVR,26427.23,NPR,353369.16,,Incoming fund transfer,False
7000959,100055,2026-03-12,07:30:00,Transfer Out,Mobile App,41237.9,NPR,312131.26,,Outgoing fund transfer,False
7000995,100056,2024-07-18,12:45:00,Withdrawal,ATM,55586.37,NPR,570103.08,Self,ATM cash withdrawal,False
7000984,100056,2024-08-14,19:30:00,POS Purchase,Internet Banking,10282.13,NPR,559820.95,NTC Recharge,Point-of-sale card purchase,False
7000987,100056,2024-11-10,06:30:00,Deposit,Mobile App,43536.23,NPR,603357.18,Self,Cash deposit at branch counter,False
7000986,100056,2024-12-16,06:15:00,Deposit,Mobile App,50148.15,NPR,653505.33,Self,Cash deposit at branch counter,False
7000992,100056,2025-01-25,07:30:00,Withdrawal,Internet Banking,61826.72,NPR,591678.61,Self,ATM cash withdrawal,False
7000990,100056,2025-05-21,21:45:00,Loan EMI,Internet Banking,16174.11,NPR,575504.5,,Loan EMI auto-debit,False
7000996,100056,2025-06-10,20:45:00,POS Purchase,Internet Banking,11700.74,NPR,563803.76,,Point-of-sale card purchase,False
7000991,100056,2025-08-21,18:00:00,Interest Credit,Internet Banking,73799.96,NPR,637603.72,,Quarterly interest credit,False
7000983,100056,2025-08-29,15:15:00,Loan EMI,Internet Banking,21580.24,NPR,616023.48,,Loan EMI auto-debit,False
7000988,100056,2025-11-20,21:00:00,Deposit,Mobile App,75486.37,NPR,691509.85,Self,Cash deposit at branch counter,False
7000985,100056,2025-12-22,18:15:00,Interest Credit,ATM,78886.78,NPR,770396.63,,Quarterly interest credit,False
7000994,100056,2026-01-06,20:45:00,Loan EMI,Internet Banking,4851.41,NPR,765545.22,,Loan EMI auto-debit,False
7000989,100056,2026-05-01,21:15:00,Transfer In,IVR,54010.42,NPR,819555.64,,Incoming fund transfer,False
7000993,100056,2026-08-06,12:30:00,Withdrawal,POS,57954.38,NPR,761601.26,Self,ATM cash withdrawal,False
7001000,100057,2024-01-05,22:00:00,Transfer Out,Branch,20294.18,NPR,104051.62,,Outgoing fund transfer,False
7001016,100057,2024-03-06,16:30:00,Fee,IVR,590.9,NPR,103460.72,,Monthly account maintenance fee,False
7001004,100057,2024-07-28,07:15:00,Loan EMI,Internet Banking,38608.66,NPR,64852.06,,Loan EMI auto-debit,False
7001003,100057,2024-10-22,16:15:00,Loan EMI,Internet Banking,18393.24,NPR,46458.82,,Loan EMI auto-debit,False
7001017,100057,2024-10-25,21:00:00,Transfer In,POS,4352.16,NPR,50810.98,,Incoming fund transfer,False
7001015,100057,2024-11-06,11:45:00,Withdrawal,POS,17553.09,NPR,33257.89,Self,ATM cash withdrawal,False
7000999,100057,2025-01-13,09:30:00,Transfer Out,Internet Banking,54444.24,NPR,-21186.35,,Outgoing fund transfer,False
7001002,100057,2025-02-03,13:30:00,Loan EMI,Internet Banking,21767.39,NPR,-42953.74,,Loan EMI auto-debit,False
7001014,100057,2025-05-06,09:00:00,Transfer In,Mobile App,80250.3,NPR,37296.56,,Incoming fund transfer,True
7001009,100057,2025-07-08,14:30:00,Deposit,IVR,5140.52,NPR,42437.08,Self,Cash deposit at branch counter,False
7001013,100057,2025-09-02,11:45:00,Loan EMI,Internet Banking,10372.76,NPR,32064.32,,Loan EMI auto-debit,False
7000998,100057,2025-09-22,16:30:00,Loan EMI,Internet Banking,28090.06,NPR,3974.26,,Loan EMI auto-debit,False
7001012,100057,2025-09-23,17:15:00,Loan EMI,Internet Banking,27088.57,NPR,-23114.31,,Loan EMI auto-debit,False
7001011,100057,2025-12-02,19:00:00,Loan EMI,Internet Banking,35275.1,NPR,-58389.41,,Loan EMI auto-debit,False
7000997,100057,2026-01-06,13:00:00,Transfer Out,ATM,59062.88,NPR,-117452.29,,Outgoing fund transfer,False
7001010,100057,2026-02-06,07:00:00,Transfer Out,ATM,41909.1,NPR,-159361.39,,Outgoing fund transfer,False
7001008,100057,2026-02-14,14:15:00,Deposit,POS,34065.05,NPR,-125296.34,Self,Cash deposit at branch counter,False
7001005,100057,2026-03-20,15:15:00,Withdrawal,POS,51574.59,NPR,-176870.93,Self,ATM cash withdrawal,False
7001001,100057,2026-04-30,18:45:00,Transfer Out,IVR,49892.91,NPR,-226763.84,,Outgoing fund transfer,False
7001018,100057,2026-05-16,16:00:00,Transfer In,IVR,4755.75,NPR,-222008.09,,Incoming fund transfer,False
7001007,100057,2026-05-22,20:15:00,Withdrawal,POS,34559.07,NPR,-256567.16,Self,ATM cash withdrawal,False
7001006,100057,2026-07-13,13:30:00,Loan EMI,Internet Banking,23967.85,NPR,-280535.01,,Loan EMI auto-debit,False
7001019,100057,2026-08-05,11:45:00,Fee,Branch,276.01,NPR,-280811.02,,Monthly account maintenance fee,False
7001036,100058,2025-11-05,16:45:00,Transfer Out,ATM,6697.26,NPR,140956.13,,Outgoing fund transfer,False
7001038,100058,2025-11-20,11:45:00,Withdrawal,Internet Banking,503.76,NPR,140452.37,Self,ATM cash withdrawal,False
7001030,100058,2025-11-30,09:45:00,Interest Credit,Branch,90089.61,NPR,230541.98,,Quarterly interest credit,True
7001020,100058,2025-12-05,20:30:00,Deposit,Branch,82671.91,NPR,313213.89,Self,Cash deposit at branch counter,False
7001039,100058,2025-12-20,08:00:00,Transfer In,Mobile App,69881.44,NPR,383095.33,,Incoming fund transfer,False
7001024,100058,2026-01-26,13:45:00,POS Purchase,IVR,2987.24,NPR,380108.09,Amazon,Point-of-sale card purchase,False
7001026,100058,2026-02-02,08:45:00,POS Purchase,IVR,8774.46,NPR,371333.63,IME Remit,Point-of-sale card purchase,False
7001023,100058,2026-03-16,13:00:00,Transfer Out,POS,7302.68,NPR,364030.95,,Outgoing fund transfer,False
7001029,100058,2026-03-16,13:45:00,Fee,Branch,916.74,NPR,363114.21,,Monthly account maintenance fee,False
7001027,100058,2026-03-25,07:15:00,Transfer Out,POS,34171.83,NPR,328942.38,,Outgoing fund transfer,False
7001021,100058,2026-05-13,17:30:00,POS Purchase,Mobile App,11154.81,NPR,317787.57,Salary Employer Pvt Ltd,Point-of-sale card purchase,False
7001031,100058,2026-05-20,16:15:00,POS Purchase,Branch,11799.07,NPR,305988.5,Khalti,Point-of-sale card purchase,False
7001022,100058,2026-05-31,12:45:00,Interest Credit,ATM,82674.93,NPR,388663.43,,Quarterly interest credit,True
7001034,100058,2026-06-08,09:00:00,Transfer Out,Branch,52953.95,NPR,335709.48,,Outgoing fund transfer,False
7001032,100058,2026-06-09,09:30:00,Withdrawal,IVR,56698.79,NPR,279010.69,Self,ATM cash withdrawal,False
7001037,100058,2026-06-16,14:30:00,Interest Credit,POS,48199.32,NPR,327210.01,,Quarterly interest credit,False
7001040,100058,2026-06-26,09:30:00,Transfer In,ATM,91214.34,NPR,418424.35,,Incoming fund transfer,False
7001028,100058,2026-07-04,14:45:00,Loan EMI,Internet Banking,34255.39,NPR,384168.96,,Loan EMI auto-debit,False
7001033,100058,2026-07-07,06:15:00,POS Purchase,IVR,768.5,NPR,383400.46,Khalti,Point-of-sale card purchase,False
7001025,100058,2026-08-04,14:45:00,Transfer Out,Mobile App,19840.07,NPR,363560.39,,Outgoing fund transfer,False
7001035,100058,2026-08-21,11:45:00,Transfer Out,Mobile App,3822.34,NPR,359738.05,,Outgoing fund transfer,False
7001059,100059,2024-02-02,08:45:00,Loan EMI,Internet Banking,37555.83,NPR,128819.55,,Loan EMI auto-debit,False
7001053,100059,2024-02-12,10:30:00,Deposit,Mobile App,92236.58,NPR,221056.13,Self,Cash deposit at branch counter,False
7001050,100059,2024-03-29,09:30:00,Loan EMI,Internet Banking,15848.33,NPR,205207.8,,Loan EMI auto-debit,False
7001042,100059,2024-04-30,22:15:00,Fee,ATM,95.5,NPR,205112.3,,Monthly account maintenance fee,False
7001048,100059,2024-05-07,09:45:00,Fee,Internet Banking,1399.28,NPR,203713.02,,Monthly account maintenance fee,False
7001058,100059,2024-05-18,17:15:00,Loan EMI,Internet Banking,9323.07,NPR,194389.95,,Loan EMI auto-debit,False
7001055,100059,2024-11-28,14:45:00,Withdrawal,POS,58491.4,NPR,135898.55,Self,ATM cash withdrawal,False
7001043,100059,2024-12-01,13:00:00,Transfer In,IVR,20062.59,NPR,155961.14,,Incoming fund transfer,False
7001047,100059,2025-01-26,09:30:00,Fee,Internet Banking,1259.53,NPR,154701.61,,Monthly account maintenance fee,False
7001051,100059,2025-03-20,19:00:00,Loan EMI,Internet Banking,11887.48,NPR,142814.13,,Loan EMI auto-debit,False
7001041,100059,2025-06-27,18:00:00,Deposit,ATM,46589.03,NPR,189403.16,Self,Cash deposit at branch counter,False
7001044,100059,2025-07-03,17:30:00,Loan EMI,Internet Banking,7428.19,NPR,181974.97,,Loan EMI auto-debit,False
7001054,100059,2025-07-14,16:15:00,Transfer In,IVR,89885.49,NPR,271860.46,,Incoming fund transfer,False
7001056,100059,2025-09-19,21:30:00,POS Purchase,Branch,6117.61,NPR,265742.85,NTC Recharge,Point-of-sale card purchase,False
7001046,100059,2025-10-25,10:00:00,Deposit,Branch,85451.93,NPR,351194.78,Self,Cash deposit at branch counter,False
7001060,100059,2025-12-19,08:00:00,Withdrawal,POS,60200.43,NPR,290994.35,Self,ATM cash withdrawal,False
7001061,100059,2026-01-23,20:00:00,Withdrawal,ATM,42899.85,NPR,248094.5,Self,ATM cash withdrawal,False
7001057,100059,2026-02-25,13:00:00,Transfer Out,Branch,35504.92,NPR,212589.58,,Outgoing fund transfer,False
7001045,100059,2026-03-06,22:30:00,Fee,Internet Banking,1425.36,NPR,211164.22,,Monthly account maintenance fee,False
7001049,100059,2026-06-04,12:00:00,Deposit,ATM,65429.84,NPR,276594.06,Self,Cash deposit at branch counter,False
7001052,100059,2026-08-12,17:30:00,Transfer In,POS,40636.64,NPR,317230.7,,Incoming fund transfer,False
7001065,100060,2024-05-24,16:00:00,POS Purchase,POS,6659.54,NPR,110224.05,Daraz,Point-of-sale card purchase,False
7001072,100060,2024-05-25,17:15:00,Interest Credit,Mobile App,7468.51,NPR,117692.56,,Quarterly interest credit,False
7001074,100060,2025-02-05,14:45:00,Transfer In,Branch,85446.27,NPR,203138.83,,Incoming fund transfer,False
7001068,100060,2025-02-09,13:30:00,POS Purchase,POS,10056.46,NPR,193082.37,Amazon,Point-of-sale card purchase,False
7001066,100060,2025-03-22,10:15:00,Transfer Out,Branch,60837.89,NPR,132244.48,,Outgoing fund transfer,False
7001071,100060,2025-05-19,16:15:00,POS Purchase,Branch,770.64,NPR,131473.84,Salary Employer Pvt Ltd,Point-of-sale card purchase,False
7001063,100060,2025-12-13,22:30:00,Loan EMI,Internet Banking,30388.46,NPR,101085.38,,Loan EMI auto-debit,False
7001064,100060,2025-12-21,08:15:00,Loan EMI,Internet Banking,8427.02,NPR,92658.36,,Loan EMI auto-debit,False
7001073,100060,2026-01-08,10:45:00,Interest Credit,Branch,53988.7,NPR,146647.06,,Quarterly interest credit,False
7001067,100060,2026-02-19,18:15:00,Transfer Out,POS,40839.43,NPR,105807.63,,Outgoing fund transfer,False
7001069,100060,2026-06-19,21:45:00,Loan EMI,Internet Banking,39153.78,NPR,66653.85,,Loan EMI auto-debit,False
7001062,100060,2026-07-19,15:45:00,Transfer In,IVR,91031.6,NPR,157685.45,,Incoming fund transfer,False
7001070,100060,2026-08-10,15:45:00,Deposit,Internet Banking,10283.83,NPR,167969.28,Self,Cash deposit at branch counter,False
7001084,100061,2024-08-06,21:45:00,Fee,POS,118.92,NPR,42578.6,,Monthly account maintenance fee,False
7001086,100061,2024-11-11,17:45:00,Transfer In,Internet Banking,56703.04,NPR,99281.64,,Incoming fund transfer,False
7001075,100061,2024-11-22,17:45:00,Fee,Branch,69.51,NPR,99212.13,,Monthly account maintenance fee,False
7001078,100061,2024-11-25,19:30:00,POS Purchase,Branch,6417.73,NPR,92794.4,Khalti,Point-of-sale card purchase,False
7001077,100061,2024-12-19,06:30:00,Transfer In,POS,33276.06,NPR,126070.46,,Incoming fund transfer,False
7001083,100061,2025-03-02,11:15:00,Transfer In,ATM,40251.9,NPR,166322.36,,Incoming fund transfer,False
7001076,100061,2025-06-29,20:30:00,Interest Credit,ATM,66055.37,NPR,232377.73,,Quarterly interest credit,False
7001082,100061,2025-11-05,19:15:00,Fee,Mobile App,528.12,NPR,231849.61,,Monthly account maintenance fee,False
7001085,100061,2025-11-20,11:30:00,Withdrawal,Branch,21564.42,NPR,210285.19,Self,ATM cash withdrawal,False
7001087,100061,2026-02-23,17:45:00,Withdrawal,Internet Banking,62785.85,NPR,147499.34,Self,ATM cash withdrawal,False
7001079,100061,2026-03-08,19:15:00,Loan EMI,Internet Banking,33007.6,NPR,114491.74,,Loan EMI auto-debit,False
7001081,100061,2026-08-16,08:30:00,Fee,Mobile App,1359.45,NPR,113132.29,,Monthly account maintenance fee,False
7001080,100061,2026-08-26,13:15:00,Transfer In,Branch,57398.49,NPR,170530.78,,Incoming fund transfer,False
7001093,100062,2026-07-14,07:15:00,Transfer Out,ATM,14981.94,NPR,170356.76,,Outgoing fund transfer,False
7001097,100062,2026-07-25,07:15:00,Deposit,POS,33283.3,NPR,203640.06,Self,Cash deposit at branch counter,False
7001105,100062,2026-07-25,18:45:00,POS Purchase,POS,5133.58,NPR,198506.48,Local ATM Withdrawal,Point-of-sale card purchase,False
7001101,100062,2026-07-26,17:45:00,Interest Credit,POS,7220.88,NPR,205727.36,,Quarterly interest credit,False
7001092,100062,2026-08-02,18:00:00,Interest Credit,Branch,18530.89,NPR,224258.25,,Quarterly interest credit,False
7001102,100062,2026-08-03,13:30:00,POS Purchase,IVR,6845.32,NPR,217412.93,Khalti,Point-of-sale card purchase,False
7001088,100062,2026-08-04,15:00:00,Fee,POS,1451.03,NPR,215961.9,,Monthly account maintenance fee,False
7001103,100062,2026-08-08,20:45:00,Transfer In,IVR,32736.42,NPR,248698.32,,Incoming fund transfer,False
7001095,100062,2026-08-09,15:30:00,Transfer In,ATM,56048.71,NPR,304747.03,,Incoming fund transfer,False
7001100,100062,2026-08-09,16:00:00,Transfer Out,ATM,52843.55,NPR,251903.48,,Outgoing fund transfer,False
7001106,100062,2026-08-09,16:15:00,Loan EMI,Internet Banking,31587.68,NPR,220315.8,,Loan EMI auto-debit,False
7001098,100062,2026-08-13,17:00:00,Loan EMI,Internet Banking,26500.94,NPR,193814.86,,Loan EMI auto-debit,False
7001096,100062,2026-08-15,22:15:00,POS Purchase,Internet Banking,8588.93,NPR,185225.93,NTC Recharge,Point-of-sale card purchase,False
7001094,100062,2026-08-19,20:45:00,Deposit,Mobile App,27439.72,NPR,212665.65,Self,Cash deposit at branch counter,False
7001089,100062,2026-08-21,06:45:00,Fee,POS,1022.1,NPR,211643.55,,Monthly account maintenance fee,False
7001090,100062,2026-08-22,20:45:00,Loan EMI,Internet Banking,20045.75,NPR,191597.8,,Loan EMI auto-debit,False
7001104,100062,2026-08-23,08:30:00,Withdrawal,Internet Banking,47828.7,NPR,143769.1,Self,ATM cash withdrawal,False
7001107,100062,2026-08-25,20:45:00,Fee,Internet Banking,1091.01,NPR,142678.09,,Monthly account maintenance fee,False
7001091,100062,2026-08-28,08:00:00,Withdrawal,POS,53811.95,NPR,88866.14,Self,ATM cash withdrawal,False
7001099,100062,2026-08-28,13:00:00,Transfer In,Branch,83144.76,NPR,172010.9,,Incoming fund transfer,True
7001108,100063,2024-11-19,15:00:00,Transfer Out,Internet Banking,48679.95,NPR,-18244.2,,Outgoing fund transfer,False
7001112,100063,2025-02-11,06:30:00,Loan EMI,Internet Banking,42479.25,NPR,-60723.45,,Loan EMI auto-debit,False
7001110,100063,2025-03-28,22:45:00,Transfer In,Mobile App,10090.92,NPR,-50632.53,,Incoming fund transfer,False
7001111,100063,2025-08-18,08:00:00,POS Purchase,Internet Banking,5367.56,NPR,-56000.09,Amazon,Point-of-sale card purchase,False
7001113,100063,2025-11-03,09:00:00,Deposit,Mobile App,70587.88,NPR,14587.79,Self,Cash deposit at branch counter,False
7001115,100063,2025-11-14,14:00:00,POS Purchase,Branch,10661.45,NPR,3926.34,IME Remit,Point-of-sale card purchase,False
7001109,100063,2025-12-10,07:00:00,Fee,Internet Banking,872.95,NPR,3053.39,,Monthly account maintenance fee,False
7001114,100063,2026-07-27,17:00:00,Withdrawal,POS,53131.61,NPR,-50078.22,Self,ATM cash withdrawal,False
7001128,100064,2026-02-16,17:45:00,Fee,ATM,584.47,NPR,503877.45,,Monthly account maintenance fee,False
7001116,100064,2026-04-02,18:00:00,Interest Credit,Internet Banking,77626.16,NPR,581503.61,,Quarterly interest credit,False
7001120,100064,2026-04-06,20:30:00,Interest Credit,IVR,87857.21,NPR,669360.82,,Quarterly interest credit,False
7001125,100064,2026-04-23,22:30:00,Deposit,ATM,41357.93,NPR,710718.75,Self,Cash deposit at branch counter,False
7001127,100064,2026-04-30,19:45:00,Loan EMI,Internet Banking,43125.22,NPR,667593.53,,Loan EMI auto-debit,False
7001123,100064,2026-05-03,08:15:00,Loan EMI,Internet Banking,11444.57,NPR,656148.96,,Loan EMI auto-debit,False
7001119,100064,2026-05-04,18:30:00,Interest Credit,Internet Banking,64487.07,NPR,720636.03,,Quarterly interest credit,False
7001121,100064,2026-06-04,17:15:00,Transfer In,POS,47924.5,NPR,768560.53,,Incoming fund transfer,False
7001126,100064,2026-06-14,09:00:00,Interest Credit,IVR,73421.74,NPR,841982.27,,Quarterly interest credit,False
7001122,100064,2026-06-23,17:15:00,Loan EMI,Internet Banking,21705.56,NPR,820276.71,,Loan EMI auto-debit,False
7001124,100064,2026-06-30,10:00:00,Transfer Out,ATM,25819.19,NPR,794457.52,,Outgoing fund transfer,False
7001117,100064,2026-07-20,09:15:00,Deposit,IVR,12299.21,NPR,806756.73,Self,Cash deposit at branch counter,False
7001118,100064,2026-07-26,14:00:00,Loan EMI,Internet Banking,38950.56,NPR,767806.17,,Loan EMI auto-debit,False
7001129,100064,2026-08-29,21:45:00,Loan EMI,Internet Banking,8601.47,NPR,759204.7,,Loan EMI auto-debit,False
7001131,100065,2024-01-03,06:45:00,Loan EMI,Internet Banking,7828.02,NPR,-7828.02,,Loan EMI auto-debit,False
7001132,100065,2025-04-24,09:00:00,POS Purchase,Mobile App,7602.3,NPR,-15430.32,Bhat-Bhateni Supermarket,Point-of-sale card purchase,False
7001130,100065,2025-09-14,15:45:00,Loan EMI,Internet Banking,28930.57,NPR,-44360.89,,Loan EMI auto-debit,False
7001133,100065,2026-07-06,21:00:00,POS Purchase,Internet Banking,9127.97,NPR,-53488.86,Self,Point-of-sale card purchase,False
7001142,100066,2025-08-08,07:30:00,Transfer In,ATM,80735.19,NPR,403616.78,,Incoming fund transfer,True
7001136,100066,2025-08-15,14:45:00,Transfer Out,Mobile App,43956.54,NPR,359660.24,,Outgoing fund transfer,False
7001148,100066,2025-08-24,08:15:00,Transfer Out,IVR,8114.79,NPR,351545.45,,Outgoing fund transfer,False
7001138,100066,2025-09-23,08:30:00,Loan EMI,Internet Banking,37549.72,NPR,313995.73,,Loan EMI auto-debit,False
7001145,100066,2025-09-28,17:30:00,POS Purchase,IVR,5683.71,NPR,308312.02,Foodmandu,Point-of-sale card purchase,False
7001146,100066,2025-10-13,20:15:00,Transfer Out,POS,17387.52,NPR,290924.5,,Outgoing fund transfer,False
7001144,100066,2025-10-24,13:45:00,Loan EMI,Internet Banking,32406.88,NPR,258517.62,,Loan EMI auto-debit,False
7001159,100066,2025-11-25,19:45:00,Fee,POS,274.81,NPR,258242.81,,Monthly account maintenance fee,False
7001154,100066,2025-12-23,13:30:00,Transfer Out,IVR,27420.49,NPR,230822.32,,Outgoing fund transfer,False
7001156,100066,2025-12-28,20:15:00,Interest Credit,Branch,15279.09,NPR,246101.41,,Quarterly interest credit,False
7001135,100066,2025-12-29,15:15:00,Withdrawal,Internet Banking,48385.24,NPR,197716.17,Self,ATM cash withdrawal,False
7001158,100066,2026-01-08,09:45:00,Interest Credit,POS,87906.9,NPR,285623.07,,Quarterly interest credit,True
7001151,100066,2026-01-23,10:30:00,POS Purchase,Internet Banking,11042.23,NPR,274580.84,Bhat-Bhateni Supermarket,Point-of-sale card purchase,False
7001153,100066,2026-02-14,19:15:00,POS Purchase,Mobile App,11303.65,NPR,263277.19,NTC Recharge,Point-of-sale card purchase,False
7001147,100066,2026-03-13,08:15:00,Transfer Out,IVR,7364.53,NPR,255912.66,,Outgoing fund transfer,False
7001139,100066,2026-04-10,11:00:00,Interest Credit,POS,73488.62,NPR,329401.28,,Quarterly interest credit,False
7001141,100066,2026-04-15,19:30:00,Transfer In,POS,43958.31,NPR,373359.59,,Incoming fund transfer,False
7001143,100066,2026-04-15,16:15:00,Withdrawal,IVR,63301.93,NPR,310057.66,Self,ATM cash withdrawal,False
7001155,100066,2026-04-17,13:30:00,Fee,Internet Banking,643.22,NPR,309414.44,,Monthly account maintenance fee,False
7001152,100066,2026-04-21,21:15:00,Loan EMI,Internet Banking,9528.42,NPR,299886.02,,Loan EMI auto-debit,False
7001157,100066,2026-05-03,18:45:00,Fee,Branch,632.38,NPR,299253.64,,Monthly account maintenance fee,False
7001149,100066,2026-05-07,18:15:00,Fee,Branch,672.34,NPR,298581.3,,Monthly account maintenance fee,False
7001150,100066,2026-05-16,22:00:00,Fee,IVR,138.89,NPR,298442.41,,Monthly account maintenance fee,False
7001140,100066,2026-06-30,19:45:00,POS Purchase,ATM,503.53,NPR,297938.88,Salary Employer Pvt Ltd,Point-of-sale card purchase,False
7001134,100066,2026-08-15,13:45:00,Transfer Out,IVR,42044.41,NPR,255894.47,,Outgoing fund transfer,False
7001137,100066,2026-08-21,07:45:00,Transfer In,POS,2566.2,NPR,258460.67,,Incoming fund transfer,False
7001170,100067,2026-01-11,13:30:00,Deposit,POS,79850.74,NPR,740761.73,Self,Cash deposit at branch counter,False
7001161,100067,2026-02-09,16:45:00,Interest Credit,Internet Banking,59827.54,NPR,800589.27,,Quarterly interest credit,False
7001162,100067,2026-02-24,17:45:00,Loan EMI,Internet Banking,9208.56,NPR,791380.71,,Loan EMI auto-debit,False
7001160,100067,2026-04-30,15:00:00,Fee,Branch,1472.52,NPR,789908.19,,Monthly account maintenance fee,False
7001168,100067,2026-05-02,22:00:00,Loan EMI,Internet Banking,42285.74,NPR,747622.45,,Loan EMI auto-debit,False
7001165,100067,2026-05-16,19:45:00,POS Purchase,Mobile App,5231.77,NPR,742390.68,NEA Bill Pay,Point-of-sale card purchase,False
7001167,100067,2026-05-17,21:15:00,Interest Credit,POS,34068.55,NPR,776459.23,,Quarterly interest credit,False
7001166,100067,2026-05-21,20:00:00,Interest Credit,ATM,41340.5,NPR,817799.73,,Quarterly interest credit,False
7001164,100067,2026-07-05,10:00:00,Transfer Out,POS,1536.13,NPR,816263.6,,Outgoing fund transfer,False
7001163,100067,2026-07-06,22:45:00,Interest Credit,Internet Banking,1563.65,NPR,817827.25,,Quarterly interest credit,False
7001169,100067,2026-07-20,15:30:00,Transfer Out,Mobile App,50400.27,NPR,767426.98,,Outgoing fund transfer,False
7001171,100067,2026-08-04,22:15:00,Fee,IVR,854.02,NPR,766572.96,,Monthly account maintenance fee,False
7001189,100068,2024-10-10,10:00:00,Transfer In,Internet Banking,72472.5,NPR,840181.27,,Incoming fund transfer,False
7001175,100068,2024-10-30,11:45:00,Transfer Out,POS,1082.92,NPR,839098.35,,Outgoing fund transfer,False
7001186,100068,2024-10-30,11:15:00,Deposit,ATM,60668.09,NPR,899766.44,Self,Cash deposit at branch counter,False
7001172,100068,2024-12-07,17:45:00,Withdrawal,IVR,15186.63,NPR,884579.81,Self,ATM cash withdrawal,False
7001191,100068,2024-12-17,19:45:00,Deposit,IVR,87877.82,NPR,972457.63,Self,Cash deposit at branch counter,True
7001184,100068,2024-12-24,18:30:00,Transfer Out,ATM,3600.18,NPR,968857.45,,Outgoing fund transfer,False
7001176,100068,2025-02-01,18:00:00,Transfer Out,POS,47654.72,NPR,921202.73,,Outgoing fund transfer,False
7001192,100068,2025-05-16,14:15:00,Loan EMI,Internet Banking,6943.13,NPR,914259.6,,Loan EMI auto-debit,False
7001190,100068,2025-05-30,20:15:00,Transfer In,ATM,21929.07,NPR,936188.67,,Incoming fund transfer,False
7001188,100068,2025-06-24,14:45:00,POS Purchase,Branch,498.36,NPR,935690.31,Self,Point-of-sale card purchase,False
7001180,100068,2025-08-01,14:45:00,Transfer Out,Internet Banking,64125.75,NPR,871564.56,,Outgoing fund transfer,False
7001183,100068,2025-08-05,14:45:00,Withdrawal,IVR,52237.41,NPR,819327.15,Self,ATM cash withdrawal,False
7001182,100068,2025-08-21,13:15:00,Fee,POS,586.66,NPR,818740.49,,Monthly account maintenance fee,False
7001179,100068,2025-09-05,06:45:00,POS Purchase,ATM,1861.73,NPR,816878.76,Bhat-Bhateni Supermarket,Point-of-sale card purchase,False
7001187,100068,2025-09-17,10:30:00,Loan EMI,Internet Banking,5452.17,NPR,811426.59,,Loan EMI auto-debit,False
7001181,100068,2025-10-17,16:30:00,POS Purchase,Branch,2673.39,NPR,808753.2,Daraz,Point-of-sale card purchase,False
7001178,100068,2025-11-27,13:15:00,Transfer Out,ATM,22524.76,NPR,786228.44,,Outgoing fund transfer,False
7001174,100068,2026-02-23,15:15:00,Loan EMI,Internet Banking,12673.61,NPR,773554.83,,Loan EMI auto-debit,False
7001185,100068,2026-06-09,20:45:00,Transfer Out,POS,1956.85,NPR,771597.98,,Outgoing fund transfer,False
7001177,100068,2026-06-12,19:00:00,Transfer Out,Mobile App,62762.97,NPR,708835.01,,Outgoing fund transfer,False
7001173,100068,2026-07-31,11:15:00,Withdrawal,Mobile App,19311.44,NPR,689523.57,Self,ATM cash withdrawal,False
7001193,100069,2025-11-16,10:45:00,Fee,IVR,1258.6,NPR,-1258.6,,Monthly account maintenance fee,False
7001194,100069,2026-03-25,06:00:00,Transfer In,POS,25545.64,NPR,24287.04,,Incoming fund transfer,False
7001195,100069,2026-05-18,14:15:00,Transfer Out,IVR,16984.5,NPR,7302.54,,Outgoing fund transfer,False
7001196,100069,2026-06-14,21:30:00,Deposit,Internet Banking,82887.67,NPR,90190.21,Self,Cash deposit at branch counter,False
7001214,100070,2026-06-20,20:30:00,Withdrawal,POS,3888.44,NPR,345408.05,Self,ATM cash withdrawal,False
7001219,100070,2026-06-22,22:30:00,Fee,Internet Banking,456.27,NPR,344951.78,,Monthly account maintenance fee,False
7001223,100070,2026-06-23,16:00:00,Loan EMI,Internet Banking,11077.4,NPR,333874.38,,Loan EMI auto-debit,False
7001199,100070,2026-06-25,07:00:00,POS Purchase,POS,3766.19,NPR,330108.19,Daraz,Point-of-sale card purchase,False
7001208,100070,2026-06-25,18:45:00,Transfer Out,Mobile App,22538.6,NPR,307569.59,,Outgoing fund transfer,False
7001197,100070,2026-06-30,18:30:00,Withdrawal,POS,46164.04,NPR,261405.55,Self,ATM cash withdrawal,False
7001225,100070,2026-06-30,08:15:00,Interest Credit,Internet Banking,51722.23,NPR,313127.78,,Quarterly interest credit,False
7001212,100070,2026-07-04,22:00:00,Deposit,Mobile App,4528.39,NPR,317656.17,Self,Cash deposit at branch counter,False
7001211,100070,2026-07-05,16:00:00,Interest Credit,POS,8984.32,NPR,326640.49,,Quarterly interest credit,False
7001207,100070,2026-07-09,18:15:00,Loan EMI,Internet Banking,13353.17,NPR,313287.32,,Loan EMI auto-debit,False
7001205,100070,2026-07-14,11:30:00,Loan EMI,Internet Banking,31676.47,NPR,281610.85,,Loan EMI auto-debit,False
7001224,100070,2026-07-17,07:45:00,POS Purchase,Internet Banking,5975.11,NPR,275635.74,Foodmandu,Point-of-sale card purchase,False
7001198,100070,2026-07-21,17:15:00,POS Purchase,Internet Banking,7830.76,NPR,267804.98,Daraz,Point-of-sale card purchase,False
7001215,100070,2026-07-21,12:45:00,Interest Credit,Branch,90750.97,NPR,358555.95,,Quarterly interest credit,True
7001210,100070,2026-07-22,20:00:00,POS Purchase,Branch,5722.86,NPR,352833.09,NEA Bill Pay,Point-of-sale card purchase,False
7001221,100070,2026-07-23,18:30:00,Withdrawal,POS,45849.09,NPR,306984,Self,ATM cash withdrawal,False
7001209,100070,2026-07-26,17:30:00,Interest Credit,POS,55129.38,NPR,362113.38,,Quarterly interest credit,False
7001220,100070,2026-07-28,16:15:00,Fee,Branch,464.78,NPR,361648.6,,Monthly account maintenance fee,False
7001206,100070,2026-07-30,19:00:00,Transfer In,ATM,49584.69,NPR,411233.29,,Incoming fund transfer,False
7001226,100070,2026-07-30,12:30:00,Transfer Out,POS,29428.43,NPR,381804.86,,Outgoing fund transfer,False
7001216,100070,2026-08-02,20:30:00,POS Purchase,Internet Banking,11025.23,NPR,370779.63,Self,Point-of-sale card purchase,False
7001217,100070,2026-08-06,14:15:00,Transfer In,Mobile App,26213.64,NPR,396993.27,,Incoming fund transfer,False
7001222,100070,2026-08-06,06:15:00,Transfer Out,Branch,35370.97,NPR,361622.3,,Outgoing fund transfer,False
7001201,100070,2026-08-11,18:30:00,Interest Credit,POS,11143.63,NPR,372765.93,,Quarterly interest credit,False
7001200,100070,2026-08-12,21:30:00,Loan EMI,Internet Banking,38665.13,NPR,334100.8,,Loan EMI auto-debit,False
7001204,100070,2026-08-13,13:00:00,Deposit,Internet Banking,58737.51,NPR,392838.31,Self,Cash deposit at branch counter,False
7001213,100070,2026-08-13,15:45:00,Transfer Out,Branch,30976.96,NPR,361861.35,,Outgoing fund transfer,False
7001202,100070,2026-08-14,21:00:00,Fee,POS,1182.52,NPR,360678.83,,Monthly account maintenance fee,False
7001218,100070,2026-08-14,09:45:00,Withdrawal,Branch,19758.31,NPR,340920.52,Self,ATM cash withdrawal,False
7001203,100070,2026-08-25,17:30:00,Loan EMI,Internet Banking,43867.06,NPR,297053.46,,Loan EMI auto-debit,False
7001230,100071,2025-10-04,17:30:00,Loan EMI,Internet Banking,33077.05,NPR,640868.33,,Loan EMI auto-debit,False
7001241,100071,2025-10-11,06:30:00,Interest Credit,Mobile App,21587.26,NPR,662455.59,,Quarterly interest credit,False
7001234,100071,2025-10-16,10:00:00,Interest Credit,ATM,17760.69,NPR,680216.28,,Quarterly interest credit,False
7001239,100071,2025-10-28,07:45:00,POS Purchase,IVR,9086.33,NPR,671129.95,Salary Employer Pvt Ltd,Point-of-sale card purchase,False
7001242,100071,2025-11-18,17:45:00,Transfer In,Mobile App,9614.84,NPR,680744.79,,Incoming fund transfer,False
7001236,100071,2025-12-30,15:00:00,Withdrawal,Internet Banking,49176.65,NPR,631568.14,Self,ATM cash withdrawal,False
7001232,100071,2026-01-20,17:45:00,Interest Credit,Branch,26521.19,NPR,658089.33,,Quarterly interest credit,False
7001235,100071,2026-01-21,19:00:00,Withdrawal,POS,2336.71,NPR,655752.62,Self,ATM cash withdrawal,False
7001237,100071,2026-02-01,09:30:00,Loan EMI,Internet Banking,31545.64,NPR,624206.98,,Loan EMI auto-debit,False
7001228,100071,2026-02-12,10:45:00,Fee,Internet Banking,823.17,NPR,623383.81,,Monthly account maintenance fee,False
7001227,100071,2026-03-15,09:15:00,Deposit,IVR,75415.72,NPR,698799.53,Self,Cash deposit at branch counter,False
7001238,100071,2026-03-15,17:00:00,Transfer In,ATM,35331.75,NPR,734131.28,,Incoming fund transfer,False
7001240,100071,2026-04-07,13:45:00,Fee,IVR,510.35,NPR,733620.93,,Monthly account maintenance fee,False
7001244,100071,2026-05-13,06:30:00,Deposit,POS,56257.08,NPR,789878.01,Self,Cash deposit at branch counter,False
7001231,100071,2026-05-20,07:15:00,Transfer Out,POS,6671.49,NPR,783206.52,,Outgoing fund transfer,False
7001233,100071,2026-05-25,06:45:00,POS Purchase,POS,11769.44,NPR,771437.08,Salary Employer Pvt Ltd,Point-of-sale card purchase,False
7001243,100071,2026-06-10,07:15:00,Loan EMI,Internet Banking,6025.49,NPR,765411.59,,Loan EMI auto-debit,False
7001229,100071,2026-07-27,19:15:00,Interest Credit,Mobile App,30394.14,NPR,795805.73,,Quarterly interest credit,False
7001255,100072,2024-11-22,14:45:00,Loan EMI,Internet Banking,19812.78,NPR,1550.78,,Loan EMI auto-debit,False
7001256,100072,2024-12-11,13:00:00,Transfer In,Internet Banking,7674.3,NPR,9225.08,,Incoming fund transfer,False
7001251,100072,2024-12-26,22:45:00,Deposit,Branch,16354.06,NPR,25579.14,Self,Cash deposit at branch counter,False
7001258,100072,2024-12-30,11:00:00,Deposit,POS,87589.48,NPR,113168.62,Self,Cash deposit at branch counter,True
7001261,100072,2025-01-25,15:30:00,Interest Credit,Mobile App,15293.84,NPR,128462.46,,Quarterly interest credit,False
7001250,100072,2025-03-01,12:15:00,Withdrawal,IVR,64691.19,NPR,63771.27,Self,ATM cash withdrawal,False
7001257,100072,2025-09-06,21:30:00,Loan EMI,Internet Banking,37266.4,NPR,26504.87,,Loan EMI auto-debit,False
7001260,100072,2025-10-01,19:15:00,Transfer In,IVR,22439.31,NPR,48944.18,,Incoming fund transfer,False
7001254,100072,2025-10-25,14:15:00,Loan EMI,Internet Banking,6583.46,NPR,42360.72,,Loan EMI auto-debit,False
7001246,100072,2025-10-29,20:00:00,Transfer Out,Mobile App,6090.59,NPR,36270.13,,Outgoing fund transfer,False
7001247,100072,2025-11-24,13:30:00,POS Purchase,Internet Banking,5866.33,NPR,30403.8,Amazon,Point-of-sale card purchase,False
7001245,100072,2026-01-14,21:45:00,Deposit,Mobile App,55836.64,NPR,86240.44,Self,Cash deposit at branch counter,False
7001249,100072,2026-01-16,14:45:00,Transfer In,ATM,88128.45,NPR,174368.89,,Incoming fund transfer,True
7001248,100072,2026-04-07,15:30:00,Interest Credit,ATM,61922.83,NPR,236291.72,,Quarterly interest credit,False
7001253,100072,2026-06-24,16:15:00,Interest Credit,Mobile App,42452.95,NPR,278744.67,,Quarterly interest credit,False
7001259,100072,2026-06-24,22:00:00,Transfer Out,IVR,42324.3,NPR,236420.37,,Outgoing fund transfer,False
7001252,100072,2026-07-13,10:00:00,Deposit,Branch,6972.48,NPR,243392.85,Self,Cash deposit at branch counter,False
7001262,100073,2024-01-11,09:30:00,Transfer In,ATM,59834.72,NPR,186561.94,,Incoming fund transfer,False
7001284,100073,2024-04-06,18:15:00,Fee,IVR,1127.9,NPR,185434.04,,Monthly account maintenance fee,False
7001266,100073,2024-08-09,08:00:00,Transfer In,ATM,24464.13,NPR,209898.17,,Incoming fund transfer,False
7001271,100073,2024-08-10,08:15:00,Transfer Out,Branch,31814.84,NPR,178083.33,,Outgoing fund transfer,False
7001273,100073,2024-10-09,13:00:00,POS Purchase,POS,6916.82,NPR,171166.51,Self,Point-of-sale card purchase,False
7001280,100073,2024-11-09,08:30:00,Transfer In,POS,70869.1,NPR,242035.61,,Incoming fund transfer,False
7001277,100073,2025-01-20,17:30:00,Transfer Out,IVR,28247.38,NPR,213788.23,,Outgoing fund transfer,False
7001282,100073,2025-01-27,16:45:00,Fee,Branch,964,NPR,212824.23,,Monthly account maintenance fee,False
7001283,100073,2025-02-07,21:00:00,Deposit,POS,14809.27,NPR,227633.5,Self,Cash deposit at branch counter,False
7001281,100073,2025-02-08,13:00:00,Loan EMI,Internet Banking,35925.38,NPR,191708.12,,Loan EMI auto-debit,False
7001279,100073,2025-04-10,20:30:00,Fee,Internet Banking,1057.91,NPR,190650.21,,Monthly account maintenance fee,False
7001267,100073,2025-06-09,11:45:00,Fee,POS,1239.59,NPR,189410.62,,Monthly account maintenance fee,False
7001268,100073,2025-06-16,17:15:00,POS Purchase,Mobile App,6221.02,NPR,183189.6,NEA Bill Pay,Point-of-sale card purchase,False
7001275,100073,2025-12-09,12:45:00,POS Purchase,ATM,3935.04,NPR,179254.56,Bhat-Bhateni Supermarket,Point-of-sale card purchase,False
7001272,100073,2026-01-18,13:45:00,POS Purchase,Branch,7131.44,NPR,172123.12,eSewa,Point-of-sale card purchase,False
7001278,100073,2026-01-28,09:30:00,Loan EMI,Internet Banking,37000.24,NPR,135122.88,,Loan EMI auto-debit,False
7001274,100073,2026-01-29,19:15:00,Deposit,Mobile App,39964.06,NPR,175086.94,Self,Cash deposit at branch counter,False
7001263,100073,2026-05-27,16:45:00,Loan EMI,Internet Banking,24316.61,NPR,150770.33,,Loan EMI auto-debit,False
7001276,100073,2026-05-28,16:30:00,Withdrawal,Branch,38204.53,NPR,112565.8,Self,ATM cash withdrawal,False
7001270,100073,2026-06-14,08:15:00,Loan EMI,Internet Banking,27494.65,NPR,85071.15,,Loan EMI auto-debit,False
7001269,100073,2026-06-17,11:15:00,Interest Credit,ATM,62691.8,NPR,147762.95,,Quarterly interest credit,False
7001265,100073,2026-07-29,22:30:00,Withdrawal,Mobile App,18177.28,NPR,129585.67,Self,ATM cash withdrawal,False
7001264,100073,2026-08-28,21:45:00,Interest Credit,POS,90587.43,NPR,220173.1,,Quarterly interest credit,False
7001287,100074,2024-04-14,12:45:00,Transfer In,Internet Banking,18088.16,NPR,18088.16,,Incoming fund transfer,False
7001286,100074,2024-07-31,09:45:00,Interest Credit,POS,86099.53,NPR,104187.69,,Quarterly interest credit,True
7001285,100074,2025-11-21,22:45:00,Transfer In,POS,83310.52,NPR,187498.21,,Incoming fund transfer,False
7001289,100075,2024-08-03,13:00:00,POS Purchase,ATM,3547.1,NPR,27959.06,NTC Recharge,Point-of-sale card purchase,False
7001293,100075,2024-08-12,09:15:00,POS Purchase,Branch,7738.81,NPR,20220.25,IME Remit,Point-of-sale card purchase,False
7001292,100075,2024-08-15,10:45:00,Loan EMI,Internet Banking,12461.88,NPR,7758.37,,Loan EMI auto-debit,False
7001294,100075,2024-09-22,18:30:00,Interest Credit,POS,63322.07,NPR,71080.44,,Quarterly interest credit,False
7001301,100075,2025-04-21,13:00:00,Loan EMI,Internet Banking,17399.21,NPR,53681.23,,Loan EMI auto-debit,False
7001298,100075,2025-04-26,11:00:00,Deposit,POS,37740.6,NPR,91421.83,Self,Cash deposit at branch counter,False
7001299,100075,2025-05-03,12:15:00,POS Purchase,Internet Banking,8086.95,NPR,83334.88,,Point-of-sale card purchase,False
7001297,100075,2025-05-11,20:00:00,POS Purchase,Internet Banking,7391.42,NPR,75943.46,Khalti,Point-of-sale card purchase,False
7001296,100075,2025-08-29,16:30:00,Transfer In,Internet Banking,92739.13,NPR,168682.59,,Incoming fund transfer,True
7001288,100075,2025-09-03,18:15:00,Loan EMI,Internet Banking,39281.41,NPR,129401.18,,Loan EMI auto-debit,False
7001295,100075,2025-09-20,12:30:00,Loan EMI,Internet Banking,6310.92,NPR,123090.26,,Loan EMI auto-debit,False
7001291,100075,2025-11-06,16:45:00,Loan EMI,Internet Banking,43823.47,NPR,79266.79,,Loan EMI auto-debit,False
7001290,100075,2025-12-02,18:45:00,Loan EMI,Internet Banking,22020.48,NPR,57246.31,,Loan EMI auto-debit,False
7001300,100075,2026-01-06,18:30:00,Deposit,IVR,54096.68,NPR,111342.99,Self,Cash deposit at branch counter,False
7001302,100075,2026-06-02,19:45:00,Interest Credit,Internet Banking,4013.6,NPR,115356.59,,Quarterly interest credit,False
7001303,100076,2025-07-03,15:30:00,Transfer In,POS,69736.88,NPR,69736.88,,Incoming fund transfer,False
7001304,100076,2026-07-14,17:00:00,Loan EMI,Internet Banking,42081.85,NPR,27655.03,,Loan EMI auto-debit,False
7001306,100077,2024-02-25,15:15:00,Fee,Branch,784.76,NPR,624315.05,,Monthly account maintenance fee,False
7001320,100077,2024-02-26,08:30:00,Fee,ATM,295.74,NPR,624019.31,,Monthly account maintenance fee,False
7001308,100077,2024-04-01,16:15:00,Loan EMI,Internet Banking,22484.73,NPR,601534.58,,Loan EMI auto-debit,False
7001305,100077,2024-04-20,11:45:00,Withdrawal,POS,52283.01,NPR,549251.57,Self,ATM cash withdrawal,False
7001314,100077,2024-05-07,08:45:00,Withdrawal,Internet Banking,32573.38,NPR,516678.19,Self,ATM cash withdrawal,False
7001319,100077,2024-05-23,22:15:00,Loan EMI,Internet Banking,44234.71,NPR,472443.48,,Loan EMI auto-debit,False
7001315,100077,2024-08-16,22:45:00,Loan EMI,Internet Banking,5116.97,NPR,467326.51,,Loan EMI auto-debit,False
7001309,100077,2024-11-05,15:30:00,Interest Credit,ATM,33401.64,NPR,500728.15,,Quarterly interest credit,False
7001313,100077,2024-12-17,06:15:00,Interest Credit,POS,32059.55,NPR,532787.7,,Quarterly interest credit,False
7001317,100077,2025-04-06,20:45:00,Fee,IVR,928.55,NPR,531859.15,,Monthly account maintenance fee,False
7001322,100077,2025-08-16,06:15:00,Transfer Out,POS,27667.33,NPR,504191.82,,Outgoing fund transfer,False
7001311,100077,2025-09-19,06:00:00,Interest Credit,IVR,78914.48,NPR,583106.3,,Quarterly interest credit,False
7001310,100077,2025-10-09,11:45:00,Loan EMI,Internet Banking,26545.24,NPR,556561.06,,Loan EMI auto-debit,False
7001312,100077,2025-10-16,07:00:00,Loan EMI,Internet Banking,32316.92,NPR,524244.14,,Loan EMI auto-debit,False
7001321,100077,2025-11-03,16:30:00,Fee,POS,471.27,NPR,523772.87,,Monthly account maintenance fee,False
7001318,100077,2025-11-13,08:30:00,Fee,IVR,826,NPR,522946.87,,Monthly account maintenance fee,False
7001316,100077,2026-01-07,10:30:00,Deposit,Mobile App,29272.7,NPR,552219.57,Self,Cash deposit at branch counter,False
7001307,100077,2026-01-31,10:00:00,POS Purchase,POS,11669.43,NPR,540550.14,NEA Bill Pay,Point-of-sale card purchase,False
7001337,100078,2025-11-30,17:00:00,Interest Credit,ATM,8394.97,NPR,33206.75,,Quarterly interest credit,False
7001328,100078,2025-12-05,07:00:00,Transfer Out,IVR,57148.42,NPR,-23941.67,,Outgoing fund transfer,False
7001332,100078,2025-12-15,14:30:00,Withdrawal,Branch,59315.08,NPR,-83256.75,Self,ATM cash withdrawal,False
7001333,100078,2025-12-26,14:45:00,Transfer In,IVR,58997.87,NPR,-24258.88,,Incoming fund transfer,False
7001326,100078,2025-12-27,08:45:00,Interest Credit,Mobile App,56858.61,NPR,32599.73,,Quarterly interest credit,False
7001340,100078,2026-01-04,13:15:00,Transfer Out,POS,27874.31,NPR,4725.42,,Outgoing fund transfer,False
7001336,100078,2026-01-08,13:30:00,Deposit,ATM,44615.87,NPR,49341.29,Self,Cash deposit at branch counter,False
7001338,100078,2026-01-13,15:30:00,Transfer In,IVR,32530.63,NPR,81871.92,,Incoming fund transfer,False
7001335,100078,2026-01-15,19:30:00,Fee,IVR,1380.08,NPR,80491.84,,Monthly account maintenance fee,False
7001341,100078,2026-01-20,17:15:00,Loan EMI,Internet Banking,31677.92,NPR,48813.92,,Loan EMI auto-debit,False
7001323,100078,2026-01-28,14:15:00,Fee,Branch,800.08,NPR,48013.84,,Monthly account maintenance fee,False
7001331,100078,2026-02-19,07:00:00,Loan EMI,Internet Banking,24386.08,NPR,23627.76,,Loan EMI auto-debit,False
7001327,100078,2026-02-24,09:00:00,Fee,Branch,699.56,NPR,22928.2,,Monthly account maintenance fee,False
7001329,100078,2026-04-16,19:15:00,Transfer Out,Internet Banking,62558.13,NPR,-39629.93,,Outgoing fund transfer,False
7001334,100078,2026-05-05,18:15:00,Withdrawal,Internet Banking,6966.79,NPR,-46596.72,Self,ATM cash withdrawal,False
7001339,100078,2026-06-03,13:45:00,Transfer In,ATM,55182.82,NPR,8586.1,,Incoming fund transfer,False
7001330,100078,2026-07-10,10:15:00,Withdrawal,Mobile App,63859.61,NPR,-55273.51,Self,ATM cash withdrawal,False
7001325,100078,2026-07-11,22:45:00,Fee,Branch,649.68,NPR,-55923.19,,Monthly account maintenance fee,False
7001342,100078,2026-07-21,09:30:00,Fee,ATM,813.34,NPR,-56736.53,,Monthly account maintenance fee,False
7001324,100078,2026-08-12,19:30:00,Withdrawal,Internet Banking,63324.74,NPR,-120061.27,Self,ATM cash withdrawal,False
7001350,100079,2024-03-05,21:15:00,Deposit,Internet Banking,72609.79,NPR,96203.39,Self,Cash deposit at branch counter,False
7001358,100079,2024-03-25,22:45:00,POS Purchase,Branch,1139.61,NPR,95063.78,NTC Recharge,Point-of-sale card purchase,False
7001357,100079,2024-03-27,18:15:00,Transfer Out,Internet Banking,450,NPR,94613.78,,Outgoing fund transfer,False
7001343,100079,2024-07-08,07:15:00,POS Purchase,Branch,11819.07,NPR,82794.71,Daraz,Point-of-sale card purchase,False
7001348,100079,2024-07-23,09:30:00,Transfer In,POS,70042.48,NPR,152837.19,,Incoming fund transfer,False
7001353,100079,2024-12-16,11:45:00,Deposit,Mobile App,58935.38,NPR,211772.57,Self,Cash deposit at branch counter,False
7001359,100079,2024-12-28,12:15:00,Transfer In,Branch,26622.92,NPR,238395.49,,Incoming fund transfer,False
7001345,100079,2025-01-14,08:30:00,Interest Credit,IVR,85355.51,NPR,323751,,Quarterly interest credit,False
7001351,100079,2025-01-30,06:15:00,Loan EMI,Internet Banking,12236.77,NPR,311514.23,,Loan EMI auto-debit,False
7001355,100079,2025-04-13,09:15:00,Loan EMI,Internet Banking,10269.28,NPR,301244.95,,Loan EMI auto-debit,False
7001349,100079,2025-04-15,13:45:00,POS Purchase,Mobile App,9781.71,NPR,291463.24,Self,Point-of-sale card purchase,False
7001356,100079,2025-04-21,16:30:00,Interest Credit,Branch,47693.08,NPR,339156.32,,Quarterly interest credit,False
7001347,100079,2025-07-07,15:45:00,POS Purchase,POS,9150.09,NPR,330006.23,IME Remit,Point-of-sale card purchase,False
7001344,100079,2025-08-21,11:00:00,Transfer Out,Internet Banking,8988.73,NPR,321017.5,,Outgoing fund transfer,False
7001352,100079,2025-11-21,19:30:00,Loan EMI,Internet Banking,40221.89,NPR,280795.61,,Loan EMI auto-debit,False
7001354,100079,2025-12-13,16:15:00,Fee,Branch,947.56,NPR,279848.05,,Monthly account maintenance fee,False
7001346,100079,2026-07-10,11:30:00,Transfer In,IVR,86031.01,NPR,365879.06,,Incoming fund transfer,True
7001362,100080,2024-07-06,16:00:00,Interest Credit,POS,71132.15,NPR,71132.15,,Quarterly interest credit,False
7001361,100080,2025-12-03,10:45:00,Interest Credit,Branch,70997.75,NPR,142129.9,,Quarterly interest credit,False
7001360,100080,2026-04-05,16:00:00,Transfer In,ATM,86720.61,NPR,228850.51,,Incoming fund transfer,True
7001369,100081,2024-12-14,18:00:00,Deposit,POS,8768.47,NPR,63766.33,Self,Cash deposit at branch counter,False
7001364,100081,2025-03-14,10:15:00,Transfer Out,IVR,48060.7,NPR,15705.63,,Outgoing fund transfer,False
7001367,100081,2025-03-28,07:00:00,Loan EMI,Internet Banking,28933.56,NPR,-13227.93,,Loan EMI auto-debit,False
7001371,100081,2025-06-14,20:30:00,Withdrawal,Internet Banking,41927.32,NPR,-55155.25,Self,ATM cash withdrawal,False
7001368,100081,2025-10-05,07:00:00,Deposit,IVR,58267.94,NPR,3112.69,Self,Cash deposit at branch counter,False
7001370,100081,2026-02-14,14:15:00,Transfer Out,Mobile App,15213.5,NPR,-12100.81,,Outgoing fund transfer,False
7001363,100081,2026-02-24,18:15:00,Deposit,Mobile App,90017.66,NPR,77916.85,Self,Cash deposit at branch counter,True
7001366,100081,2026-05-16,22:30:00,Deposit,Internet Banking,10717.77,NPR,88634.62,Self,Cash deposit at branch counter,False
7001365,100081,2026-07-07,16:15:00,Fee,IVR,786.14,NPR,87848.48,,Monthly account maintenance fee,False
7001372,100082,2024-12-31,19:45:00,Loan EMI,Internet Banking,11109.12,NPR,-11109.12,,Loan EMI auto-debit,False
7001373,100082,2025-02-27,09:45:00,Transfer In,Branch,83551.02,NPR,72441.9,,Incoming fund transfer,True
7001394,100083,2024-01-29,21:00:00,Deposit,Internet Banking,67940.74,NPR,950353.49,Self,Cash deposit at branch counter,False
7001392,100083,2024-01-31,19:15:00,POS Purchase,Internet Banking,5047.77,NPR,945305.72,,Point-of-sale card purchase,False
7001390,100083,2024-03-29,07:30:00,Fee,IVR,381.09,NPR,944924.63,,Monthly account maintenance fee,False
7001393,100083,2024-04-12,11:30:00,POS Purchase,Branch,7744.1,NPR,937180.53,Bhat-Bhateni Supermarket,Point-of-sale card purchase,False
7001389,100083,2024-05-23,22:15:00,Interest Credit,POS,81344.27,NPR,1018524.8,,Quarterly interest credit,False
7001378,100083,2024-06-14,10:30:00,Transfer Out,IVR,55112.59,NPR,963412.21,,Outgoing fund transfer,False
7001382,100083,2024-07-19,16:15:00,Loan EMI,Internet Banking,32316.24,NPR,931095.97,,Loan EMI auto-debit,False
7001383,100083,2024-08-27,13:30:00,Fee,Branch,1146.08,NPR,929949.89,,Monthly account maintenance fee,False
7001388,100083,2024-09-15,11:45:00,Transfer In,IVR,26667.03,NPR,956616.92,,Incoming fund transfer,False
7001387,100083,2024-10-17,10:30:00,Transfer Out,ATM,3334.49,NPR,953282.43,,Outgoing fund transfer,False
7001381,100083,2024-11-06,11:45:00,Interest Credit,IVR,5949.74,NPR,959232.17,,Quarterly interest credit,False
7001386,100083,2024-12-23,19:00:00,Deposit,IVR,17707.71,NPR,976939.88,Self,Cash deposit at branch counter,False
7001385,100083,2025-06-11,12:00:00,Deposit,Internet Banking,70697.82,NPR,1047637.7,Self,Cash deposit at branch counter,False
7001384,100083,2025-07-19,13:30:00,Interest Credit,Branch,63650.78,NPR,1111288.48,,Quarterly interest credit,False
7001376,100083,2025-09-07,12:45:00,Deposit,POS,83785.62,NPR,1195074.1,Self,Cash deposit at branch counter,True
7001395,100083,2025-11-01,10:45:00,Transfer Out,POS,4709.47,NPR,1190364.63,,Outgoing fund transfer,False
7001379,100083,2025-11-10,09:00:00,Transfer In,Mobile App,60862.28,NPR,1251226.91,,Incoming fund transfer,False
7001380,100083,2026-02-18,17:00:00,Transfer Out,Mobile App,33795.04,NPR,1217431.87,,Outgoing fund transfer,False
7001377,100083,2026-05-18,18:30:00,Transfer Out,Internet Banking,49517.24,NPR,1167914.63,,Outgoing fund transfer,False
7001375,100083,2026-06-13,22:15:00,Deposit,ATM,76576.88,NPR,1244491.51,Self,Cash deposit at branch counter,False
7001374,100083,2026-07-02,14:45:00,Deposit,IVR,21232.95,NPR,1265724.46,Self,Cash deposit at branch counter,False
7001391,100083,2026-07-26,16:30:00,Fee,Branch,811.74,NPR,1264912.72,,Monthly account maintenance fee,False
7001396,100084,2024-07-15,16:00:00,Transfer In,Internet Banking,93816.48,NPR,153586.87,,Incoming fund transfer,False
7001404,100084,2024-08-29,09:45:00,Interest Credit,POS,57390.86,NPR,210977.73,,Quarterly interest credit,False
7001401,100084,2025-03-26,06:15:00,Transfer Out,IVR,28843.79,NPR,182133.94,,Outgoing fund transfer,False
7001400,100084,2026-01-31,14:30:00,POS Purchase,Mobile App,208.39,NPR,181925.55,Khalti,Point-of-sale card purchase,False
7001397,100084,2026-02-06,06:15:00,Interest Credit,Mobile App,59615.36,NPR,241540.91,,Quarterly interest credit,False
7001398,100084,2026-03-12,09:15:00,Fee,IVR,662.06,NPR,240878.85,,Monthly account maintenance fee,False
7001402,100084,2026-04-01,09:15:00,Loan EMI,Internet Banking,5034.79,NPR,235844.06,,Loan EMI auto-debit,False
7001403,100084,2026-04-22,15:15:00,Withdrawal,Branch,7916.48,NPR,227927.58,Self,ATM cash withdrawal,False
7001399,100084,2026-07-20,08:15:00,Transfer In,POS,20300.63,NPR,248228.21,,Incoming fund transfer,False
7001409,100085,2024-02-09,08:15:00,Deposit,Mobile App,81485.88,NPR,727866.15,Self,Cash deposit at branch counter,False
7001429,100085,2024-05-20,15:30:00,Fee,Mobile App,522.3,NPR,727343.85,,Monthly account maintenance fee,False
7001424,100085,2024-06-05,11:45:00,Deposit,Branch,80405.85,NPR,807749.7,Self,Cash deposit at branch counter,True
7001411,100085,2024-07-01,16:30:00,Deposit,POS,21368.96,NPR,829118.66,Self,Cash deposit at branch counter,False
7001413,100085,2024-07-04,10:30:00,Loan EMI,Internet Banking,37064.75,NPR,792053.91,,Loan EMI auto-debit,False
7001407,100085,2024-08-13,06:45:00,Fee,IVR,1230.35,NPR,790823.56,,Monthly account maintenance fee,False
7001418,100085,2024-08-18,19:45:00,Transfer In,Branch,63165.15,NPR,853988.71,,Incoming fund transfer,False
7001421,100085,2024-08-19,09:00:00,Interest Credit,Mobile App,59476.97,NPR,913465.68,,Quarterly interest credit,False
7001420,100085,2024-11-04,14:15:00,Transfer Out,Mobile App,31170.07,NPR,882295.61,,Outgoing fund transfer,False
7001410,100085,2024-12-03,09:15:00,Withdrawal,Mobile App,2726.66,NPR,879568.95,Self,ATM cash withdrawal,False
7001416,100085,2025-04-13,13:00:00,Interest Credit,ATM,12640.91,NPR,892209.86,,Quarterly interest credit,False
7001430,100085,2025-04-24,18:45:00,Transfer Out,POS,8729.92,NPR,883479.94,,Outgoing fund transfer,False
7001412,100085,2025-05-15,14:00:00,Deposit,Internet Banking,31111.69,NPR,914591.63,Self,Cash deposit at branch counter,False
7001415,100085,2025-06-11,22:15:00,POS Purchase,Mobile App,5486.4,NPR,909105.23,Khalti,Point-of-sale card purchase,False
7001417,100085,2025-07-22,18:45:00,Loan EMI,Internet Banking,15736.1,NPR,893369.13,,Loan EMI auto-debit,False
7001405,100085,2025-07-30,14:30:00,Fee,Mobile App,674.85,NPR,892694.28,,Monthly account maintenance fee,False
7001408,100085,2025-08-18,08:00:00,Deposit,IVR,76725.31,NPR,969419.59,Self,Cash deposit at branch counter,False
7001426,100085,2025-09-25,09:00:00,Transfer Out,Mobile App,8119.47,NPR,961300.12,,Outgoing fund transfer,False
7001419,100085,2026-01-30,19:45:00,Transfer In,Branch,92481.22,NPR,1053781.34,,Incoming fund transfer,True
7001422,100085,2026-03-04,11:15:00,Transfer In,Branch,8990.4,NPR,1062771.74,,Incoming fund transfer,False
7001423,100085,2026-05-03,11:45:00,Deposit,POS,31340.15,NPR,1094111.89,Self,Cash deposit at branch counter,False
7001427,100085,2026-05-10,11:00:00,Deposit,Internet Banking,54699.47,NPR,1148811.36,Self,Cash deposit at branch counter,False
7001425,100085,2026-06-06,14:30:00,Fee,Branch,409.42,NPR,1148401.94,,Monthly account maintenance fee,False
7001406,100085,2026-07-08,20:00:00,Transfer Out,ATM,38416.2,NPR,1109985.74,,Outgoing fund transfer,False
7001428,100085,2026-07-22,12:30:00,Interest Credit,ATM,28108.01,NPR,1138093.75,,Quarterly interest credit,False
7001414,100085,2026-08-08,14:30:00,Deposit,POS,27099.29,NPR,1165193.04,Self,Cash deposit at branch counter,False
7001443,100086,2025-08-12,20:45:00,Withdrawal,IVR,28806.94,NPR,267272.94,Self,ATM cash withdrawal,False
7001432,100086,2025-09-17,20:45:00,Transfer Out,POS,59430.63,NPR,207842.31,,Outgoing fund transfer,False
7001434,100086,2025-09-17,14:00:00,Deposit,Branch,67754.48,NPR,275596.79,Self,Cash deposit at branch counter,False
7001445,100086,2025-09-21,14:45:00,Fee,IVR,705.84,NPR,274890.95,,Monthly account maintenance fee,False
7001437,100086,2025-09-22,22:00:00,Fee,IVR,1347.03,NPR,273543.92,,Monthly account maintenance fee,False
7001436,100086,2025-10-03,19:45:00,Withdrawal,IVR,350.92,NPR,273193,Self,ATM cash withdrawal,False
7001433,100086,2025-10-09,18:45:00,Fee,POS,596.57,NPR,272596.43,,Monthly account maintenance fee,False
7001438,100086,2025-11-18,07:30:00,Loan EMI,Internet Banking,34109.32,NPR,238487.11,,Loan EMI auto-debit,False
7001441,100086,2025-11-20,19:45:00,Transfer In,Mobile App,16496.55,NPR,254983.66,,Incoming fund transfer,False
7001448,100086,2026-03-05,10:15:00,POS Purchase,Internet Banking,995.95,NPR,253987.71,Daraz,Point-of-sale card purchase,False
7001442,100086,2026-03-08,16:30:00,Loan EMI,Internet Banking,42768.37,NPR,211219.34,,Loan EMI auto-debit,False
7001435,100086,2026-03-11,18:45:00,Transfer Out,Internet Banking,19876.49,NPR,191342.85,,Outgoing fund transfer,False
7001439,100086,2026-03-15,19:15:00,Fee,Branch,1330.83,NPR,190012.02,,Monthly account maintenance fee,False
7001449,100086,2026-04-12,09:45:00,Deposit,Internet Banking,5021.08,NPR,195033.1,Self,Cash deposit at branch counter,False
7001431,100086,2026-04-22,06:00:00,Transfer In,IVR,11829.74,NPR,206862.84,,Incoming fund transfer,False
7001444,100086,2026-05-18,17:30:00,POS Purchase,Branch,400.4,NPR,206462.44,Amazon,Point-of-sale card purchase,False
7001446,100086,2026-05-22,07:00:00,Transfer In,POS,52703.2,NPR,259165.64,,Incoming fund transfer,False
7001440,100086,2026-08-09,12:15:00,Loan EMI,Internet Banking,42787.99,NPR,216377.65,,Loan EMI auto-debit,False
7001447,100086,2026-08-18,17:30:00,POS Purchase,Internet Banking,3957.98,NPR,212419.67,,Point-of-sale card purchase,False
7001451,100087,2024-10-19,22:30:00,Loan EMI,Internet Banking,7901.21,NPR,-7901.21,,Loan EMI auto-debit,False
7001450,100087,2026-03-08,06:30:00,Transfer In,IVR,30603.76,NPR,22702.55,,Incoming fund transfer,False
7001465,100088,2024-10-10,11:15:00,Transfer Out,ATM,54914.25,NPR,268626.83,,Outgoing fund transfer,False
7001457,100088,2024-11-28,14:00:00,Interest Credit,ATM,45216.84,NPR,313843.67,,Quarterly interest credit,False
7001461,100088,2024-12-11,11:15:00,Loan EMI,Internet Banking,44743.1,NPR,269100.57,,Loan EMI auto-debit,False
7001460,100088,2025-03-01,19:30:00,Transfer In,ATM,13766.19,NPR,282866.76,,Incoming fund transfer,False
7001453,100088,2025-03-02,12:15:00,Transfer Out,POS,45015.6,NPR,237851.16,,Outgoing fund transfer,False
7001463,100088,2025-04-02,17:30:00,Interest Credit,ATM,25812.19,NPR,263663.35,,Quarterly interest credit,False
7001464,100088,2025-05-21,14:45:00,Fee,ATM,171.27,NPR,263492.08,,Monthly account maintenance fee,False
7001452,100088,2025-10-06,13:15:00,Transfer In,ATM,60868.1,NPR,324360.18,,Incoming fund transfer,False
7001456,100088,2025-10-30,17:00:00,Loan EMI,Internet Banking,12177.03,NPR,312183.15,,Loan EMI auto-debit,False
7001455,100088,2025-11-23,21:30:00,Transfer Out,ATM,43159.32,NPR,269023.83,,Outgoing fund transfer,False
7001458,100088,2026-01-01,15:45:00,Fee,POS,339.1,NPR,268684.73,,Monthly account maintenance fee,False
7001462,100088,2026-02-01,14:45:00,Withdrawal,Internet Banking,31371.35,NPR,237313.38,Self,ATM cash withdrawal,False
7001459,100088,2026-04-26,07:30:00,Loan EMI,Internet Banking,16480.65,NPR,220832.73,,Loan EMI auto-debit,False
7001454,100088,2026-06-08,19:00:00,Transfer In,ATM,19961.92,NPR,240794.65,,Incoming fund transfer,False
7001466,100089,2024-02-04,14:45:00,Transfer Out,Internet Banking,38974.87,NPR,646356.16,,Outgoing fund transfer,False
7001477,100089,2024-03-22,08:45:00,Transfer Out,Internet Banking,24690.67,NPR,621665.49,,Outgoing fund transfer,False
7001478,100089,2024-10-04,18:45:00,POS Purchase,Mobile App,10688.73,NPR,610976.76,NEA Bill Pay,Point-of-sale card purchase,False
7001469,100089,2024-10-07,14:15:00,Loan EMI,Internet Banking,36464.96,NPR,574511.8,,Loan EMI auto-debit,False
7001474,100089,2025-01-11,13:45:00,Fee,POS,1077.88,NPR,573433.92,,Monthly account maintenance fee,False
7001475,100089,2025-01-20,06:30:00,POS Purchase,Mobile App,3185.77,NPR,570248.15,Local ATM Withdrawal,Point-of-sale card purchase,False
7001468,100089,2025-01-30,10:15:00,Deposit,POS,2246.81,NPR,572494.96,Self,Cash deposit at branch counter,False
7001467,100089,2025-03-06,14:15:00,Withdrawal,IVR,56124.71,NPR,516370.25,Self,ATM cash withdrawal,False
7001473,100089,2026-01-05,20:45:00,POS Purchase,IVR,8318.68,NPR,508051.57,IME Remit,Point-of-sale card purchase,False
7001471,100089,2026-01-31,20:15:00,Transfer Out,ATM,33431.99,NPR,474619.58,,Outgoing fund transfer,False
7001476,100089,2026-02-26,14:30:00,Withdrawal,POS,9377.59,NPR,465241.99,Self,ATM cash withdrawal,False
7001470,100089,2026-04-28,21:30:00,Interest Credit,ATM,45893.49,NPR,511135.48,,Quarterly interest credit,False
7001472,100089,2026-07-28,17:30:00,Transfer Out,Mobile App,14717.13,NPR,496418.35,,Outgoing fund transfer,False
7001479,100090,2024-12-07,20:15:00,Fee,Branch,1483.2,NPR,-1483.2,,Monthly account maintenance fee,False
7001480,100090,2024-12-20,06:45:00,Fee,ATM,193.78,NPR,-1676.98,,Monthly account maintenance fee,False
7001481,100090,2025-10-22,14:00:00,POS Purchase,Internet Banking,6896.52,NPR,-8573.5,Foodmandu,Point-of-sale card purchase,False
7001501,100091,2026-07-28,12:30:00,Deposit,ATM,54890.09,NPR,169013.07,Self,Cash deposit at branch counter,False
7001484,100091,2026-07-30,06:15:00,Transfer Out,IVR,45668.54,NPR,123344.53,,Outgoing fund transfer,False
7001490,100091,2026-07-31,13:45:00,Fee,Mobile App,1157.85,NPR,122186.68,,Monthly account maintenance fee,False
7001483,100091,2026-08-02,14:30:00,Fee,Branch,1154.17,NPR,121032.51,,Monthly account maintenance fee,False
7001492,100091,2026-08-02,10:15:00,Deposit,ATM,88638.02,NPR,209670.53,Self,Cash deposit at branch counter,False
7001499,100091,2026-08-02,07:30:00,Withdrawal,ATM,22489.69,NPR,187180.84,Self,ATM cash withdrawal,False
7001502,100091,2026-08-02,16:15:00,Transfer In,Internet Banking,56009.24,NPR,243190.08,,Incoming fund transfer,False
7001504,100091,2026-08-04,17:30:00,Withdrawal,ATM,7423.07,NPR,235767.01,Self,ATM cash withdrawal,False
7001486,100091,2026-08-07,14:15:00,Loan EMI,Internet Banking,35825.65,NPR,199941.36,,Loan EMI auto-debit,False
7001495,100091,2026-08-07,11:45:00,Withdrawal,Internet Banking,39343.07,NPR,160598.29,Self,ATM cash withdrawal,False
7001489,100091,2026-08-08,22:00:00,Interest Credit,Branch,78247.29,NPR,238845.58,,Quarterly interest credit,False
7001494,100091,2026-08-08,10:45:00,Fee,Branch,308.9,NPR,238536.68,,Monthly account maintenance fee,False
7001503,100091,2026-08-08,10:00:00,Interest Credit,POS,17006.9,NPR,255543.58,,Quarterly interest credit,False
7001487,100091,2026-08-09,16:15:00,Withdrawal,POS,62289.6,NPR,193253.98,Self,ATM cash withdrawal,False
7001493,100091,2026-08-09,13:00:00,Withdrawal,POS,60883.39,NPR,132370.59,Self,ATM cash withdrawal,False
7001507,100091,2026-08-12,15:00:00,Loan EMI,Internet Banking,34007.65,NPR,98362.94,,Loan EMI auto-debit,False
7001482,100091,2026-08-13,18:30:00,Transfer In,IVR,64109.56,NPR,162472.5,,Incoming fund transfer,False
7001485,100091,2026-08-13,18:45:00,Loan EMI,Internet Banking,15091.05,NPR,147381.45,,Loan EMI auto-debit,False
7001488,100091,2026-08-14,11:00:00,Fee,IVR,84.07,NPR,147297.38,,Monthly account maintenance fee,False
7001497,100091,2026-08-15,20:15:00,Deposit,Branch,33831.67,NPR,181129.05,Self,Cash deposit at branch counter,False
7001496,100091,2026-08-17,18:30:00,Transfer In,Internet Banking,8883.27,NPR,190012.32,,Incoming fund transfer,False
7001498,100091,2026-08-17,12:30:00,Transfer In,IVR,42687.43,NPR,232699.75,,Incoming fund transfer,False
7001491,100091,2026-08-19,08:45:00,POS Purchase,Mobile App,2122.57,NPR,230577.18,Bhat-Bhateni Supermarket,Point-of-sale card purchase,False
7001506,100091,2026-08-22,13:00:00,Fee,Mobile App,1294.29,NPR,229282.89,,Monthly account maintenance fee,False
7001505,100091,2026-08-26,19:15:00,Loan EMI,Internet Banking,30618.25,NPR,198664.64,,Loan EMI auto-debit,False
7001500,100091,2026-08-29,12:30:00,Transfer In,POS,18888.23,NPR,217552.87,,Incoming fund transfer,False
7001526,100092,2025-02-13,10:45:00,Loan EMI,Internet Banking,14060.17,NPR,748087.42,,Loan EMI auto-debit,False
7001510,100092,2025-03-25,18:30:00,Loan EMI,Internet Banking,21074.02,NPR,727013.4,,Loan EMI auto-debit,False
7001525,100092,2025-06-19,10:30:00,Loan EMI,Internet Banking,25814.07,NPR,701199.33,,Loan EMI auto-debit,False
7001514,100092,2025-06-21,14:00:00,Transfer In,POS,21053.86,NPR,722253.19,,Incoming fund transfer,False
7001520,100092,2025-07-31,07:15:00,Deposit,Internet Banking,20923.13,NPR,743176.32,Self,Cash deposit at branch counter,False
7001529,100092,2025-09-10,17:45:00,Fee,Mobile App,529.19,NPR,742647.13,,Monthly account maintenance fee,False
7001516,100092,2025-10-29,12:30:00,POS Purchase,Branch,5918.91,NPR,736728.22,,Point-of-sale card purchase,False
7001513,100092,2025-12-18,17:00:00,POS Purchase,Mobile App,624.79,NPR,736103.43,Daraz,Point-of-sale card purchase,False
7001527,100092,2026-01-04,13:45:00,Interest Credit,ATM,3488.27,NPR,739591.7,,Quarterly interest credit,False
7001528,100092,2026-01-18,12:30:00,Loan EMI,Internet Banking,8955.29,NPR,730636.41,,Loan EMI auto-debit,False
7001524,100092,2026-02-18,06:00:00,Deposit,Branch,43797.92,NPR,774434.33,Self,Cash deposit at branch counter,False
7001511,100092,2026-02-27,21:00:00,POS Purchase,ATM,2781.64,NPR,771652.69,IME Remit,Point-of-sale card purchase,False
7001523,100092,2026-03-14,09:15:00,Fee,POS,787.09,NPR,770865.6,,Monthly account maintenance fee,False
7001522,100092,2026-04-06,21:15:00,Interest Credit,IVR,30139.17,NPR,801004.77,,Quarterly interest credit,False
7001508,100092,2026-04-07,13:45:00,Deposit,IVR,70584.81,NPR,871589.58,Self,Cash deposit at branch counter,False
7001518,100092,2026-05-18,22:30:00,Transfer Out,Branch,27855.33,NPR,843734.25,,Outgoing fund transfer,False
7001521,100092,2026-05-24,17:45:00,Interest Credit,ATM,76006.98,NPR,919741.23,,Quarterly interest credit,False
7001512,100092,2026-05-27,11:45:00,POS Purchase,ATM,10251.84,NPR,909489.39,Foodmandu,Point-of-sale card purchase,False
7001517,100092,2026-07-03,07:00:00,Transfer In,IVR,4689.26,NPR,914178.65,,Incoming fund transfer,False
7001515,100092,2026-07-05,13:15:00,Deposit,Internet Banking,35107.91,NPR,949286.56,Self,Cash deposit at branch counter,False
7001519,100092,2026-07-07,18:30:00,Fee,ATM,721.69,NPR,948564.87,,Monthly account maintenance fee,False
7001509,100092,2026-08-12,19:30:00,Loan EMI,Internet Banking,10813.25,NPR,937751.62,,Loan EMI auto-debit,False
7001531,100093,2026-07-05,16:30:00,POS Purchase,Internet Banking,9100.57,NPR,400432.44,,Point-of-sale card purchase,False
7001540,100093,2026-07-10,17:00:00,Withdrawal,POS,15470.97,NPR,384961.47,Self,ATM cash withdrawal,False
7001545,100093,2026-07-10,20:30:00,Fee,Internet Banking,1070.24,NPR,383891.23,,Monthly account maintenance fee,False
7001546,100093,2026-07-10,10:30:00,Loan EMI,Internet Banking,28051.04,NPR,355840.19,,Loan EMI auto-debit,False
7001537,100093,2026-07-12,18:15:00,Transfer In,Internet Banking,44373.36,NPR,400213.55,,Incoming fund transfer,False
7001547,100093,2026-07-12,22:30:00,Loan EMI,Internet Banking,8029.94,NPR,392183.61,,Loan EMI auto-debit,False
7001536,100093,2026-07-13,19:30:00,Fee,POS,357.51,NPR,391826.1,,Monthly account maintenance fee,False
7001542,100093,2026-07-14,18:45:00,Interest Credit,Internet Banking,68240.26,NPR,460066.36,,Quarterly interest credit,False
7001539,100093,2026-07-15,07:30:00,Transfer Out,Mobile App,31475.08,NPR,428591.28,,Outgoing fund transfer,False
7001530,100093,2026-07-18,15:15:00,POS Purchase,IVR,11352.43,NPR,417238.85,Local ATM Withdrawal,Point-of-sale card purchase,False
7001538,100093,2026-07-27,10:30:00,Deposit,ATM,11033.59,NPR,428272.44,Self,Cash deposit at branch counter,False
7001532,100093,2026-08-01,20:45:00,Deposit,POS,56653.36,NPR,484925.8,Self,Cash deposit at branch counter,False
7001535,100093,2026-08-04,20:15:00,Fee,Branch,1337,NPR,483588.8,,Monthly account maintenance fee,False
7001541,100093,2026-08-05,19:15:00,Deposit,Mobile App,42532.71,NPR,526121.51,Self,Cash deposit at branch counter,False
7001543,100093,2026-08-05,14:00:00,Transfer Out,Internet Banking,40955.14,NPR,485166.37,,Outgoing fund transfer,False
7001534,100093,2026-08-20,15:00:00,Loan EMI,Internet Banking,34124.93,NPR,451041.44,,Loan EMI auto-debit,False
7001549,100093,2026-08-21,20:15:00,Loan EMI,Internet Banking,3521.81,NPR,447519.63,,Loan EMI auto-debit,False
7001544,100093,2026-08-23,14:45:00,Deposit,ATM,63242.05,NPR,510761.68,Self,Cash deposit at branch counter,False
7001533,100093,2026-08-25,11:30:00,Transfer Out,ATM,14478.05,NPR,496283.63,,Outgoing fund transfer,False
7001548,100093,2026-08-28,14:30:00,Transfer In,Branch,84224.13,NPR,580507.76,,Incoming fund transfer,False
7001565,100094,2024-07-30,18:00:00,Interest Credit,Branch,76946.07,NPR,118866.99,,Quarterly interest credit,False
7001569,100094,2024-08-06,09:15:00,Deposit,Branch,71828.83,NPR,190695.82,Self,Cash deposit at branch counter,False
7001558,100094,2024-08-12,22:45:00,Loan EMI,Internet Banking,18823.79,NPR,171872.03,,Loan EMI auto-debit,False
7001556,100094,2024-08-21,06:45:00,Fee,Branch,823.62,NPR,171048.41,,Monthly account maintenance fee,False
7001563,100094,2024-10-01,07:00:00,Interest Credit,IVR,86650.14,NPR,257698.55,,Quarterly interest credit,False
7001562,100094,2024-10-13,12:30:00,Transfer In,ATM,83817.99,NPR,341516.54,,Incoming fund transfer,True
7001554,100094,2024-11-13,22:30:00,Withdrawal,ATM,34235.75,NPR,307280.79,Self,ATM cash withdrawal,False
7001555,100094,2024-11-25,08:30:00,Interest Credit,Internet Banking,63981.12,NPR,371261.91,,Quarterly interest credit,False
7001576,100094,2025-05-22,19:30:00,Interest Credit,ATM,71999.06,NPR,443260.97,,Quarterly interest credit,False
7001552,100094,2025-05-24,17:30:00,Interest Credit,POS,18375.48,NPR,461636.45,,Quarterly interest credit,False
7001564,100094,2025-09-03,21:45:00,Transfer In,Mobile App,10206.74,NPR,471843.19,,Incoming fund transfer,False
7001573,100094,2025-10-21,13:45:00,POS Purchase,ATM,9426.22,NPR,462416.97,Self,Point-of-sale card purchase,False
7001572,100094,2025-11-14,19:00:00,Withdrawal,POS,51789.81,NPR,410627.16,Self,ATM cash withdrawal,False
7001567,100094,2025-11-21,20:30:00,Fee,ATM,1129.49,NPR,409497.67,,Monthly account maintenance fee,False
7001559,100094,2025-12-13,11:00:00,Interest Credit,Internet Banking,69205.14,NPR,478702.81,,Quarterly interest credit,False
7001575,100094,2025-12-18,21:00:00,Fee,POS,215.88,NPR,478486.93,,Monthly account maintenance fee,False
7001571,100094,2026-01-09,19:30:00,Transfer Out,IVR,16954.92,NPR,461532.01,,Outgoing fund transfer,False
7001561,100094,2026-01-16,06:15:00,POS Purchase,Mobile App,2075.28,NPR,459456.73,Self,Point-of-sale card purchase,False
7001557,100094,2026-01-21,08:15:00,Withdrawal,POS,16229.33,NPR,443227.4,Self,ATM cash withdrawal,False
7001560,100094,2026-01-27,13:15:00,Loan EMI,Internet Banking,44081.86,NPR,399145.54,,Loan EMI auto-debit,False
7001551,100094,2026-02-13,13:45:00,Withdrawal,POS,27768.09,NPR,371377.45,Self,ATM cash withdrawal,False
7001553,100094,2026-03-26,07:30:00,Fee,Branch,945.51,NPR,370431.94,,Monthly account maintenance fee,False
7001566,100094,2026-05-26,19:15:00,Deposit,IVR,76307.61,NPR,446739.55,Self,Cash deposit at branch counter,False
7001574,100094,2026-05-27,15:30:00,Deposit,Branch,41869.43,NPR,488608.98,Self,Cash deposit at branch counter,False
7001568,100094,2026-07-09,22:00:00,Deposit,ATM,20926.96,NPR,509535.94,Self,Cash deposit at branch counter,False
7001570,100094,2026-07-21,13:30:00,Transfer In,POS,36292.3,NPR,545828.24,,Incoming fund transfer,False
7001550,100094,2026-08-27,13:30:00,Transfer Out,IVR,50493.12,NPR,495335.12,,Outgoing fund transfer,False
7001584,100095,2025-12-21,22:00:00,POS Purchase,IVR,5523.92,NPR,60349.52,NTC Recharge,Point-of-sale card purchase,False
7001583,100095,2026-01-04,22:30:00,Interest Credit,ATM,75506.7,NPR,135856.22,,Quarterly interest credit,False
7001586,100095,2026-03-06,17:30:00,POS Purchase,Mobile App,3622.26,NPR,132233.96,NEA Bill Pay,Point-of-sale card purchase,False
7001577,100095,2026-03-24,19:00:00,Loan EMI,Internet Banking,21910.64,NPR,110323.32,,Loan EMI auto-debit,False
7001579,100095,2026-06-14,07:45:00,Loan EMI,Internet Banking,8468.79,NPR,101854.53,,Loan EMI auto-debit,False
7001582,100095,2026-06-21,12:15:00,Deposit,Branch,59829.84,NPR,161684.37,Self,Cash deposit at branch counter,False
7001581,100095,2026-06-26,22:45:00,Interest Credit,IVR,60595.99,NPR,222280.36,,Quarterly interest credit,False
7001580,100095,2026-06-28,12:00:00,POS Purchase,IVR,3461.99,NPR,218818.37,NEA Bill Pay,Point-of-sale card purchase,False
7001585,100095,2026-07-16,13:15:00,Withdrawal,ATM,38742.44,NPR,180075.93,Self,ATM cash withdrawal,False
7001578,100095,2026-08-06,17:15:00,Loan EMI,Internet Banking,8079.89,NPR,171996.04,,Loan EMI auto-debit,False
7001593,100096,2024-02-16,06:15:00,Fee,IVR,509.78,NPR,611871.54,,Monthly account maintenance fee,False
7001597,100096,2024-03-16,16:45:00,Withdrawal,Branch,30663.19,NPR,581208.35,Self,ATM cash withdrawal,False
7001587,100096,2024-06-22,17:15:00,Loan EMI,Internet Banking,33863.75,NPR,547344.6,,Loan EMI auto-debit,False
7001592,100096,2024-09-26,09:00:00,Interest Credit,IVR,63559.26,NPR,610903.86,,Quarterly interest credit,False
7001589,100096,2024-10-01,20:00:00,Transfer In,Internet Banking,41952.68,NPR,652856.54,,Incoming fund transfer,False
7001594,100096,2024-11-29,21:00:00,Transfer In,ATM,65935.72,NPR,718792.26,,Incoming fund transfer,False
7001588,100096,2025-06-06,09:30:00,Withdrawal,Mobile App,63417.04,NPR,655375.22,Self,ATM cash withdrawal,False
7001598,100096,2025-06-08,20:45:00,Transfer In,IVR,17610.1,NPR,672985.32,,Incoming fund transfer,False
7001590,100096,2025-07-09,13:30:00,Transfer Out,ATM,57294.98,NPR,615690.34,,Outgoing fund transfer,False
7001596,100096,2025-07-31,17:45:00,Transfer Out,Mobile App,8758.22,NPR,606932.12,,Outgoing fund transfer,False
7001591,100096,2026-04-06,10:30:00,Transfer In,IVR,58032.49,NPR,664964.61,,Incoming fund transfer,False
7001595,100096,2026-04-08,11:15:00,Transfer In,Mobile App,83483.16,NPR,748447.77,,Incoming fund transfer,False
7001621,100097,2024-03-07,19:15:00,Loan EMI,Internet Banking,36394.38,NPR,579794.16,,Loan EMI auto-debit,False
7001607,100097,2024-03-16,14:30:00,POS Purchase,Internet Banking,6640.05,NPR,573154.11,IME Remit,Point-of-sale card purchase,False
7001608,100097,2024-03-17,21:00:00,Loan EMI,Internet Banking,18389.15,NPR,554764.96,,Loan EMI auto-debit,False
7001620,100097,2024-05-05,06:30:00,Transfer Out,Mobile App,56466.13,NPR,498298.83,,Outgoing fund transfer,False
7001606,100097,2024-06-06,16:30:00,Fee,IVR,1371.07,NPR,496927.76,,Monthly account maintenance fee,False
7001603,100097,2024-07-23,09:15:00,Deposit,ATM,94051.07,NPR,590978.83,Self,Cash deposit at branch counter,True
7001617,100097,2024-07-29,19:15:00,Transfer In,Branch,23487.42,NPR,614466.25,,Incoming fund transfer,False
7001612,100097,2024-08-07,11:00:00,Interest Credit,POS,12231.47,NPR,626697.72,,Quarterly interest credit,False
7001613,100097,2024-08-16,16:45:00,Transfer In,POS,18593.73,NPR,645291.45,,Incoming fund transfer,False
7001601,100097,2024-09-30,07:15:00,Loan EMI,Internet Banking,33858.21,NPR,611433.24,,Loan EMI auto-debit,False
7001609,100097,2024-11-01,21:45:00,Loan EMI,Internet Banking,24459.36,NPR,586973.88,,Loan EMI auto-debit,False
7001611,100097,2024-11-15,07:15:00,POS Purchase,POS,11444.5,NPR,575529.38,Bhat-Bhateni Supermarket,Point-of-sale card purchase,False
7001602,100097,2024-11-24,06:45:00,Transfer Out,ATM,54845.26,NPR,520684.12,,Outgoing fund transfer,False
7001610,100097,2024-12-03,22:30:00,Withdrawal,Internet Banking,50055.78,NPR,470628.34,Self,ATM cash withdrawal,False
7001614,100097,2024-12-09,07:30:00,Deposit,Mobile App,15497.14,NPR,486125.48,Self,Cash deposit at branch counter,False
7001618,100097,2024-12-22,16:30:00,Loan EMI,Internet Banking,5661.53,NPR,480463.95,,Loan EMI auto-debit,False
7001605,100097,2025-01-22,08:15:00,Withdrawal,IVR,6133.69,NPR,474330.26,Self,ATM cash withdrawal,False
7001616,100097,2025-03-19,07:15:00,Interest Credit,IVR,6298.76,NPR,480629.02,,Quarterly interest credit,False
7001599,100097,2025-04-17,16:30:00,Loan EMI,Internet Banking,29503.98,NPR,451125.04,,Loan EMI auto-debit,False
7001619,100097,2025-06-10,09:45:00,Loan EMI,Internet Banking,10378.32,NPR,440746.72,,Loan EMI auto-debit,False
7001604,100097,2025-11-19,07:30:00,Fee,POS,259.94,NPR,440486.78,,Monthly account maintenance fee,False
7001615,100097,2025-12-22,19:45:00,POS Purchase,Branch,6065.6,NPR,434421.18,,Point-of-sale card purchase,False
7001600,100097,2026-06-05,08:15:00,Interest Credit,Branch,23934.54,NPR,458355.72,,Quarterly interest credit,False
7001646,100098,2026-05-08,13:00:00,Transfer Out,Internet Banking,35046.95,NPR,167693.86,,Outgoing fund transfer,False
7001622,100098,2026-05-17,07:45:00,Loan EMI,Internet Banking,38625.67,NPR,129068.19,,Loan EMI auto-debit,False
7001625,100098,2026-05-17,10:15:00,Fee,ATM,127.97,NPR,128940.22,,Monthly account maintenance fee,False
7001647,100098,2026-05-21,14:30:00,Withdrawal,ATM,34827.65,NPR,94112.57,Self,ATM cash withdrawal,False
7001648,100098,2026-05-22,21:30:00,POS Purchase,POS,2022.32,NPR,92090.25,Khalti,Point-of-sale card purchase,False
7001635,100098,2026-06-07,11:15:00,Interest Credit,POS,39477.68,NPR,131567.93,,Quarterly interest credit,False
7001629,100098,2026-06-10,16:30:00,Transfer Out,POS,57141.21,NPR,74426.72,,Outgoing fund transfer,False
7001644,100098,2026-06-10,11:15:00,Withdrawal,POS,3774.79,NPR,70651.93,Self,ATM cash withdrawal,False
7001649,100098,2026-06-11,07:45:00,Deposit,Internet Banking,64336.31,NPR,134988.24,Self,Cash deposit at branch counter,False
7001627,100098,2026-06-14,13:45:00,Deposit,POS,62697.62,NPR,197685.86,Self,Cash deposit at branch counter,False
7001623,100098,2026-06-18,11:00:00,Transfer In,Branch,44000.72,NPR,241686.58,,Incoming fund transfer,False
7001638,100098,2026-06-29,16:15:00,Fee,ATM,602.21,NPR,241084.37,,Monthly account maintenance fee,False
7001631,100098,2026-07-06,17:15:00,Withdrawal,Branch,4686.73,NPR,236397.64,Self,ATM cash withdrawal,False
7001639,100098,2026-07-12,14:30:00,Interest Credit,POS,35104.66,NPR,271502.3,,Quarterly interest credit,False
7001650,100098,2026-07-16,10:00:00,Loan EMI,Internet Banking,14548.85,NPR,256953.45,,Loan EMI auto-debit,False
7001640,100098,2026-07-18,19:15:00,POS Purchase,Branch,1515.37,NPR,255438.08,eSewa,Point-of-sale card purchase,False
7001643,100098,2026-07-19,12:00:00,Loan EMI,Internet Banking,3812.05,NPR,251626.03,,Loan EMI auto-debit,False
7001637,100098,2026-07-29,21:15:00,Loan EMI,Internet Banking,12525.3,NPR,239100.73,,Loan EMI auto-debit,False
7001630,100098,2026-08-01,09:15:00,Transfer In,ATM,11322.89,NPR,250423.62,,Incoming fund transfer,False
7001641,100098,2026-08-02,14:45:00,POS Purchase,Internet Banking,9965.09,NPR,240458.53,Amazon,Point-of-sale card purchase,False
7001632,100098,2026-08-03,18:30:00,Interest Credit,Mobile App,67903.45,NPR,308361.98,,Quarterly interest credit,False
7001634,100098,2026-08-05,22:30:00,POS Purchase,IVR,3238.58,NPR,305123.4,Foodmandu,Point-of-sale card purchase,False
7001628,100098,2026-08-09,18:45:00,Fee,Branch,720.48,NPR,304402.92,,Monthly account maintenance fee,False
7001636,100098,2026-08-09,18:00:00,Interest Credit,Branch,82344.67,NPR,386747.59,,Quarterly interest credit,False
7001624,100098,2026-08-18,13:00:00,Withdrawal,Internet Banking,8704.73,NPR,378042.86,Self,ATM cash withdrawal,False
7001626,100098,2026-08-23,06:45:00,Loan EMI,Internet Banking,22465.12,NPR,355577.74,,Loan EMI auto-debit,False
7001633,100098,2026-08-26,13:15:00,Transfer Out,Internet Banking,59378.38,NPR,296199.36,,Outgoing fund transfer,False
7001645,100098,2026-08-26,19:30:00,Interest Credit,Mobile App,44666.87,NPR,340866.23,,Quarterly interest credit,False
7001642,100098,2026-08-27,22:30:00,Deposit,Mobile App,58434.7,NPR,399300.93,Self,Cash deposit at branch counter,False
7001656,100099,2026-07-09,12:15:00,Deposit,Branch,71183.25,NPR,893583.84,Self,Cash deposit at branch counter,False
7001658,100099,2026-07-13,22:00:00,POS Purchase,Branch,8882.23,NPR,884701.61,,Point-of-sale card purchase,False
7001655,100099,2026-07-14,19:45:00,Transfer Out,Mobile App,19403.25,NPR,865298.36,,Outgoing fund transfer,False
7001668,100099,2026-07-16,14:45:00,Deposit,IVR,72455.48,NPR,937753.84,Self,Cash deposit at branch counter,False
7001666,100099,2026-07-17,16:15:00,POS Purchase,Internet Banking,1083.49,NPR,936670.35,Bhat-Bhateni Supermarket,Point-of-sale card purchase,False
7001673,100099,2026-07-17,07:15:00,Transfer In,IVR,67194.97,NPR,1003865.32,,Incoming fund transfer,False
7001660,100099,2026-07-22,09:45:00,Withdrawal,POS,55506.53,NPR,948358.79,Self,ATM cash withdrawal,False
7001663,100099,2026-07-23,09:00:00,Transfer Out,ATM,59345.16,NPR,889013.63,,Outgoing fund transfer,False
7001652,100099,2026-07-25,20:30:00,Transfer In,IVR,12023.59,NPR,901037.22,,Incoming fund transfer,False
7001657,100099,2026-07-31,11:15:00,Withdrawal,IVR,10719.87,NPR,890317.35,Self,ATM cash withdrawal,False
7001672,100099,2026-08-01,20:45:00,POS Purchase,IVR,2134.86,NPR,888182.49,IME Remit,Point-of-sale card purchase,False
7001670,100099,2026-08-02,08:30:00,Loan EMI,Internet Banking,37439.61,NPR,850742.88,,Loan EMI auto-debit,False
7001659,100099,2026-08-06,16:00:00,Fee,Mobile App,1158.06,NPR,849584.82,,Monthly account maintenance fee,False
7001653,100099,2026-08-07,14:15:00,Interest Credit,POS,72893.79,NPR,922478.61,,Quarterly interest credit,False
7001654,100099,2026-08-07,09:45:00,Transfer Out,Branch,61810.5,NPR,860668.11,,Outgoing fund transfer,False
7001676,100099,2026-08-09,14:15:00,Loan EMI,Internet Banking,28128.21,NPR,832539.9,,Loan EMI auto-debit,False
7001651,100099,2026-08-10,22:30:00,Fee,Branch,426.49,NPR,832113.41,,Monthly account maintenance fee,False
7001664,100099,2026-08-10,09:15:00,Transfer In,Branch,64489.65,NPR,896603.06,,Incoming fund transfer,False
7001678,100099,2026-08-12,18:45:00,POS Purchase,ATM,11251.57,NPR,885351.49,Bhat-Bhateni Supermarket,Point-of-sale card purchase,False
7001674,100099,2026-08-13,15:00:00,Transfer In,Mobile App,6839.65,NPR,892191.14,,Incoming fund transfer,False
7001677,100099,2026-08-14,09:45:00,Transfer In,Branch,10369.74,NPR,902560.88,,Incoming fund transfer,False
7001665,100099,2026-08-17,06:00:00,Deposit,Branch,1779.65,NPR,904340.53,Self,Cash deposit at branch counter,False
7001669,100099,2026-08-19,09:45:00,Transfer In,POS,2094.51,NPR,906435.04,,Incoming fund transfer,False
7001662,100099,2026-08-23,13:15:00,Transfer In,IVR,27469.12,NPR,933904.16,,Incoming fund transfer,False
7001671,100099,2026-08-24,06:45:00,Interest Credit,ATM,74083.88,NPR,1007988.04,,Quarterly interest credit,False
7001661,100099,2026-08-25,22:30:00,Transfer Out,IVR,28176.34,NPR,979811.7,,Outgoing fund transfer,False
7001675,100099,2026-08-28,13:15:00,Deposit,POS,73155.86,NPR,1052967.56,Self,Cash deposit at branch counter,False
7001667,100099,2026-08-29,17:15:00,Transfer In,Branch,57788.67,NPR,1110756.23,,Incoming fund transfer,False
7001699,100100,2026-04-24,12:45:00,Fee,POS,938.91,NPR,196762.71,,Monthly account maintenance fee,False
7001692,100100,2026-04-29,19:00:00,Deposit,Branch,63604.51,NPR,260367.22,Self,Cash deposit at branch counter,False
7001702,100100,2026-05-07,07:45:00,Fee,Branch,276.31,NPR,260090.91,,Monthly account maintenance fee,False
7001685,100100,2026-05-09,07:45:00,Loan EMI,Internet Banking,27769.73,NPR,232321.18,,Loan EMI auto-debit,False
7001682,100100,2026-05-21,19:00:00,Interest Credit,POS,84920.15,NPR,317241.33,,Quarterly interest credit,True
7001694,100100,2026-05-23,13:00:00,Loan EMI,Internet Banking,36131.76,NPR,281109.57,,Loan EMI auto-debit,False
7001683,100100,2026-05-29,07:30:00,POS Purchase,Internet Banking,7075.7,NPR,274033.87,,Point-of-sale card purchase,False
7001695,100100,2026-06-04,21:15:00,Fee,IVR,760.01,NPR,273273.86,,Monthly account maintenance fee,False
7001703,100100,2026-06-05,12:15:00,Fee,ATM,1272.66,NPR,272001.2,,Monthly account maintenance fee,False
7001681,100100,2026-06-10,08:30:00,Transfer In,Mobile App,28689.67,NPR,300690.87,,Incoming fund transfer,False
7001697,100100,2026-06-11,11:30:00,POS Purchase,Mobile App,7921.04,NPR,292769.83,Khalti,Point-of-sale card purchase,False
7001701,100100,2026-06-11,12:45:00,Interest Credit,Internet Banking,67038.52,NPR,359808.35,,Quarterly interest credit,False
7001680,100100,2026-06-13,18:45:00,Transfer Out,IVR,32386.53,NPR,327421.82,,Outgoing fund transfer,False
7001684,100100,2026-06-18,20:30:00,Transfer In,IVR,59638.88,NPR,387060.7,,Incoming fund transfer,False
7001700,100100,2026-06-28,06:45:00,Deposit,POS,43257.37,NPR,430318.07,Self,Cash deposit at branch counter,False
7001691,100100,2026-07-11,19:30:00,Transfer Out,POS,4620.59,NPR,425697.48,,Outgoing fund transfer,False
7001698,100100,2026-07-11,07:30:00,Loan EMI,Internet Banking,12997.2,NPR,412700.28,,Loan EMI auto-debit,False
7001688,100100,2026-07-23,22:45:00,Fee,Mobile App,1318.94,NPR,411381.34,,Monthly account maintenance fee,False
7001689,100100,2026-07-25,18:15:00,POS Purchase,ATM,10427.12,NPR,400954.22,Foodmandu,Point-of-sale card purchase,False
7001679,100100,2026-07-28,21:00:00,POS Purchase,Branch,8965.94,NPR,391988.28,NEA Bill Pay,Point-of-sale card purchase,False
7001696,100100,2026-07-28,08:30:00,Transfer Out,ATM,19386.04,NPR,372602.24,,Outgoing fund transfer,False
7001686,100100,2026-07-30,20:15:00,Interest Credit,Mobile App,54727.77,NPR,427330.01,,Quarterly interest credit,False
7001704,100100,2026-08-17,19:15:00,Interest Credit,Branch,57023.49,NPR,484353.5,,Quarterly interest credit,False
7001690,100100,2026-08-21,20:45:00,Deposit,Internet Banking,81547.68,NPR,565901.18,Self,Cash deposit at branch counter,True
7001693,100100,2026-08-22,12:15:00,POS Purchase,IVR,5211.98,NPR,560689.2,eSewa,Point-of-sale card purchase,False
7001687,100100,2026-08-24,13:15:00,POS Purchase,Mobile App,5081.93,NPR,555607.27,Foodmandu,Point-of-sale card purchase,False
7001706,100101,2026-01-19,08:30:00,Transfer In,Branch,73913.45,NPR,859386.66,,Incoming fund transfer,False
7001710,100101,2026-02-05,19:45:00,Transfer Out,IVR,59727,NPR,799659.66,,Outgoing fund transfer,False
7001709,100101,2026-03-12,07:30:00,Loan EMI,Internet Banking,15619.48,NPR,784040.18,,Loan EMI auto-debit,False
7001705,100101,2026-03-25,09:45:00,Deposit,ATM,15203.01,NPR,799243.19,Self,Cash deposit at branch counter,False
7001711,100101,2026-03-25,20:00:00,Deposit,Internet Banking,66042.3,NPR,865285.49,Self,Cash deposit at branch counter,False
7001708,100101,2026-06-17,11:30:00,Transfer Out,Branch,23825.01,NPR,841460.48,,Outgoing fund transfer,False
7001713,100101,2026-06-26,12:45:00,Deposit,Branch,85579.58,NPR,927040.06,Self,Cash deposit at branch counter,True
7001707,100101,2026-07-05,11:45:00,Deposit,Mobile App,82716.68,NPR,1009756.74,Self,Cash deposit at branch counter,False
7001712,100101,2026-08-07,21:45:00,Deposit,Mobile App,21512.93,NPR,1031269.67,Self,Cash deposit at branch counter,False
7001715,100102,2026-07-07,06:45:00,Loan EMI,Internet Banking,11163.63,NPR,-11163.63,,Loan EMI auto-debit,False
7001716,100102,2026-07-16,19:30:00,Interest Credit,Branch,27368.63,NPR,16205,,Quarterly interest credit,False
7001714,100102,2026-08-04,11:45:00,Interest Credit,IVR,61443.61,NPR,77648.61,,Quarterly interest credit,False
7001717,100102,2026-08-16,20:45:00,Loan EMI,Internet Banking,31001,NPR,46647.61,,Loan EMI auto-debit,False
7001736,100103,2025-10-25,21:45:00,Transfer Out,POS,53478.65,NPR,476614.1,,Outgoing fund transfer,False
7001729,100103,2025-11-01,11:00:00,Fee,IVR,510.76,NPR,476103.34,,Monthly account maintenance fee,False
7001741,100103,2025-11-09,20:30:00,POS Purchase,Branch,10602.01,NPR,465501.33,IME Remit,Point-of-sale card purchase,False
7001733,100103,2025-11-13,07:00:00,Deposit,ATM,38236.83,NPR,503738.16,Self,Cash deposit at branch counter,False
7001725,100103,2025-11-14,09:45:00,POS Purchase,ATM,4893.52,NPR,498844.64,Bhat-Bhateni Supermarket,Point-of-sale card purchase,False
7001735,100103,2025-12-03,16:15:00,Transfer In,Branch,82598.7,NPR,581443.34,,Incoming fund transfer,True
7001744,100103,2025-12-08,20:00:00,POS Purchase,Mobile App,7832.46,NPR,573610.88,Self,Point-of-sale card purchase,False
7001726,100103,2026-01-12,15:45:00,Transfer In,Branch,30448.93,NPR,604059.81,,Incoming fund transfer,False
7001743,100103,2026-01-18,22:30:00,Transfer Out,ATM,56719.13,NPR,547340.68,,Outgoing fund transfer,False
7001719,100103,2026-02-06,22:45:00,Transfer In,Branch,41032.28,NPR,588372.96,,Incoming fund transfer,False
7001721,100103,2026-02-13,13:15:00,Transfer In,Mobile App,63589.95,NPR,651962.91,,Incoming fund transfer,False
7001745,100103,2026-03-03,15:15:00,Loan EMI,Internet Banking,18840.52,NPR,633122.39,,Loan EMI auto-debit,False
7001720,100103,2026-03-17,08:15:00,Interest Credit,IVR,7422.79,NPR,640545.18,,Quarterly interest credit,False
7001737,100103,2026-03-18,17:00:00,Transfer In,Mobile App,38988.21,NPR,679533.39,,Incoming fund transfer,False
7001723,100103,2026-03-30,06:15:00,Interest Credit,Mobile App,60691.46,NPR,740224.85,,Quarterly interest credit,False
7001732,100103,2026-03-30,19:00:00,Deposit,Mobile App,28736.85,NPR,768961.7,Self,Cash deposit at branch counter,False
7001718,100103,2026-04-03,20:00:00,POS Purchase,POS,10649.93,NPR,758311.77,Amazon,Point-of-sale card purchase,False
7001734,100103,2026-04-03,22:45:00,Loan EMI,Internet Banking,30616.4,NPR,727695.37,,Loan EMI auto-debit,False
7001722,100103,2026-05-04,18:00:00,Transfer In,POS,24348.54,NPR,752043.91,,Incoming fund transfer,False
7001740,100103,2026-05-16,11:15:00,Interest Credit,POS,50219.65,NPR,802263.56,,Quarterly interest credit,False
7001724,100103,2026-06-17,19:00:00,Fee,ATM,490.98,NPR,801772.58,,Monthly account maintenance fee,False
7001739,100103,2026-06-19,18:15:00,Withdrawal,POS,51266.34,NPR,750506.24,Self,ATM cash withdrawal,False
7001728,100103,2026-06-23,20:15:00,Deposit,Branch,84632.82,NPR,835139.06,Self,Cash deposit at branch counter,True
7001727,100103,2026-07-04,06:30:00,Transfer Out,IVR,1335.23,NPR,833803.83,,Outgoing fund transfer,False
7001738,100103,2026-07-08,17:15:00,Fee,IVR,1167.13,NPR,832636.7,,Monthly account maintenance fee,False
7001742,100103,2026-07-08,08:45:00,Interest Credit,Branch,8720.61,NPR,841357.31,,Quarterly interest credit,False
7001731,100103,2026-07-16,21:15:00,Withdrawal,ATM,37002.24,NPR,804355.07,Self,ATM cash withdrawal,False
7001730,100103,2026-08-07,13:45:00,POS Purchase,Branch,8589.34,NPR,795765.73,Self,Point-of-sale card purchase,False
7001746,100103,2026-08-19,09:45:00,POS Purchase,Mobile App,1925.53,NPR,793840.2,Self,Point-of-sale card purchase,False
7001756,100104,2025-06-30,06:15:00,Transfer In,ATM,21367.85,NPR,135506.59,,Incoming fund transfer,False
7001759,100104,2025-06-30,14:15:00,Loan EMI,Internet Banking,29423.35,NPR,106083.24,,Loan EMI auto-debit,False
7001752,100104,2025-08-14,12:30:00,Withdrawal,IVR,34879.96,NPR,71203.28,Self,ATM cash withdrawal,False
7001747,100104,2025-09-26,07:15:00,Interest Credit,POS,1616.13,NPR,72819.41,,Quarterly interest credit,False
7001755,100104,2025-11-06,15:30:00,POS Purchase,Internet Banking,8583.22,NPR,64236.19,Foodmandu,Point-of-sale card purchase,False
7001751,100104,2025-12-15,21:00:00,Transfer Out,Mobile App,55329.65,NPR,8906.54,,Outgoing fund transfer,False
7001749,100104,2025-12-16,18:30:00,POS Purchase,Mobile App,8316.36,NPR,590.18,NEA Bill Pay,Point-of-sale card purchase,False
7001757,100104,2026-02-04,16:45:00,Withdrawal,POS,43205.54,NPR,-42615.36,Self,ATM cash withdrawal,False
7001754,100104,2026-02-08,22:45:00,Fee,Mobile App,1425.51,NPR,-44040.87,,Monthly account maintenance fee,False
7001750,100104,2026-03-02,12:30:00,Deposit,Mobile App,10115.42,NPR,-33925.45,Self,Cash deposit at branch counter,False
7001748,100104,2026-03-28,07:30:00,Loan EMI,Internet Banking,15306.6,NPR,-49232.05,,Loan EMI auto-debit,False
7001760,100104,2026-05-01,16:45:00,Interest Credit,POS,75585.57,NPR,26353.52,,Quarterly interest credit,False
7001753,100104,2026-05-27,12:45:00,Withdrawal,ATM,58359.06,NPR,-32005.54,Self,ATM cash withdrawal,False
7001758,100104,2026-06-06,11:30:00,Withdrawal,IVR,52433.74,NPR,-84439.28,Self,ATM cash withdrawal,False
7001776,100105,2024-01-06,22:30:00,Deposit,Branch,56548.92,NPR,495980.62,Self,Cash deposit at branch counter,False
7001786,100105,2024-02-15,13:15:00,Deposit,Mobile App,7387.43,NPR,503368.05,Self,Cash deposit at branch counter,False
7001763,100105,2024-03-28,11:45:00,Loan EMI,Internet Banking,7185.34,NPR,496182.71,,Loan EMI auto-debit,False
7001790,100105,2024-04-04,19:45:00,Withdrawal,IVR,51300.57,NPR,444882.14,Self,ATM cash withdrawal,False
7001784,100105,2024-04-21,13:00:00,Loan EMI,Internet Banking,5557.53,NPR,439324.61,,Loan EMI auto-debit,False
7001779,100105,2024-04-24,19:30:00,Deposit,ATM,6294.59,NPR,445619.2,Self,Cash deposit at branch counter,False
7001785,100105,2024-05-11,11:30:00,Transfer Out,Mobile App,22922.46,NPR,422696.74,,Outgoing fund transfer,False
7001761,100105,2024-05-29,07:30:00,POS Purchase,Mobile App,5354.69,NPR,417342.05,Amazon,Point-of-sale card purchase,False
7001765,100105,2024-05-29,12:45:00,Fee,Mobile App,1299.16,NPR,416042.89,,Monthly account maintenance fee,False
7001762,100105,2024-07-06,08:15:00,Withdrawal,Mobile App,12735.37,NPR,403307.52,Self,ATM cash withdrawal,False
7001781,100105,2024-10-19,10:15:00,POS Purchase,IVR,3791.1,NPR,399516.42,Amazon,Point-of-sale card purchase,False
7001777,100105,2024-12-13,10:15:00,Transfer In,POS,41616.51,NPR,441132.93,,Incoming fund transfer,False
7001764,100105,2025-01-01,20:00:00,Transfer In,ATM,34527.91,NPR,475660.84,,Incoming fund transfer,False
7001774,100105,2025-01-12,12:15:00,Transfer In,Mobile App,76479.16,NPR,552140,,Incoming fund transfer,False
7001782,100105,2025-01-13,22:30:00,POS Purchase,Mobile App,3861.85,NPR,548278.15,Foodmandu,Point-of-sale card purchase,False
7001766,100105,2025-01-29,07:30:00,Fee,ATM,586.49,NPR,547691.66,,Monthly account maintenance fee,False
7001771,100105,2025-01-30,19:00:00,POS Purchase,IVR,10703.03,NPR,536988.63,Khalti,Point-of-sale card purchase,False
7001772,100105,2025-02-05,17:15:00,POS Purchase,ATM,7257.94,NPR,529730.69,NTC Recharge,Point-of-sale card purchase,False
7001773,100105,2025-09-07,21:15:00,POS Purchase,Branch,6487.43,NPR,523243.26,Khalti,Point-of-sale card purchase,False
7001778,100105,2025-09-17,10:15:00,Loan EMI,Internet Banking,19625.07,NPR,503618.19,,Loan EMI auto-debit,False
7001769,100105,2025-09-23,15:30:00,Loan EMI,Internet Banking,32859.02,NPR,470759.17,,Loan EMI auto-debit,False
7001767,100105,2025-10-10,16:30:00,Interest Credit,Branch,59869.01,NPR,530628.18,,Quarterly interest credit,False
7001787,100105,2025-10-25,16:45:00,Withdrawal,ATM,43958.42,NPR,486669.76,Self,ATM cash withdrawal,False
7001789,100105,2025-11-30,20:00:00,Interest Credit,POS,33130.1,NPR,519799.86,,Quarterly interest credit,False
7001788,100105,2026-01-12,12:30:00,Deposit,Internet Banking,22116.88,NPR,541916.74,Self,Cash deposit at branch counter,False
7001775,100105,2026-04-26,07:15:00,Fee,POS,454.33,NPR,541462.41,,Monthly account maintenance fee,False
7001768,100105,2026-05-30,08:30:00,POS Purchase,ATM,1205.52,NPR,540256.89,IME Remit,Point-of-sale card purchase,False
7001770,100105,2026-06-24,12:45:00,Withdrawal,Mobile App,43452.2,NPR,496804.69,Self,ATM cash withdrawal,False
7001780,100105,2026-07-26,06:00:00,Deposit,IVR,24025.64,NPR,520830.33,Self,Cash deposit at branch counter,False
7001783,100105,2026-08-09,17:30:00,Loan EMI,Internet Banking,4842.79,NPR,515987.54,,Loan EMI auto-debit,False
7001799,100106,2024-01-11,21:45:00,Deposit,Internet Banking,16626.27,NPR,57344.61,Self,Cash deposit at branch counter,False
7001793,100106,2024-06-08,08:00:00,Fee,Mobile App,262.13,NPR,57082.48,,Monthly account maintenance fee,False
7001796,100106,2024-07-15,15:15:00,Loan EMI,Internet Banking,34115.5,NPR,22966.98,,Loan EMI auto-debit,False
7001792,100106,2024-11-02,15:15:00,Interest Credit,ATM,37361.97,NPR,60328.95,,Quarterly interest credit,False
7001794,100106,2025-04-20,08:00:00,Fee,Mobile App,1434.74,NPR,58894.21,,Monthly account maintenance fee,False
7001800,100106,2025-08-30,18:45:00,Transfer Out,Branch,60106.51,NPR,-1212.3,,Outgoing fund transfer,False
7001795,100106,2026-01-07,15:15:00,Transfer In,Mobile App,44313.2,NPR,43100.9,,Incoming fund transfer,False
7001801,100106,2026-01-09,22:00:00,Fee,Internet Banking,960.31,NPR,42140.59,,Monthly account maintenance fee,False
7001803,100106,2026-02-06,08:30:00,Fee,ATM,583.98,NPR,41556.61,,Monthly account maintenance fee,False
7001802,100106,2026-03-01,07:00:00,Transfer In,Branch,13567.3,NPR,55123.91,,Incoming fund transfer,False
7001797,100106,2026-03-07,08:45:00,Transfer Out,ATM,30676.33,NPR,24447.58,,Outgoing fund transfer,False
7001798,100106,2026-04-24,09:30:00,POS Purchase,Branch,8449.04,NPR,15998.54,Amazon,Point-of-sale card purchase,False
7001804,100106,2026-08-25,07:30:00,Transfer Out,POS,25496.78,NPR,-9498.24,,Outgoing fund transfer,False
7001791,100106,2026-08-29,21:15:00,Interest Credit,Internet Banking,56384.94,NPR,46886.7,,Quarterly interest credit,False
7001808,100107,2025-02-20,15:30:00,Transfer Out,Mobile App,34741.7,NPR,17049.23,,Outgoing fund transfer,False
7001806,100107,2025-04-14,15:15:00,Fee,Branch,191.19,NPR,16858.04,,Monthly account maintenance fee,False
7001813,100107,2025-08-12,20:00:00,Deposit,IVR,66457.41,NPR,83315.45,Self,Cash deposit at branch counter,False
7001809,100107,2025-10-16,18:30:00,Withdrawal,Branch,17154.48,NPR,66160.97,Self,ATM cash withdrawal,False
7001816,100107,2025-11-18,11:00:00,Transfer Out,Mobile App,27782.35,NPR,38378.62,,Outgoing fund transfer,False
7001812,100107,2025-11-20,19:30:00,Transfer Out,Branch,60890.12,NPR,-22511.5,,Outgoing fund transfer,False
7001811,100107,2025-12-04,06:00:00,Withdrawal,POS,6630.65,NPR,-29142.15,Self,ATM cash withdrawal,False
7001817,100107,2026-01-01,17:30:00,Fee,Branch,665.01,NPR,-29807.16,,Monthly account maintenance fee,False
7001807,100107,2026-03-03,16:45:00,Loan EMI,Internet Banking,12924.42,NPR,-42731.58,,Loan EMI auto-debit,False
7001815,100107,2026-03-24,15:00:00,Loan EMI,Internet Banking,11712.82,NPR,-54444.4,,Loan EMI auto-debit,False
7001810,100107,2026-04-03,19:30:00,Loan EMI,Internet Banking,18551.45,NPR,-72995.85,,Loan EMI auto-debit,False
7001814,100107,2026-06-01,15:45:00,Fee,Internet Banking,355.95,NPR,-73351.8,,Monthly account maintenance fee,False
7001805,100107,2026-08-20,13:45:00,Loan EMI,Internet Banking,26366.97,NPR,-99718.77,,Loan EMI auto-debit,False
7001829,100108,2026-02-20,21:30:00,Transfer In,Mobile App,91287.6,NPR,159306.62,,Incoming fund transfer,True
7001823,100108,2026-03-03,17:15:00,Deposit,Branch,67613.79,NPR,226920.41,Self,Cash deposit at branch counter,False
7001818,100108,2026-03-05,21:45:00,Transfer Out,Internet Banking,64340.97,NPR,162579.44,,Outgoing fund transfer,False
7001825,100108,2026-03-18,09:15:00,Deposit,IVR,66680.81,NPR,229260.25,Self,Cash deposit at branch counter,False
7001832,100108,2026-03-19,09:15:00,Transfer In,POS,49771.93,NPR,279032.18,,Incoming fund transfer,False
7001822,100108,2026-03-24,06:00:00,Loan EMI,Internet Banking,41524.08,NPR,237508.1,,Loan EMI auto-debit,False
7001833,100108,2026-03-29,21:45:00,Withdrawal,Internet Banking,19193.96,NPR,218314.14,Self,ATM cash withdrawal,False
7001819,100108,2026-04-29,12:00:00,Fee,Internet Banking,1471.15,NPR,216842.99,,Monthly account maintenance fee,False
7001830,100108,2026-04-29,14:30:00,Deposit,IVR,59078.39,NPR,275921.38,Self,Cash deposit at branch counter,False
7001821,100108,2026-05-03,17:45:00,POS Purchase,Internet Banking,357.24,NPR,275564.14,Foodmandu,Point-of-sale card purchase,False
7001831,100108,2026-05-05,20:00:00,Deposit,ATM,66644.09,NPR,342208.23,Self,Cash deposit at branch counter,False
7001827,100108,2026-05-07,08:15:00,Interest Credit,Mobile App,68742.18,NPR,410950.41,,Quarterly interest credit,False
7001826,100108,2026-05-20,09:30:00,Fee,IVR,842.67,NPR,410107.74,,Monthly account maintenance fee,False
7001824,100108,2026-06-02,11:15:00,Loan EMI,Internet Banking,33869.72,NPR,376238.02,,Loan EMI auto-debit,False
7001820,100108,2026-07-12,16:00:00,Transfer Out,Internet Banking,50532.77,NPR,325705.25,,Outgoing fund transfer,False
7001828,100108,2026-08-27,10:30:00,Deposit,Branch,48826.54,NPR,374531.79,Self,Cash deposit at branch counter,False
7001834,100109,2024-01-13,11:15:00,Loan EMI,Internet Banking,27035.5,NPR,-27035.5,,Loan EMI auto-debit,False
7001835,100109,2025-01-24,19:45:00,Interest Credit,ATM,29391.2,NPR,2355.7,,Quarterly interest credit,False
7001836,100109,2026-07-28,20:00:00,Withdrawal,ATM,2883.31,NPR,-527.61,Self,ATM cash withdrawal,False
7001850,100110,2024-07-26,16:15:00,Transfer Out,ATM,61620.08,NPR,85884.25,,Outgoing fund transfer,False
7001864,100110,2024-08-28,13:00:00,Deposit,Mobile App,94872.56,NPR,180756.81,Self,Cash deposit at branch counter,True
7001863,100110,2024-08-31,10:15:00,Transfer Out,ATM,27416.97,NPR,153339.84,,Outgoing fund transfer,False
7001842,100110,2024-09-08,15:45:00,Interest Credit,Mobile App,14011.99,NPR,167351.83,,Quarterly interest credit,False
7001857,100110,2024-09-13,14:15:00,Loan EMI,Internet Banking,35595.55,NPR,131756.28,,Loan EMI auto-debit,False
7001838,100110,2024-09-27,20:30:00,Fee,ATM,691.74,NPR,131064.54,,Monthly account maintenance fee,False
7001865,100110,2024-12-01,13:15:00,Loan EMI,Internet Banking,27450.17,NPR,103614.37,,Loan EMI auto-debit,False
7001862,100110,2024-12-27,14:30:00,Fee,ATM,770.26,NPR,102844.11,,Monthly account maintenance fee,False
7001843,100110,2025-01-18,22:00:00,Withdrawal,POS,54770.82,NPR,48073.29,Self,ATM cash withdrawal,False
7001859,100110,2025-04-08,11:45:00,Withdrawal,Branch,26793.34,NPR,21279.95,Self,ATM cash withdrawal,False
7001860,100110,2025-06-18,22:30:00,Withdrawal,IVR,30052.06,NPR,-8772.11,Self,ATM cash withdrawal,False
7001855,100110,2025-06-25,12:45:00,Withdrawal,Internet Banking,12871.57,NPR,-21643.68,Self,ATM cash withdrawal,False
7001846,100110,2025-07-02,14:30:00,Fee,Internet Banking,705.07,NPR,-22348.75,,Monthly account maintenance fee,False
7001848,100110,2025-07-12,22:45:00,Deposit,IVR,26473.17,NPR,4124.42,Self,Cash deposit at branch counter,False
7001861,100110,2025-07-22,18:00:00,Transfer Out,IVR,53922.26,NPR,-49797.84,,Outgoing fund transfer,False
7001847,100110,2025-07-25,17:00:00,Withdrawal,POS,47802.39,NPR,-97600.23,Self,ATM cash withdrawal,False
7001854,100110,2025-08-01,08:15:00,Fee,IVR,623.27,NPR,-98223.5,,Monthly account maintenance fee,False
7001844,100110,2025-08-09,06:00:00,Transfer Out,Branch,55770.97,NPR,-153994.47,,Outgoing fund transfer,False
7001845,100110,2025-08-18,19:00:00,Loan EMI,Internet Banking,4753.36,NPR,-158747.83,,Loan EMI auto-debit,False
7001839,100110,2025-10-21,12:45:00,Loan EMI,Internet Banking,19706.86,NPR,-178454.69,,Loan EMI auto-debit,False
7001840,100110,2025-10-26,19:15:00,Transfer In,ATM,4056.5,NPR,-174398.19,,Incoming fund transfer,False
7001849,100110,2026-02-11,06:00:00,Loan EMI,Internet Banking,18991.75,NPR,-193389.94,,Loan EMI auto-debit,False
7001841,100110,2026-02-23,09:15:00,Withdrawal,Internet Banking,47119.72,NPR,-240509.66,Self,ATM cash withdrawal,False
7001837,100110,2026-04-30,19:15:00,Transfer In,Branch,83904.77,NPR,-156604.89,,Incoming fund transfer,True
7001858,100110,2026-05-02,17:15:00,POS Purchase,IVR,10445.52,NPR,-167050.41,Bhat-Bhateni Supermarket,Point-of-sale card purchase,False
7001852,100110,2026-05-28,12:45:00,Transfer Out,Internet Banking,25061.42,NPR,-192111.83,,Outgoing fund transfer,False
7001856,100110,2026-07-01,15:45:00,Loan EMI,Internet Banking,32333.41,NPR,-224445.24,,Loan EMI auto-debit,False
7001853,100110,2026-08-02,13:30:00,Deposit,POS,38309.19,NPR,-186136.05,Self,Cash deposit at branch counter,False
7001851,100110,2026-08-21,18:15:00,Withdrawal,POS,3422.9,NPR,-189558.95,Self,ATM cash withdrawal,False
7001869,100111,2025-04-08,08:30:00,Transfer Out,IVR,47536.33,NPR,-47536.33,,Outgoing fund transfer,False
7001866,100111,2025-10-22,09:15:00,Fee,ATM,359.3,NPR,-47895.63,,Monthly account maintenance fee,False
7001867,100111,2025-11-01,13:00:00,Interest Credit,Branch,69217.39,NPR,21321.76,,Quarterly interest credit,False
7001868,100111,2026-05-27,06:30:00,Deposit,IVR,26160.75,NPR,47482.51,Self,Cash deposit at branch counter,False
7001877,100112,2026-04-12,10:30:00,Interest Credit,Internet Banking,15075.38,NPR,102053.59,,Quarterly interest credit,False
7001872,100112,2026-04-18,12:00:00,Transfer Out,Internet Banking,22478.43,NPR,79575.16,,Outgoing fund transfer,False
7001876,100112,2026-05-15,08:45:00,Loan EMI,Internet Banking,35261.72,NPR,44313.44,,Loan EMI auto-debit,False
7001874,100112,2026-05-16,20:00:00,Interest Credit,ATM,28231.95,NPR,72545.39,,Quarterly interest credit,False
7001870,100112,2026-05-19,18:30:00,Deposit,Internet Banking,84997.42,NPR,157542.81,Self,Cash deposit at branch counter,True
7001878,100112,2026-05-21,12:30:00,Transfer Out,IVR,26954.43,NPR,130588.38,,Outgoing fund transfer,False
7001871,100112,2026-06-23,14:00:00,Deposit,IVR,56872.35,NPR,187460.73,Self,Cash deposit at branch counter,False
7001879,100112,2026-06-26,06:30:00,Deposit,Branch,322.6,NPR,187783.33,Self,Cash deposit at branch counter,False
7001882,100112,2026-07-17,19:15:00,Fee,Branch,274.18,NPR,187509.15,,Monthly account maintenance fee,False
7001873,100112,2026-07-19,22:15:00,Fee,Mobile App,559.86,NPR,186949.29,,Monthly account maintenance fee,False
7001881,100112,2026-07-25,19:30:00,Transfer Out,Internet Banking,22586.37,NPR,164362.92,,Outgoing fund transfer,False
7001880,100112,2026-07-28,10:30:00,POS Purchase,Branch,5905.49,NPR,158457.43,NTC Recharge,Point-of-sale card purchase,False
7001875,100112,2026-08-29,11:00:00,Loan EMI,Internet Banking,19850.19,NPR,138607.24,,Loan EMI auto-debit,False
7001887,100113,2024-10-10,19:45:00,Transfer Out,ATM,30096.54,NPR,-30096.54,,Outgoing fund transfer,False
7001884,100113,2024-12-07,11:15:00,Withdrawal,POS,12041.76,NPR,-42138.3,Self,ATM cash withdrawal,False
7001883,100113,2025-12-04,09:00:00,Withdrawal,POS,40122.39,NPR,-82260.69,Self,ATM cash withdrawal,False
7001886,100113,2026-01-10,20:15:00,Fee,IVR,247.34,NPR,-82508.03,,Monthly account maintenance fee,False
7001885,100113,2026-06-30,20:45:00,POS Purchase,ATM,6557.56,NPR,-89065.59,Daraz,Point-of-sale card purchase,False
7001893,100114,2024-11-22,11:45:00,Deposit,IVR,36260.99,NPR,501101.59,Self,Cash deposit at branch counter,False
7001898,100114,2025-02-04,06:45:00,Deposit,Mobile App,33917.43,NPR,535019.02,Self,Cash deposit at branch counter,False
7001894,100114,2025-03-08,21:15:00,Fee,IVR,410.43,NPR,534608.59,,Monthly account maintenance fee,False
7001903,100114,2025-05-03,09:45:00,POS Purchase,IVR,2258.46,NPR,532350.13,NEA Bill Pay,Point-of-sale card purchase,False
7001907,100114,2025-06-06,13:30:00,Deposit,POS,8772.81,NPR,541122.94,Self,Cash deposit at branch counter,False
7001904,100114,2025-07-09,20:30:00,Deposit,Branch,51391.94,NPR,592514.88,Self,Cash deposit at branch counter,False
7001905,100114,2025-07-09,16:30:00,Deposit,ATM,71236.23,NPR,663751.11,Self,Cash deposit at branch counter,False
7001897,100114,2025-07-31,07:45:00,Transfer Out,IVR,8572.77,NPR,655178.34,,Outgoing fund transfer,False
7001906,100114,2025-08-19,15:45:00,Transfer In,ATM,63668.18,NPR,718846.52,,Incoming fund transfer,False
7001889,100114,2025-10-22,13:30:00,Fee,POS,358.14,NPR,718488.38,,Monthly account maintenance fee,False
7001895,100114,2025-10-22,08:30:00,POS Purchase,POS,233.71,NPR,718254.67,Bhat-Bhateni Supermarket,Point-of-sale card purchase,False
7001892,100114,2025-12-08,10:45:00,POS Purchase,Branch,7364.59,NPR,710890.08,NEA Bill Pay,Point-of-sale card purchase,False
7001896,100114,2025-12-22,14:30:00,Fee,ATM,340.88,NPR,710549.2,,Monthly account maintenance fee,False
7001890,100114,2026-01-19,14:00:00,Transfer Out,Mobile App,1325.74,NPR,709223.46,,Outgoing fund transfer,False
7001891,100114,2026-01-27,12:45:00,POS Purchase,Mobile App,3580.06,NPR,705643.4,Daraz,Point-of-sale card purchase,False
7001901,100114,2026-01-27,08:15:00,Loan EMI,Internet Banking,37468.59,NPR,668174.81,,Loan EMI auto-debit,False
7001899,100114,2026-02-03,16:30:00,POS Purchase,Mobile App,7224.75,NPR,660950.06,Self,Point-of-sale card purchase,False
7001888,100114,2026-02-12,17:00:00,Transfer Out,IVR,6718.33,NPR,654231.73,,Outgoing fund transfer,False
7001902,100114,2026-05-06,15:00:00,Withdrawal,Internet Banking,59836.05,NPR,594395.68,Self,ATM cash withdrawal,False
7001900,100114,2026-05-24,22:45:00,POS Purchase,Internet Banking,1626.98,NPR,592768.7,Local ATM Withdrawal,Point-of-sale card purchase,False
7001917,100115,2025-06-29,20:00:00,Fee,Mobile App,645.35,NPR,549422.77,,Monthly account maintenance fee,False
7001910,100115,2025-07-17,18:45:00,Fee,Branch,905.35,NPR,548517.42,,Monthly account maintenance fee,False
7001911,100115,2025-11-30,17:15:00,Loan EMI,Internet Banking,15525.5,NPR,532991.92,,Loan EMI auto-debit,False
7001909,100115,2026-02-08,10:45:00,POS Purchase,POS,7195.5,NPR,525796.42,NEA Bill Pay,Point-of-sale card purchase,False
7001913,100115,2026-03-03,19:45:00,Interest Credit,Internet Banking,2461.38,NPR,528257.8,,Quarterly interest credit,False
7001914,100115,2026-04-02,21:30:00,Loan EMI,Internet Banking,36386.2,NPR,491871.6,,Loan EMI auto-debit,False
7001916,100115,2026-04-13,22:30:00,Transfer In,Internet Banking,31157.22,NPR,523028.82,,Incoming fund transfer,False
7001912,100115,2026-04-22,20:00:00,Interest Credit,Internet Banking,26639.93,NPR,549668.75,,Quarterly interest credit,False
7001908,100115,2026-06-04,19:30:00,Transfer Out,ATM,14375.05,NPR,535293.7,,Outgoing fund transfer,False
7001915,100115,2026-06-22,07:30:00,Withdrawal,Branch,48261.44,NPR,487032.26,Self,ATM cash withdrawal,False
7001920,100116,2025-03-14,09:00:00,Loan EMI,Internet Banking,20012.71,NPR,126394.8,,Loan EMI auto-debit,False
7001923,100116,2025-06-23,17:00:00,Loan EMI,Internet Banking,23843.04,NPR,102551.76,,Loan EMI auto-debit,False
7001919,100116,2025-07-06,18:45:00,Loan EMI,Internet Banking,33028.58,NPR,69523.18,,Loan EMI auto-debit,False
7001924,100116,2025-09-25,21:45:00,Deposit,IVR,77848.39,NPR,147371.57,Self,Cash deposit at branch counter,False
7001921,100116,2026-02-04,11:45:00,Transfer In,IVR,2008.09,NPR,149379.66,,Incoming fund transfer,False
7001918,100116,2026-04-21,16:00:00,POS Purchase,Mobile App,5453.64,NPR,143926.02,NTC Recharge,Point-of-sale card purchase,False
7001922,100116,2026-05-13,07:45:00,Interest Credit,IVR,81434.07,NPR,225360.09,,Quarterly interest credit,True
7001925,100116,2026-06-13,22:30:00,Loan EMI,Internet Banking,23485.21,NPR,201874.88,,Loan EMI auto-debit,False
7001932,100117,2024-07-12,10:30:00,POS Purchase,Internet Banking,1285.3,NPR,244294.96,eSewa,Point-of-sale card purchase,False
7001933,100117,2024-07-21,12:45:00,Interest Credit,Branch,2251.91,NPR,246546.87,,Quarterly interest credit,False
7001928,100117,2024-08-14,16:45:00,Deposit,IVR,74289.05,NPR,320835.92,Self,Cash deposit at branch counter,False
7001934,100117,2025-01-11,15:30:00,Loan EMI,Internet Banking,42720.33,NPR,278115.59,,Loan EMI auto-debit,False
7001927,100117,2025-01-19,11:00:00,Withdrawal,Mobile App,58417.61,NPR,219697.98,Self,ATM cash withdrawal,False
7001930,100117,2025-06-06,22:00:00,Fee,IVR,1146.33,NPR,218551.65,,Monthly account maintenance fee,False
7001929,100117,2025-08-15,08:30:00,Transfer In,IVR,65123.51,NPR,283675.16,,Incoming fund transfer,False
7001931,100117,2025-09-09,15:15:00,Deposit,Branch,81309.33,NPR,364984.49,Self,Cash deposit at branch counter,False
7001926,100117,2026-08-16,14:45:00,Transfer In,IVR,76472.34,NPR,441456.83,,Incoming fund transfer,False
7001955,100118,2025-09-23,07:15:00,Transfer In,Branch,3783.03,NPR,248610.69,,Incoming fund transfer,False
7001945,100118,2025-09-25,12:15:00,Interest Credit,IVR,49589.55,NPR,298200.24,,Quarterly interest credit,False
7001947,100118,2025-09-26,15:00:00,POS Purchase,IVR,6129.86,NPR,292070.38,Daraz,Point-of-sale card purchase,False
7001948,100118,2025-09-30,11:15:00,POS Purchase,Internet Banking,1679.63,NPR,290390.75,Daraz,Point-of-sale card purchase,False
7001946,100118,2025-10-11,18:30:00,POS Purchase,Branch,8556.48,NPR,281834.27,NEA Bill Pay,Point-of-sale card purchase,False
7001940,100118,2025-10-22,16:30:00,Transfer Out,IVR,50226.2,NPR,231608.07,,Outgoing fund transfer,False
7001956,100118,2025-10-30,15:45:00,Loan EMI,Internet Banking,17145.97,NPR,214462.1,,Loan EMI auto-debit,False
7001957,100118,2025-12-01,13:15:00,Interest Credit,Internet Banking,59319.74,NPR,273781.84,,Quarterly interest credit,False
7001953,100118,2025-12-17,06:45:00,Transfer Out,Mobile App,8621.04,NPR,265160.8,,Outgoing fund transfer,False
7001952,100118,2025-12-27,18:00:00,Loan EMI,Internet Banking,7046.99,NPR,258113.81,,Loan EMI auto-debit,False
7001944,100118,2026-01-06,18:15:00,Loan EMI,Internet Banking,31667.6,NPR,226446.21,,Loan EMI auto-debit,False
7001949,100118,2026-01-09,20:00:00,POS Purchase,Branch,1771.06,NPR,224675.15,NEA Bill Pay,Point-of-sale card purchase,False
7001941,100118,2026-01-24,14:15:00,Loan EMI,Internet Banking,35730.57,NPR,188944.58,,Loan EMI auto-debit,False
7001942,100118,2026-02-06,07:30:00,Transfer In,Mobile App,69216.14,NPR,258160.72,,Incoming fund transfer,False
7001936,100118,2026-03-20,06:15:00,Transfer In,Branch,52594.72,NPR,310755.44,,Incoming fund transfer,False
7001943,100118,2026-03-22,13:30:00,Loan EMI,Internet Banking,6279.25,NPR,304476.19,,Loan EMI auto-debit,False
7001950,100118,2026-04-03,19:00:00,Transfer In,Mobile App,80570.49,NPR,385046.68,,Incoming fund transfer,True
7001939,100118,2026-04-14,11:30:00,Fee,IVR,664.32,NPR,384382.36,,Monthly account maintenance fee,False
7001938,100118,2026-05-24,08:15:00,Loan EMI,Internet Banking,29418.63,NPR,354963.73,,Loan EMI auto-debit,False
7001937,100118,2026-06-09,07:15:00,Loan EMI,Internet Banking,36592.59,NPR,318371.14,,Loan EMI auto-debit,False
7001935,100118,2026-07-03,18:45:00,Loan EMI,Internet Banking,44559.87,NPR,273811.27,,Loan EMI auto-debit,False
7001958,100118,2026-07-05,06:30:00,Loan EMI,Internet Banking,24127.23,NPR,249684.04,,Loan EMI auto-debit,False
7001951,100118,2026-07-30,19:45:00,Interest Credit,Branch,29712.48,NPR,279396.52,,Quarterly interest credit,False
7001954,100118,2026-08-20,10:45:00,Deposit,ATM,72184.02,NPR,351580.54,Self,Cash deposit at branch counter,False
7001984,100119,2024-02-23,14:15:00,Transfer In,Mobile App,42748.48,NPR,152176.88,,Incoming fund transfer,False
7001962,100119,2024-04-02,13:15:00,Deposit,ATM,69730.75,NPR,221907.63,Self,Cash deposit at branch counter,False
7001981,100119,2024-05-25,16:00:00,Transfer Out,POS,30947.8,NPR,190959.83,,Outgoing fund transfer,False
7001963,100119,2024-06-23,10:30:00,Withdrawal,Branch,4802.52,NPR,186157.31,Self,ATM cash withdrawal,False
7001972,100119,2024-09-06,15:00:00,Interest Credit,Branch,56582.27,NPR,242739.58,,Quarterly interest credit,False
7001966,100119,2024-10-13,16:15:00,Interest Credit,POS,34022.69,NPR,276762.27,,Quarterly interest credit,False
7001978,100119,2024-11-01,12:15:00,Loan EMI,Internet Banking,13977.43,NPR,262784.84,,Loan EMI auto-debit,False
7001959,100119,2024-12-11,14:30:00,Transfer Out,Branch,22054.05,NPR,240730.79,,Outgoing fund transfer,False
7001982,100119,2025-01-07,14:45:00,Fee,Branch,477.67,NPR,240253.12,,Monthly account maintenance fee,False
7001967,100119,2025-02-22,07:30:00,Interest Credit,IVR,89248.14,NPR,329501.26,,Quarterly interest credit,True
7001971,100119,2025-05-22,19:00:00,Transfer In,Branch,28773.43,NPR,358274.69,,Incoming fund transfer,False
7001977,100119,2025-07-25,10:15:00,Transfer In,Branch,73545.8,NPR,431820.49,,Incoming fund transfer,False
7001964,100119,2025-08-28,11:30:00,Deposit,ATM,26706.49,NPR,458526.98,Self,Cash deposit at branch counter,False
7001961,100119,2025-09-16,17:15:00,Transfer In,Mobile App,20700.14,NPR,479227.12,,Incoming fund transfer,False
7001973,100119,2025-10-13,13:15:00,Fee,Mobile App,1459.69,NPR,477767.43,,Monthly account maintenance fee,False
7001975,100119,2025-10-15,06:15:00,Transfer Out,Branch,56158.5,NPR,421608.93,,Outgoing fund transfer,False
7001960,100119,2025-10-20,17:00:00,Transfer In,ATM,14784.29,NPR,436393.22,,Incoming fund transfer,False
7001970,100119,2025-10-24,19:15:00,Deposit,Branch,63118.98,NPR,499512.2,Self,Cash deposit at branch counter,False
7001979,100119,2026-01-10,21:00:00,POS Purchase,Branch,328.11,NPR,499184.09,,Point-of-sale card purchase,False
7001983,100119,2026-01-16,13:15:00,Interest Credit,Branch,56807.64,NPR,555991.73,,Quarterly interest credit,False
7001969,100119,2026-02-27,18:00:00,Withdrawal,Internet Banking,7547.91,NPR,548443.82,Self,ATM cash withdrawal,False
7001976,100119,2026-02-27,22:30:00,Loan EMI,Internet Banking,14725.93,NPR,533717.89,,Loan EMI auto-debit,False
7001980,100119,2026-03-05,20:15:00,Transfer In,ATM,41969.32,NPR,575687.21,,Incoming fund transfer,False
7001965,100119,2026-04-08,17:45:00,Transfer Out,ATM,19361.7,NPR,556325.51,,Outgoing fund transfer,False
7001968,100119,2026-06-04,07:00:00,Fee,IVR,679.54,NPR,555645.97,,Monthly account maintenance fee,False
7001974,100119,2026-08-09,15:00:00,POS Purchase,Mobile App,11024.48,NPR,544621.49,NEA Bill Pay,Point-of-sale card purchase,False
7001994,100120,2024-08-04,12:30:00,Transfer In,Internet Banking,64649.26,NPR,512793.82,,Incoming fund transfer,False
7001986,100120,2024-09-23,13:30:00,Fee,IVR,922.5,NPR,511871.32,,Monthly account maintenance fee,False
7001985,100120,2024-12-11,18:45:00,Loan EMI,Internet Banking,9690.79,NPR,502180.53,,Loan EMI auto-debit,False
7001996,100120,2025-01-28,06:15:00,Transfer In,POS,6318.19,NPR,508498.72,,Incoming fund transfer,False
7002000,100120,2025-03-09,06:00:00,Fee,ATM,321.37,NPR,508177.35,,Monthly account maintenance fee,False
7001998,100120,2025-04-23,18:45:00,Loan EMI,Internet Banking,34245.86,NPR,473931.49,,Loan EMI auto-debit,False
7002001,100120,2025-07-18,11:45:00,Loan EMI,Internet Banking,10337.17,NPR,463594.32,,Loan EMI auto-debit,False
7001997,100120,2025-08-19,09:30:00,Withdrawal,ATM,52172.69,NPR,411421.63,Self,ATM cash withdrawal,False
7001999,100120,2025-09-04,19:30:00,POS Purchase,Branch,7843.18,NPR,403578.45,NEA Bill Pay,Point-of-sale card purchase,False
7001992,100120,2025-09-12,21:00:00,POS Purchase,Branch,1389.35,NPR,402189.1,Daraz,Point-of-sale card purchase,False
7001989,100120,2025-09-28,13:15:00,Transfer In,Mobile App,20700.15,NPR,422889.25,,Incoming fund transfer,False
7001995,100120,2025-12-01,16:15:00,Interest Credit,Internet Banking,69197.99,NPR,492087.24,,Quarterly interest credit,False
7001987,100120,2026-01-28,19:30:00,Fee,IVR,172.93,NPR,491914.31,,Monthly account maintenance fee,False
7002002,100120,2026-02-01,22:30:00,Fee,IVR,588.86,NPR,491325.45,,Monthly account maintenance fee,False
7001993,100120,2026-02-04,06:00:00,Fee,POS,339.14,NPR,490986.31,,Monthly account maintenance fee,False
7001991,100120,2026-02-28,08:30:00,Interest Credit,IVR,63788.01,NPR,554774.32,,Quarterly interest credit,False
7001988,100120,2026-07-13,09:00:00,Transfer Out,Mobile App,20959.7,NPR,533814.62,,Outgoing fund transfer,False
7001990,100120,2026-08-09,16:15:00,Loan EMI,Internet Banking,42425.52,NPR,491389.1,,Loan EMI auto-debit,False
7002010,100121,2024-01-20,13:45:00,Transfer In,IVR,79639.08,NPR,341068.03,,Incoming fund transfer,False
7002025,100121,2024-02-14,06:15:00,Transfer In,ATM,4258.87,NPR,345326.9,,Incoming fund transfer,False
7002018,100121,2024-02-19,06:15:00,Transfer Out,Branch,44844.56,NPR,300482.34,,Outgoing fund transfer,False
7002022,100121,2024-04-26,13:45:00,Interest Credit,Internet Banking,62648,NPR,363130.34,,Quarterly interest credit,False
7002019,100121,2024-07-10,13:45:00,Loan EMI,Internet Banking,4652.23,NPR,358478.11,,Loan EMI auto-debit,False
7002014,100121,2024-08-24,11:30:00,Loan EMI,Internet Banking,9139.93,NPR,349338.18,,Loan EMI auto-debit,False
7002023,100121,2024-11-26,11:00:00,Transfer Out,IVR,2235.83,NPR,347102.35,,Outgoing fund transfer,False
7002005,100121,2024-12-15,19:00:00,Withdrawal,ATM,37196.84,NPR,309905.51,Self,ATM cash withdrawal,False
7002021,100121,2024-12-16,13:15:00,Fee,IVR,845.81,NPR,309059.7,,Monthly account maintenance fee,False
7002020,100121,2024-12-27,18:00:00,Deposit,Branch,14263.68,NPR,323323.38,Self,Cash deposit at branch counter,False
7002006,100121,2025-01-13,16:00:00,Interest Credit,Branch,69538.51,NPR,392861.89,,Quarterly interest credit,False
7002024,100121,2025-02-01,12:15:00,Transfer In,Mobile App,45175.54,NPR,438037.43,,Incoming fund transfer,False
7002008,100121,2025-03-24,11:15:00,Withdrawal,POS,1735.33,NPR,436302.1,Self,ATM cash withdrawal,False
7002016,100121,2025-07-02,08:30:00,Transfer In,Internet Banking,79080.34,NPR,515382.44,,Incoming fund transfer,False
7002015,100121,2025-07-29,15:15:00,Loan EMI,Internet Banking,40080.96,NPR,475301.48,,Loan EMI auto-debit,False
7002011,100121,2025-08-15,13:15:00,Transfer Out,ATM,4113.58,NPR,471187.9,,Outgoing fund transfer,False
7002003,100121,2025-10-03,17:15:00,Loan EMI,Internet Banking,32365.74,NPR,438822.16,,Loan EMI auto-debit,False
7002007,100121,2025-10-05,14:30:00,Deposit,IVR,20992.34,NPR,459814.5,Self,Cash deposit at branch counter,False
7002004,100121,2025-10-15,19:30:00,POS Purchase,Mobile App,925.52,NPR,458888.98,Local ATM Withdrawal,Point-of-sale card purchase,False
7002013,100121,2025-11-14,21:45:00,Deposit,Mobile App,62382.53,NPR,521271.51,Self,Cash deposit at branch counter,False
7002009,100121,2025-11-19,21:15:00,Deposit,Branch,38306.25,NPR,559577.76,Self,Cash deposit at branch counter,False
7002012,100121,2026-01-11,17:45:00,Transfer Out,Mobile App,34612.97,NPR,524964.79,,Outgoing fund transfer,False
7002017,100121,2026-05-03,16:30:00,Transfer Out,Internet Banking,5063.88,NPR,519900.91,,Outgoing fund transfer,False
7002033,100122,2024-05-01,11:00:00,Transfer In,Internet Banking,17606.43,NPR,21541.22,,Incoming fund transfer,False
7002030,100122,2024-09-25,21:15:00,Transfer Out,Internet Banking,38104.33,NPR,-16563.11,,Outgoing fund transfer,False
7002026,100122,2024-12-18,17:45:00,Transfer In,Branch,48771.7,NPR,32208.59,,Incoming fund transfer,False
7002035,100122,2025-01-01,22:30:00,Interest Credit,POS,85133.6,NPR,117342.19,,Quarterly interest credit,False
7002036,100122,2025-01-01,15:30:00,Deposit,IVR,41880.66,NPR,159222.85,Self,Cash deposit at branch counter,False
7002032,100122,2025-03-04,21:15:00,Loan EMI,Internet Banking,17317.5,NPR,141905.35,,Loan EMI auto-debit,False
7002034,100122,2025-03-21,12:45:00,Transfer Out,POS,53528.98,NPR,88376.37,,Outgoing fund transfer,False
7002028,100122,2025-04-10,19:00:00,Interest Credit,IVR,6645.82,NPR,95022.19,,Quarterly interest credit,False
7002029,100122,2025-08-05,22:00:00,Fee,Mobile App,422.84,NPR,94599.35,,Monthly account maintenance fee,False
7002031,100122,2026-08-07,11:45:00,Interest Credit,IVR,51774.24,NPR,146373.59,,Quarterly interest credit,False
7002027,100122,2026-08-13,21:45:00,Deposit,IVR,80644.1,NPR,227017.69,Self,Cash deposit at branch counter,True
7002043,100123,2025-12-05,11:00:00,Loan EMI,Internet Banking,11785.89,NPR,144222.06,,Loan EMI auto-debit,False
7002042,100123,2025-12-24,14:30:00,Deposit,Mobile App,43715.09,NPR,187937.15,Self,Cash deposit at branch counter,False
7002044,100123,2026-05-20,20:45:00,Withdrawal,Internet Banking,10103.07,NPR,177834.08,Self,ATM cash withdrawal,False
7002039,100123,2026-06-20,06:00:00,Withdrawal,ATM,24579.26,NPR,153254.82,Self,ATM cash withdrawal,False
7002037,100123,2026-07-21,20:00:00,Deposit,Branch,60773.09,NPR,214027.91,Self,Cash deposit at branch counter,False
7002041,100123,2026-07-29,06:15:00,Interest Credit,IVR,2175.86,NPR,216203.77,,Quarterly interest credit,False
7002038,100123,2026-08-05,13:15:00,Loan EMI,Internet Banking,32033.77,NPR,184170,,Loan EMI auto-debit,False
7002040,100123,2026-08-23,18:45:00,Transfer In,POS,57377.49,NPR,241547.49,,Incoming fund transfer,False
7002047,100124,2024-07-05,11:15:00,POS Purchase,IVR,10450.17,NPR,227565.94,Local ATM Withdrawal,Point-of-sale card purchase,False
7002046,100124,2024-12-16,18:45:00,Interest Credit,IVR,22135.88,NPR,249701.82,,Quarterly interest credit,False
7002056,100124,2025-01-21,21:45:00,Fee,IVR,623.68,NPR,249078.14,,Monthly account maintenance fee,False
7002051,100124,2025-06-09,13:00:00,Interest Credit,POS,65911.29,NPR,314989.43,,Quarterly interest credit,False
7002049,100124,2025-12-05,16:15:00,Transfer In,ATM,84467.94,NPR,399457.37,,Incoming fund transfer,False
7002054,100124,2026-02-24,21:45:00,Interest Credit,ATM,6472.51,NPR,405929.88,,Quarterly interest credit,False
7002052,100124,2026-02-26,17:30:00,Interest Credit,IVR,78236.01,NPR,484165.89,,Quarterly interest credit,False
7002048,100124,2026-04-05,07:30:00,POS Purchase,Mobile App,9277.56,NPR,474888.33,Foodmandu,Point-of-sale card purchase,False
7002055,100124,2026-05-01,15:30:00,Fee,ATM,1435.47,NPR,473452.86,,Monthly account maintenance fee,False
7002050,100124,2026-07-31,11:30:00,Interest Credit,Internet Banking,81438.45,NPR,554891.31,,Quarterly interest credit,False
7002053,100124,2026-08-05,11:45:00,Interest Credit,Branch,87492.98,NPR,642384.29,,Quarterly interest credit,False
7002045,100124,2026-08-15,08:30:00,Fee,IVR,198.8,NPR,642185.49,,Monthly account maintenance fee,False
7002071,100125,2025-05-03,17:15:00,Fee,POS,1058.65,NPR,481512.34,,Monthly account maintenance fee,False
7002085,100125,2025-06-08,20:45:00,Fee,IVR,558.31,NPR,480954.03,,Monthly account maintenance fee,False
7002077,100125,2025-06-17,17:30:00,Transfer In,ATM,75107.53,NPR,556061.56,,Incoming fund transfer,False
7002078,100125,2025-06-21,19:45:00,POS Purchase,Internet Banking,10409.84,NPR,545651.72,NTC Recharge,Point-of-sale card purchase,False
7002073,100125,2025-06-26,15:30:00,Interest Credit,IVR,47952.24,NPR,593603.96,,Quarterly interest credit,False
7002057,100125,2025-07-13,16:00:00,Interest Credit,ATM,13767.62,NPR,607371.58,,Quarterly interest credit,False
7002081,100125,2025-07-28,09:30:00,Fee,IVR,708.22,NPR,606663.36,,Monthly account maintenance fee,False
7002082,100125,2025-08-23,09:00:00,Withdrawal,ATM,44889.46,NPR,561773.9,Self,ATM cash withdrawal,False
7002074,100125,2025-08-25,15:45:00,Interest Credit,IVR,73691.04,NPR,635464.94,,Quarterly interest credit,False
7002079,100125,2025-09-06,07:30:00,Transfer Out,Internet Banking,17797.99,NPR,617666.95,,Outgoing fund transfer,False
7002067,100125,2025-09-21,14:00:00,Loan EMI,Internet Banking,30797.68,NPR,586869.27,,Loan EMI auto-debit,False
7002070,100125,2025-09-26,20:00:00,Fee,Mobile App,552.3,NPR,586316.97,,Monthly account maintenance fee,False
7002075,100125,2025-10-05,19:30:00,Interest Credit,IVR,77474.29,NPR,663791.26,,Quarterly interest credit,False
7002086,100125,2025-10-13,08:45:00,Loan EMI,Internet Banking,18265.27,NPR,645525.99,,Loan EMI auto-debit,False
7002061,100125,2025-10-14,22:15:00,Transfer Out,Mobile App,13653.46,NPR,631872.53,,Outgoing fund transfer,False
7002066,100125,2025-10-23,16:45:00,Interest Credit,POS,29316.41,NPR,661188.94,,Quarterly interest credit,False
7002059,100125,2025-11-12,22:15:00,Deposit,Mobile App,37352.65,NPR,698541.59,Self,Cash deposit at branch counter,False
7002080,100125,2025-11-29,06:45:00,Transfer Out,POS,32035.79,NPR,666505.8,,Outgoing fund transfer,False
7002060,100125,2025-12-09,19:45:00,Transfer Out,POS,49729,NPR,616776.8,,Outgoing fund transfer,False
7002064,100125,2025-12-26,08:45:00,Interest Credit,POS,57897.83,NPR,674674.63,,Quarterly interest credit,False
7002072,100125,2026-01-19,19:00:00,Transfer In,ATM,37861.38,NPR,712536.01,,Incoming fund transfer,False
7002062,100125,2026-01-26,21:45:00,Transfer Out,Branch,55190.33,NPR,657345.68,,Outgoing fund transfer,False
7002069,100125,2026-04-24,07:15:00,Transfer Out,POS,6759.33,NPR,650586.35,,Outgoing fund transfer,False
7002084,100125,2026-05-13,14:00:00,Transfer In,IVR,42216.5,NPR,692802.85,,Incoming fund transfer,False
7002063,100125,2026-05-29,22:45:00,Interest Credit,Mobile App,29573.51,NPR,722376.36,,Quarterly interest credit,False
7002065,100125,2026-06-06,21:45:00,POS Purchase,POS,2950.45,NPR,719425.91,Daraz,Point-of-sale card purchase,False
7002058,100125,2026-07-02,17:30:00,Loan EMI,Internet Banking,40674.26,NPR,678751.65,,Loan EMI auto-debit,False
7002083,100125,2026-07-04,22:30:00,Transfer In,Mobile App,18673.92,NPR,697425.57,,Incoming fund transfer,False
7002076,100125,2026-08-17,17:15:00,Deposit,ATM,16634.58,NPR,714060.15,Self,Cash deposit at branch counter,False
7002068,100125,2026-08-27,09:30:00,Deposit,Branch,61840.56,NPR,775900.71,Self,Cash deposit at branch counter,False
7002088,100126,2024-03-31,06:15:00,Transfer In,Branch,87677.48,NPR,87677.48,,Incoming fund transfer,True
7002087,100126,2025-02-27,12:30:00,Interest Credit,Branch,37407.4,NPR,125084.88,,Quarterly interest credit,False
7002100,100127,2024-01-16,10:45:00,Interest Credit,POS,46002.66,NPR,224191.04,,Quarterly interest credit,False
7002098,100127,2024-01-18,16:00:00,POS Purchase,Mobile App,3242.82,NPR,220948.22,Amazon,Point-of-sale card purchase,False
7002101,100127,2024-03-25,07:15:00,POS Purchase,ATM,963.96,NPR,219984.26,NTC Recharge,Point-of-sale card purchase,False
7002116,100127,2024-03-26,13:00:00,POS Purchase,Branch,6669.37,NPR,213314.89,eSewa,Point-of-sale card purchase,False
7002111,100127,2024-04-04,18:45:00,Deposit,ATM,88590.34,NPR,301905.23,Self,Cash deposit at branch counter,False
7002103,100127,2024-04-20,19:15:00,Transfer In,ATM,65568.36,NPR,367473.59,,Incoming fund transfer,False
7002104,100127,2024-06-12,06:45:00,Deposit,Mobile App,46406.96,NPR,413880.55,Self,Cash deposit at branch counter,False
7002092,100127,2024-07-25,22:30:00,Withdrawal,IVR,59612.9,NPR,354267.65,Self,ATM cash withdrawal,False
7002108,100127,2024-08-18,16:15:00,Transfer Out,ATM,25809.19,NPR,328458.46,,Outgoing fund transfer,False
7002112,100127,2024-09-06,10:45:00,Loan EMI,Internet Banking,29216.42,NPR,299242.04,,Loan EMI auto-debit,False
7002110,100127,2024-09-08,13:00:00,Loan EMI,Internet Banking,10234.66,NPR,289007.38,,Loan EMI auto-debit,False
7002089,100127,2024-09-12,13:15:00,Deposit,Internet Banking,93899.08,NPR,382906.46,Self,Cash deposit at branch counter,True
7002105,100127,2024-10-05,10:30:00,Transfer In,Mobile App,30081.59,NPR,412988.05,,Incoming fund transfer,False
7002107,100127,2024-11-09,15:30:00,Deposit,POS,41230.89,NPR,454218.94,Self,Cash deposit at branch counter,False
7002115,100127,2024-12-14,14:15:00,Fee,ATM,1452.55,NPR,452766.39,,Monthly account maintenance fee,False
7002117,100127,2024-12-31,12:00:00,Interest Credit,POS,25466.15,NPR,478232.54,,Quarterly interest credit,False
7002090,100127,2025-01-17,07:30:00,Fee,Internet Banking,765.65,NPR,477466.89,,Monthly account maintenance fee,False
7002113,100127,2025-03-26,20:15:00,Interest Credit,IVR,5424.44,NPR,482891.33,,Quarterly interest credit,False
7002091,100127,2025-08-10,18:45:00,Transfer In,POS,14707.7,NPR,497599.03,,Incoming fund transfer,False
7002093,100127,2025-09-05,19:45:00,Loan EMI,Internet Banking,41242.8,NPR,456356.23,,Loan EMI auto-debit,False
7002094,100127,2025-09-16,08:00:00,Loan EMI,Internet Banking,38842,NPR,417514.23,,Loan EMI auto-debit,False
7002109,100127,2025-09-20,10:00:00,Interest Credit,Mobile App,67513.76,NPR,485027.99,,Quarterly interest credit,False
7002095,100127,2025-10-20,22:45:00,Withdrawal,Branch,17910.51,NPR,467117.48,Self,ATM cash withdrawal,False
7002114,100127,2025-10-30,07:45:00,Interest Credit,ATM,22313.52,NPR,489431,,Quarterly interest credit,False
7002102,100127,2025-11-22,07:15:00,Loan EMI,Internet Banking,42704.2,NPR,446726.8,,Loan EMI auto-debit,False
7002097,100127,2026-01-08,06:00:00,Transfer Out,Branch,52159.59,NPR,394567.21,,Outgoing fund transfer,False
7002096,100127,2026-03-23,09:30:00,Interest Credit,IVR,8636.43,NPR,403203.64,,Quarterly interest credit,False
7002099,100127,2026-04-04,18:30:00,Transfer In,ATM,26163.26,NPR,429366.9,,Incoming fund transfer,False
7002106,100127,2026-07-30,17:45:00,POS Purchase,Mobile App,7879.32,NPR,421487.58,Foodmandu,Point-of-sale card purchase,False
7002123,100128,2024-04-27,16:15:00,Withdrawal,ATM,44524.88,NPR,61851.61,Self,ATM cash withdrawal,False
7002120,100128,2024-09-23,21:45:00,Transfer Out,IVR,59414.42,NPR,2437.19,,Outgoing fund transfer,False
7002125,100128,2025-01-24,22:15:00,POS Purchase,Mobile App,6624.49,NPR,-4187.3,IME Remit,Point-of-sale card purchase,False
7002124,100128,2025-03-12,13:45:00,Interest Credit,Mobile App,20874.89,NPR,16687.59,,Quarterly interest credit,False
7002119,100128,2025-03-26,15:30:00,POS Purchase,Internet Banking,7277.38,NPR,9410.21,Khalti,Point-of-sale card purchase,False
7002121,100128,2026-03-25,09:30:00,Loan EMI,Internet Banking,21093.42,NPR,-11683.21,,Loan EMI auto-debit,False
7002122,100128,2026-06-07,08:45:00,Fee,Branch,644.61,NPR,-12327.82,,Monthly account maintenance fee,False
7002118,100128,2026-07-23,07:15:00,Loan EMI,Internet Banking,41882.51,NPR,-54210.33,,Loan EMI auto-debit,False
7002126,100129,2024-01-02,16:15:00,Interest Credit,Branch,71739.82,NPR,907801.28,,Quarterly interest credit,False
7002138,100129,2024-03-04,22:45:00,Interest Credit,POS,73790.12,NPR,981591.4,,Quarterly interest credit,False
7002139,100129,2024-05-13,07:30:00,Deposit,Internet Banking,29378.07,NPR,1010969.47,Self,Cash deposit at branch counter,False
7002148,100129,2024-05-29,21:15:00,Loan EMI,Internet Banking,33977.2,NPR,976992.27,,Loan EMI auto-debit,False
7002149,100129,2024-06-24,06:45:00,Withdrawal,Branch,46396.56,NPR,930595.71,Self,ATM cash withdrawal,False
7002150,100129,2024-07-27,21:45:00,Withdrawal,Mobile App,58717.43,NPR,871878.28,Self,ATM cash withdrawal,False
7002130,100129,2024-11-03,13:45:00,POS Purchase,POS,6904.24,NPR,864974.04,Local ATM Withdrawal,Point-of-sale card purchase,False
7002127,100129,2024-11-15,17:15:00,Loan EMI,Internet Banking,41197.81,NPR,823776.23,,Loan EMI auto-debit,False
7002137,100129,2025-01-29,13:45:00,Transfer Out,Internet Banking,37830.82,NPR,785945.41,,Outgoing fund transfer,False
7002134,100129,2025-02-19,13:45:00,Interest Credit,IVR,15668.67,NPR,801614.08,,Quarterly interest credit,False
7002141,100129,2025-05-21,20:30:00,Loan EMI,Internet Banking,14176.01,NPR,787438.07,,Loan EMI auto-debit,False
7002135,100129,2025-06-17,08:00:00,Loan EMI,Internet Banking,10612.54,NPR,776825.53,,Loan EMI auto-debit,False
7002133,100129,2025-07-08,16:30:00,Loan EMI,Internet Banking,26783.77,NPR,750041.76,,Loan EMI auto-debit,False
7002128,100129,2025-10-29,08:00:00,Transfer Out,ATM,12066.13,NPR,737975.63,,Outgoing fund transfer,False
7002140,100129,2025-11-14,13:30:00,Withdrawal,Branch,53600.05,NPR,684375.58,Self,ATM cash withdrawal,False
7002146,100129,2025-12-13,14:45:00,Withdrawal,ATM,48406.48,NPR,635969.1,Self,ATM cash withdrawal,False
7002132,100129,2026-01-26,17:15:00,Deposit,IVR,29724.52,NPR,665693.62,Self,Cash deposit at branch counter,False
7002143,100129,2026-01-29,11:30:00,Deposit,POS,51090.11,NPR,716783.73,Self,Cash deposit at branch counter,False
7002136,100129,2026-01-31,07:00:00,Transfer Out,Mobile App,63619.34,NPR,653164.39,,Outgoing fund transfer,False
7002144,100129,2026-04-14,18:30:00,Loan EMI,Internet Banking,24573.73,NPR,628590.66,,Loan EMI auto-debit,False
7002145,100129,2026-05-10,18:00:00,Fee,ATM,67.88,NPR,628522.78,,Monthly account maintenance fee,False
7002142,100129,2026-05-13,22:15:00,Fee,Internet Banking,1419.72,NPR,627103.06,,Monthly account maintenance fee,False
7002131,100129,2026-06-20,09:45:00,Transfer In,Mobile App,33839.57,NPR,660942.63,,Incoming fund transfer,False
7002147,100129,2026-07-15,14:15:00,Fee,Internet Banking,1044.9,NPR,659897.73,,Monthly account maintenance fee,False
7002129,100129,2026-07-28,09:15:00,Deposit,IVR,47856.96,NPR,707754.69,Self,Cash deposit at branch counter,False
7002151,100130,2025-01-20,18:15:00,Deposit,Branch,89755.38,NPR,89755.38,Self,Cash deposit at branch counter,False
7002152,100130,2026-07-16,14:00:00,Loan EMI,Internet Banking,28533.8,NPR,61221.58,,Loan EMI auto-debit,False
7002156,100131,2024-11-21,19:15:00,POS Purchase,ATM,5907.21,NPR,576574.82,eSewa,Point-of-sale card purchase,False
7002168,100131,2024-12-10,13:00:00,Loan EMI,Internet Banking,33703.24,NPR,542871.58,,Loan EMI auto-debit,False
7002163,100131,2024-12-12,07:30:00,Transfer Out,Mobile App,20177.75,NPR,522693.83,,Outgoing fund transfer,False
7002164,100131,2025-01-12,16:00:00,Transfer In,Internet Banking,62719.77,NPR,585413.6,,Incoming fund transfer,False
7002158,100131,2025-01-25,11:00:00,Transfer In,ATM,54610.35,NPR,640023.95,,Incoming fund transfer,False
7002165,100131,2025-02-07,22:45:00,Transfer In,IVR,10645.94,NPR,650669.89,,Incoming fund transfer,False
7002153,100131,2025-03-07,13:45:00,Loan EMI,Internet Banking,43128.07,NPR,607541.82,,Loan EMI auto-debit,False
7002162,100131,2025-03-08,14:00:00,Transfer Out,IVR,25107.08,NPR,582434.74,,Outgoing fund transfer,False
7002170,100131,2025-03-30,14:15:00,POS Purchase,Mobile App,11198.79,NPR,571235.95,Salary Employer Pvt Ltd,Point-of-sale card purchase,False
7002157,100131,2025-05-01,20:15:00,Fee,ATM,223.21,NPR,571012.74,,Monthly account maintenance fee,False
7002161,100131,2025-05-20,06:45:00,Fee,Internet Banking,1169.78,NPR,569842.96,,Monthly account maintenance fee,False
7002166,100131,2025-05-20,08:15:00,Deposit,ATM,90081.24,NPR,659924.2,Self,Cash deposit at branch counter,True
7002159,100131,2025-05-31,22:30:00,Transfer Out,ATM,61329.69,NPR,598594.51,,Outgoing fund transfer,False
7002154,100131,2025-09-27,07:30:00,POS Purchase,ATM,3884.05,NPR,594710.46,Salary Employer Pvt Ltd,Point-of-sale card purchase,False
7002167,100131,2025-10-03,09:30:00,Loan EMI,Internet Banking,26354.91,NPR,568355.55,,Loan EMI auto-debit,False
7002173,100131,2025-10-21,18:15:00,Transfer In,POS,76592.31,NPR,644947.86,,Incoming fund transfer,False
7002172,100131,2025-11-23,06:15:00,Loan EMI,Internet Banking,12004.91,NPR,632942.95,,Loan EMI auto-debit,False
7002169,100131,2026-04-09,08:00:00,Fee,Internet Banking,542.01,NPR,632400.94,,Monthly account maintenance fee,False
7002160,100131,2026-05-20,10:30:00,Loan EMI,Internet Banking,7399.08,NPR,625001.86,,Loan EMI auto-debit,False
7002171,100131,2026-05-31,13:30:00,Deposit,ATM,17371.15,NPR,642373.01,Self,Cash deposit at branch counter,False
7002155,100131,2026-06-24,19:45:00,POS Purchase,Mobile App,6354.45,NPR,636018.56,Khalti,Point-of-sale card purchase,False
7002179,100132,2024-03-01,16:00:00,POS Purchase,Branch,10136.52,NPR,280103.55,Salary Employer Pvt Ltd,Point-of-sale card purchase,False
7002177,100132,2024-04-29,18:15:00,POS Purchase,Internet Banking,1634.87,NPR,278468.68,eSewa,Point-of-sale card purchase,False
7002181,100132,2024-09-30,13:15:00,POS Purchase,IVR,4748.97,NPR,273719.71,Foodmandu,Point-of-sale card purchase,False
7002184,100132,2024-11-23,16:15:00,Transfer In,POS,22500.75,NPR,296220.46,,Incoming fund transfer,False
7002189,100132,2025-02-03,12:00:00,Withdrawal,POS,45514.65,NPR,250705.81,Self,ATM cash withdrawal,False
7002185,100132,2025-03-07,08:30:00,Fee,IVR,523.16,NPR,250182.65,,Monthly account maintenance fee,False
7002182,100132,2025-06-10,07:00:00,Interest Credit,Mobile App,94178.14,NPR,344360.79,,Quarterly interest credit,True
7002178,100132,2025-06-20,08:00:00,Interest Credit,POS,46078.67,NPR,390439.46,,Quarterly interest credit,False
7002183,100132,2025-07-08,10:15:00,Deposit,IVR,86833.31,NPR,477272.77,Self,Cash deposit at branch counter,False
7002191,100132,2025-09-27,22:30:00,Fee,Mobile App,757.93,NPR,476514.84,,Monthly account maintenance fee,False
7002174,100132,2025-11-21,06:30:00,POS Purchase,Internet Banking,6837.56,NPR,469677.28,eSewa,Point-of-sale card purchase,False
7002176,100132,2025-12-02,11:15:00,Withdrawal,IVR,1822.78,NPR,467854.5,Self,ATM cash withdrawal,False
7002186,100132,2025-12-07,17:45:00,Withdrawal,IVR,49611.4,NPR,418243.1,Self,ATM cash withdrawal,False
7002187,100132,2026-03-05,18:45:00,Withdrawal,IVR,46964.47,NPR,371278.63,Self,ATM cash withdrawal,False
7002188,100132,2026-03-15,17:30:00,Loan EMI,Internet Banking,22959.33,NPR,348319.3,,Loan EMI auto-debit,False
7002175,100132,2026-03-30,20:30:00,Withdrawal,Branch,58507.97,NPR,289811.33,Self,ATM cash withdrawal,False
7002180,100132,2026-05-15,11:00:00,Loan EMI,Internet Banking,25970.72,NPR,263840.61,,Loan EMI auto-debit,False
7002190,100132,2026-06-18,11:45:00,Fee,IVR,818.06,NPR,263022.55,,Monthly account maintenance fee,False
7002194,100133,2024-08-15,15:15:00,Interest Credit,Internet Banking,37848.24,NPR,62101.11,,Quarterly interest credit,False
7002192,100133,2025-01-20,18:00:00,Interest Credit,IVR,77290.48,NPR,139391.59,,Quarterly interest credit,False
7002195,100133,2025-05-26,14:00:00,Loan EMI,Internet Banking,41539.08,NPR,97852.51,,Loan EMI auto-debit,False
7002196,100133,2025-08-27,19:45:00,Fee,POS,1240.35,NPR,96612.16,,Monthly account maintenance fee,False
7002199,100133,2025-10-13,08:00:00,Fee,POS,452.56,NPR,96159.6,,Monthly account maintenance fee,False
7002198,100133,2025-11-06,16:00:00,Loan EMI,Internet Banking,13658.53,NPR,82501.07,,Loan EMI auto-debit,False
7002193,100133,2025-11-09,11:15:00,Transfer Out,Branch,17549.52,NPR,64951.55,,Outgoing fund transfer,False
7002197,100133,2026-08-15,15:30:00,Transfer Out,IVR,26726.29,NPR,38225.26,,Outgoing fund transfer,False
7002206,100134,2024-04-15,14:00:00,Deposit,POS,90523.6,NPR,283448.03,Self,Cash deposit at branch counter,True
7002220,100134,2024-04-16,12:00:00,Fee,Branch,971.43,NPR,282476.6,,Monthly account maintenance fee,False
7002204,100134,2024-05-05,20:45:00,Transfer Out,POS,40000.02,NPR,242476.58,,Outgoing fund transfer,False
7002219,100134,2024-05-20,20:15:00,Transfer In,IVR,26260.67,NPR,268737.25,,Incoming fund transfer,False
7002221,100134,2024-06-04,13:00:00,Interest Credit,Internet Banking,69037.84,NPR,337775.09,,Quarterly interest credit,False
7002218,100134,2024-07-17,17:15:00,Withdrawal,IVR,1756.77,NPR,336018.32,Self,ATM cash withdrawal,False
7002202,100134,2024-08-25,07:15:00,Interest Credit,IVR,25019.19,NPR,361037.51,,Quarterly interest credit,False
7002224,100134,2024-11-30,19:30:00,Deposit,Internet Banking,46153.91,NPR,407191.42,Self,Cash deposit at branch counter,False
7002211,100134,2024-12-07,16:30:00,Deposit,ATM,70736.67,NPR,477928.09,Self,Cash deposit at branch counter,False
7002216,100134,2025-01-31,07:45:00,Fee,ATM,328.62,NPR,477599.47,,Monthly account maintenance fee,False
7002215,100134,2025-02-08,08:45:00,Deposit,Mobile App,29306.44,NPR,506905.91,Self,Cash deposit at branch counter,False
7002212,100134,2025-04-04,15:15:00,Transfer In,POS,93719.5,NPR,600625.41,,Incoming fund transfer,True
7002209,100134,2025-05-12,19:45:00,Interest Credit,ATM,57544.68,NPR,658170.09,,Quarterly interest credit,False
7002200,100134,2025-08-28,13:15:00,Transfer In,Mobile App,19941.66,NPR,678111.75,,Incoming fund transfer,False
7002214,100134,2025-09-23,07:00:00,Deposit,Mobile App,44042.58,NPR,722154.33,Self,Cash deposit at branch counter,False
7002205,100134,2025-12-13,12:45:00,POS Purchase,Internet Banking,2615.82,NPR,719538.51,Khalti,Point-of-sale card purchase,False
7002213,100134,2026-01-11,14:00:00,Transfer In,Internet Banking,91913.9,NPR,811452.41,,Incoming fund transfer,True
7002208,100134,2026-02-02,09:30:00,Deposit,POS,44767.61,NPR,856220.02,Self,Cash deposit at branch counter,False
7002222,100134,2026-02-14,06:45:00,POS Purchase,Branch,9456.15,NPR,846763.87,Salary Employer Pvt Ltd,Point-of-sale card purchase,False
7002223,100134,2026-03-05,11:00:00,Fee,ATM,1188.8,NPR,845575.07,,Monthly account maintenance fee,False
7002207,100134,2026-04-16,12:15:00,Transfer Out,ATM,19849.93,NPR,825725.14,,Outgoing fund transfer,False
7002203,100134,2026-05-07,21:15:00,Transfer In,Branch,12388.38,NPR,838113.52,,Incoming fund transfer,False
7002225,100134,2026-05-23,10:30:00,Interest Credit,Mobile App,80685.83,NPR,918799.35,,Quarterly interest credit,False
7002217,100134,2026-06-22,07:00:00,Loan EMI,Internet Banking,39925.63,NPR,878873.72,,Loan EMI auto-debit,False
7002210,100134,2026-07-06,10:45:00,Interest Credit,Internet Banking,79637.63,NPR,958511.35,,Quarterly interest credit,False
7002201,100134,2026-08-19,09:30:00,Transfer Out,POS,42614.49,NPR,915896.86,,Outgoing fund transfer,False
7002228,100135,2024-02-13,15:45:00,Transfer In,Internet Banking,16661.07,NPR,277047.2,,Incoming fund transfer,False
7002227,100135,2024-04-24,19:30:00,Fee,IVR,133.06,NPR,276914.14,,Monthly account maintenance fee,False
7002230,100135,2025-02-08,22:15:00,POS Purchase,POS,8058.82,NPR,268855.32,Salary Employer Pvt Ltd,Point-of-sale card purchase,False
7002231,100135,2025-02-11,17:30:00,POS Purchase,Mobile App,2901.45,NPR,265953.87,Bhat-Bhateni Supermarket,Point-of-sale card purchase,False
7002233,100135,2025-06-12,13:45:00,Withdrawal,Mobile App,3057.77,NPR,262896.1,Self,ATM cash withdrawal,False
7002229,100135,2025-06-25,19:15:00,Withdrawal,Branch,51535.8,NPR,211360.3,Self,ATM cash withdrawal,False
7002232,100135,2025-12-29,22:00:00,POS Purchase,IVR,4674.75,NPR,206685.55,IME Remit,Point-of-sale card purchase,False
7002226,100135,2026-03-25,10:30:00,Interest Credit,ATM,83232.46,NPR,289918.01,,Quarterly interest credit,True
7002239,100136,2024-01-26,09:45:00,Transfer Out,POS,8868.39,NPR,717954.36,,Outgoing fund transfer,False
7002257,100136,2024-05-23,07:15:00,Interest Credit,Mobile App,20861.94,NPR,738816.3,,Quarterly interest credit,False
7002247,100136,2024-06-27,09:00:00,Withdrawal,Internet Banking,41806.83,NPR,697009.47,Self,ATM cash withdrawal,False
7002238,100136,2024-07-17,16:15:00,Loan EMI,Internet Banking,15544.66,NPR,681464.81,,Loan EMI auto-debit,False
7002241,100136,2024-07-18,17:15:00,Deposit,Branch,27944.75,NPR,709409.56,Self,Cash deposit at branch counter,False
7002235,100136,2024-08-20,15:00:00,Transfer In,Internet Banking,56214.78,NPR,765624.34,,Incoming fund transfer,False
7002261,100136,2024-09-30,17:45:00,Transfer In,IVR,22758.09,NPR,788382.43,,Incoming fund transfer,False
7002256,100136,2024-12-15,13:30:00,Interest Credit,ATM,41332.44,NPR,829714.87,,Quarterly interest credit,False
7002246,100136,2024-12-25,16:00:00,Withdrawal,Internet Banking,7003.47,NPR,822711.4,Self,ATM cash withdrawal,False
7002254,100136,2024-12-29,19:00:00,POS Purchase,ATM,11786.35,NPR,810925.05,Salary Employer Pvt Ltd,Point-of-sale card purchase,False
7002258,100136,2025-01-16,09:30:00,Loan EMI,Internet Banking,3484.45,NPR,807440.6,,Loan EMI auto-debit,False
7002252,100136,2025-02-21,21:00:00,Transfer In,Internet Banking,72770.77,NPR,880211.37,,Incoming fund transfer,False
7002248,100136,2025-03-21,07:15:00,Interest Credit,POS,85844.1,NPR,966055.47,,Quarterly interest credit,False
7002245,100136,2025-04-02,11:30:00,Deposit,ATM,51433.48,NPR,1017488.95,Self,Cash deposit at branch counter,False
7002260,100136,2025-04-20,16:00:00,Transfer Out,IVR,51565.03,NPR,965923.92,,Outgoing fund transfer,False
7002240,100136,2025-06-08,16:15:00,Interest Credit,IVR,4587.62,NPR,970511.54,,Quarterly interest credit,False
7002259,100136,2025-07-13,06:15:00,Interest Credit,ATM,24675.45,NPR,995186.99,,Quarterly interest credit,False
7002234,100136,2025-07-17,17:15:00,Withdrawal,Internet Banking,59010.87,NPR,936176.12,Self,ATM cash withdrawal,False
7002255,100136,2025-08-24,10:15:00,Deposit,ATM,34940.86,NPR,971116.98,Self,Cash deposit at branch counter,False
7002236,100136,2025-09-10,19:00:00,Interest Credit,POS,57545.98,NPR,1028662.96,,Quarterly interest credit,False
7002250,100136,2025-10-10,09:00:00,Withdrawal,POS,59749.1,NPR,968913.86,Self,ATM cash withdrawal,False
7002242,100136,2025-10-22,09:15:00,Loan EMI,Internet Banking,40245.58,NPR,928668.28,,Loan EMI auto-debit,False
7002251,100136,2026-02-17,11:45:00,Transfer Out,POS,43288.29,NPR,885379.99,,Outgoing fund transfer,False
7002253,100136,2026-03-26,13:15:00,Withdrawal,Branch,15474.64,NPR,869905.35,Self,ATM cash withdrawal,False
7002249,100136,2026-04-01,07:45:00,Loan EMI,Internet Banking,20523.19,NPR,849382.16,,Loan EMI auto-debit,False
7002244,100136,2026-06-15,22:00:00,Deposit,Branch,82724.49,NPR,932106.65,Self,Cash deposit at branch counter,True
7002237,100136,2026-08-04,09:45:00,Withdrawal,ATM,47965.98,NPR,884140.67,Self,ATM cash withdrawal,False
7002243,100136,2026-08-25,14:00:00,Transfer Out,POS,62855.36,NPR,821285.31,,Outgoing fund transfer,False
7002284,100137,2025-05-27,06:00:00,Deposit,ATM,44507.33,NPR,116387.13,Self,Cash deposit at branch counter,False
7002265,100137,2025-05-30,07:45:00,Transfer In,Mobile App,47447.48,NPR,163834.61,,Incoming fund transfer,False
7002274,100137,2025-06-20,14:30:00,Transfer Out,IVR,34708.11,NPR,129126.5,,Outgoing fund transfer,False
7002266,100137,2025-08-03,19:30:00,Transfer Out,ATM,10923.47,NPR,118203.03,,Outgoing fund transfer,False
7002279,100137,2025-09-07,12:00:00,Fee,IVR,686.76,NPR,117516.27,,Monthly account maintenance fee,False
7002273,100137,2025-10-13,21:15:00,Fee,Mobile App,733.74,NPR,116782.53,,Monthly account maintenance fee,False
7002283,100137,2025-10-25,16:30:00,Fee,ATM,629.1,NPR,116153.43,,Monthly account maintenance fee,False
7002272,100137,2025-12-15,08:00:00,Interest Credit,Internet Banking,16561.84,NPR,132715.27,,Quarterly interest credit,False
7002278,100137,2025-12-17,21:45:00,POS Purchase,POS,2566.39,NPR,130148.88,Salary Employer Pvt Ltd,Point-of-sale card purchase,False
7002271,100137,2026-01-03,14:30:00,POS Purchase,ATM,5672.53,NPR,124476.35,NTC Recharge,Point-of-sale card purchase,False
7002270,100137,2026-01-05,21:00:00,Transfer Out,Internet Banking,30006.62,NPR,94469.73,,Outgoing fund transfer,False
7002267,100137,2026-01-16,11:00:00,Interest Credit,Internet Banking,11498.62,NPR,105968.35,,Quarterly interest credit,False
7002262,100137,2026-02-09,11:15:00,Fee,IVR,268.53,NPR,105699.82,,Monthly account maintenance fee,False
7002281,100137,2026-02-28,21:15:00,POS Purchase,POS,10597.03,NPR,95102.79,NTC Recharge,Point-of-sale card purchase,False
7002268,100137,2026-03-10,20:00:00,Fee,Mobile App,1439.2,NPR,93663.59,,Monthly account maintenance fee,False
7002275,100137,2026-03-23,19:30:00,Deposit,POS,92133.8,NPR,185797.39,Self,Cash deposit at branch counter,True
7002280,100137,2026-03-25,08:30:00,Withdrawal,Branch,55327.34,NPR,130470.05,Self,ATM cash withdrawal,False
7002263,100137,2026-04-16,15:30:00,Loan EMI,Internet Banking,27921.27,NPR,102548.78,,Loan EMI auto-debit,False
7002282,100137,2026-04-16,11:15:00,Withdrawal,Internet Banking,30133.48,NPR,72415.3,Self,ATM cash withdrawal,False
7002269,100137,2026-05-02,11:30:00,Transfer In,Mobile App,35486.13,NPR,107901.43,,Incoming fund transfer,False
7002276,100137,2026-06-09,15:15:00,Transfer In,POS,88678.56,NPR,196579.99,,Incoming fund transfer,False
7002285,100137,2026-08-12,18:30:00,Fee,POS,1057.95,NPR,195522.04,,Monthly account maintenance fee,False
7002277,100137,2026-08-25,21:00:00,Loan EMI,Internet Banking,6868.28,NPR,188653.76,,Loan EMI auto-debit,False
7002264,100137,2026-08-27,07:45:00,Interest Credit,POS,74014.97,NPR,262668.73,,Quarterly interest credit,False
7002286,100138,2026-04-14,13:15:00,Withdrawal,IVR,57059.52,NPR,-57059.52,Self,ATM cash withdrawal,False
7002290,100138,2026-05-10,13:45:00,POS Purchase,POS,11935.96,NPR,-68995.48,NTC Recharge,Point-of-sale card purchase,False
7002289,100138,2026-07-10,14:30:00,Interest Credit,Internet Banking,15040.27,NPR,-53955.21,,Quarterly interest credit,False
7002288,100138,2026-07-11,22:00:00,Withdrawal,POS,51260.9,NPR,-105216.11,Self,ATM cash withdrawal,False
7002287,100138,2026-07-26,06:15:00,POS Purchase,ATM,8783.19,NPR,-113999.3,Daraz,Point-of-sale card purchase,False
7002296,100139,2025-06-10,16:30:00,Loan EMI,Internet Banking,34978.03,NPR,68582.32,,Loan EMI auto-debit,False
7002291,100139,2025-06-15,15:15:00,Fee,Branch,607.05,NPR,67975.27,,Monthly account maintenance fee,False
7002314,100139,2025-06-24,14:00:00,Loan EMI,Internet Banking,17648.07,NPR,50327.2,,Loan EMI auto-debit,False
7002294,100139,2025-06-30,15:30:00,Fee,POS,1301.88,NPR,49025.32,,Monthly account maintenance fee,False
7002299,100139,2025-07-16,16:00:00,Loan EMI,Internet Banking,3533.47,NPR,45491.85,,Loan EMI auto-debit,False
7002306,100139,2025-08-14,07:00:00,Interest Credit,ATM,36794.39,NPR,82286.24,,Quarterly interest credit,False
7002315,100139,2025-08-24,15:45:00,Fee,IVR,708.69,NPR,81577.55,,Monthly account maintenance fee,False
7002308,100139,2025-09-01,19:15:00,Deposit,IVR,28463.57,NPR,110041.12,Self,Cash deposit at branch counter,False
7002310,100139,2025-09-03,08:30:00,Transfer Out,POS,56623.6,NPR,53417.52,,Outgoing fund transfer,False
7002297,100139,2025-10-17,14:15:00,Interest Credit,ATM,17433.04,NPR,70850.56,,Quarterly interest credit,False
7002311,100139,2025-10-27,11:15:00,Fee,POS,1369.53,NPR,69481.03,,Monthly account maintenance fee,False
7002301,100139,2025-11-11,17:30:00,POS Purchase,IVR,8260.87,NPR,61220.16,IME Remit,Point-of-sale card purchase,False
7002307,100139,2025-11-12,10:00:00,Loan EMI,Internet Banking,36313.42,NPR,24906.74,,Loan EMI auto-debit,False
7002293,100139,2025-11-24,18:45:00,Loan EMI,Internet Banking,4878.91,NPR,20027.83,,Loan EMI auto-debit,False
7002318,100139,2026-02-03,13:30:00,Transfer In,IVR,73640.24,NPR,93668.07,,Incoming fund transfer,False
7002292,100139,2026-02-06,21:30:00,Fee,Mobile App,1327.08,NPR,92340.99,,Monthly account maintenance fee,False
7002300,100139,2026-02-17,18:45:00,Loan EMI,Internet Banking,10092.6,NPR,82248.39,,Loan EMI auto-debit,False
7002309,100139,2026-03-29,08:30:00,POS Purchase,Internet Banking,8290.43,NPR,73957.96,NTC Recharge,Point-of-sale card purchase,False
7002312,100139,2026-03-30,17:00:00,POS Purchase,Internet Banking,4302.72,NPR,69655.24,NEA Bill Pay,Point-of-sale card purchase,False
7002304,100139,2026-04-13,15:00:00,Transfer Out,Branch,40357.4,NPR,29297.84,,Outgoing fund transfer,False
7002295,100139,2026-05-13,10:00:00,Loan EMI,Internet Banking,38850.23,NPR,-9552.39,,Loan EMI auto-debit,False
7002305,100139,2026-06-07,14:00:00,Transfer In,Internet Banking,4688.55,NPR,-4863.84,,Incoming fund transfer,False
7002313,100139,2026-06-07,12:45:00,Deposit,Mobile App,84074.52,NPR,79210.68,Self,Cash deposit at branch counter,True
7002303,100139,2026-06-18,14:00:00,Interest Credit,Internet Banking,57817.32,NPR,137028,,Quarterly interest credit,False
7002317,100139,2026-07-06,08:45:00,Transfer In,IVR,89131.8,NPR,226159.8,,Incoming fund transfer,False
7002320,100139,2026-07-22,15:30:00,Transfer In,Mobile App,62915.57,NPR,289075.37,,Incoming fund transfer,False
7002302,100139,2026-07-29,19:15:00,Withdrawal,Mobile App,15645.57,NPR,273429.8,Self,ATM cash withdrawal,False
7002298,100139,2026-08-01,17:45:00,Interest Credit,Mobile App,16912.9,NPR,290342.7,,Quarterly interest credit,False
7002319,100139,2026-08-09,15:30:00,Transfer Out,ATM,2395.66,NPR,287947.04,,Outgoing fund transfer,False
7002316,100139,2026-08-19,16:30:00,Transfer Out,Branch,34324.42,NPR,253622.62,,Outgoing fund transfer,False
7002336,100140,2026-03-03,22:15:00,POS Purchase,Internet Banking,8502.98,NPR,260653.3,Khalti,Point-of-sale card purchase,False
7002325,100140,2026-03-09,16:30:00,Transfer Out,Branch,38875.79,NPR,221777.51,,Outgoing fund transfer,False
7002335,100140,2026-03-09,07:30:00,Deposit,IVR,69219.15,NPR,290996.66,Self,Cash deposit at branch counter,False
7002337,100140,2026-03-10,08:45:00,Transfer In,Mobile App,19499.33,NPR,310495.99,,Incoming fund transfer,False
7002326,100140,2026-03-14,12:45:00,Interest Credit,Branch,74271.67,NPR,384767.66,,Quarterly interest credit,False
7002321,100140,2026-03-15,17:45:00,Transfer In,IVR,61557.97,NPR,446325.63,,Incoming fund transfer,False
7002327,100140,2026-03-29,09:15:00,Transfer Out,Internet Banking,4417.42,NPR,441908.21,,Outgoing fund transfer,False
7002330,100140,2026-04-09,16:45:00,Fee,Branch,1002.06,NPR,440906.15,,Monthly account maintenance fee,False
7002331,100140,2026-05-06,19:30:00,Loan EMI,Internet Banking,27604.78,NPR,413301.37,,Loan EMI auto-debit,False
7002329,100140,2026-05-07,22:00:00,Transfer Out,Internet Banking,62695.53,NPR,350605.84,,Outgoing fund transfer,False
7002333,100140,2026-05-21,10:15:00,POS Purchase,Mobile App,8531.49,NPR,342074.35,Daraz,Point-of-sale card purchase,False
7002328,100140,2026-05-24,16:15:00,Fee,POS,616.21,NPR,341458.14,,Monthly account maintenance fee,False
7002323,100140,2026-06-09,17:45:00,POS Purchase,Branch,2323.79,NPR,339134.35,Self,Point-of-sale card purchase,False
7002332,100140,2026-06-21,12:30:00,Deposit,Branch,26865.05,NPR,365999.4,Self,Cash deposit at branch counter,False
7002324,100140,2026-07-03,10:45:00,POS Purchase,POS,11058.76,NPR,354940.64,,Point-of-sale card purchase,False
7002322,100140,2026-07-04,12:15:00,Loan EMI,Internet Banking,32437.86,NPR,322502.78,,Loan EMI auto-debit,False
7002334,100140,2026-07-10,14:15:00,Interest Credit,IVR,65247.83,NPR,387750.61,,Quarterly interest credit,False
7002338,100140,2026-08-16,15:00:00,POS Purchase,POS,3030.08,NPR,384720.53,Daraz,Point-of-sale card purchase,False
7002340,100141,2024-05-09,08:15:00,Loan EMI,Internet Banking,42388.18,NPR,314763.48,,Loan EMI auto-debit,False
7002358,100141,2024-06-22,22:45:00,Deposit,Mobile App,6668.06,NPR,321431.54,Self,Cash deposit at branch counter,False
7002347,100141,2024-06-29,11:45:00,Transfer Out,ATM,31705.68,NPR,289725.86,,Outgoing fund transfer,False
7002357,100141,2024-08-13,13:15:00,Transfer Out,Branch,19058.83,NPR,270667.03,,Outgoing fund transfer,False
7002359,100141,2024-09-05,12:30:00,Deposit,Branch,87573.76,NPR,358240.79,Self,Cash deposit at branch counter,True
7002352,100141,2024-09-23,18:30:00,Loan EMI,Internet Banking,3397.63,NPR,354843.16,,Loan EMI auto-debit,False
7002356,100141,2024-09-27,08:45:00,Interest Credit,IVR,84368.35,NPR,439211.51,,Quarterly interest credit,False
7002350,100141,2024-10-20,17:30:00,Deposit,IVR,47271.4,NPR,486482.91,Self,Cash deposit at branch counter,False
7002345,100141,2025-02-15,15:45:00,POS Purchase,Branch,3067.05,NPR,483415.86,eSewa,Point-of-sale card purchase,False
7002353,100141,2025-03-16,07:00:00,Interest Credit,POS,76684.66,NPR,560100.52,,Quarterly interest credit,False
7002349,100141,2025-04-15,08:00:00,POS Purchase,POS,2091.3,NPR,558009.22,eSewa,Point-of-sale card purchase,False
7002361,100141,2025-04-19,19:45:00,Fee,Branch,379,NPR,557630.22,,Monthly account maintenance fee,False
7002342,100141,2025-05-15,11:00:00,Deposit,Mobile App,52401.16,NPR,610031.38,Self,Cash deposit at branch counter,False
7002341,100141,2025-06-05,20:30:00,Deposit,Internet Banking,32542.97,NPR,642574.35,Self,Cash deposit at branch counter,False
7002343,100141,2025-06-11,10:45:00,Transfer Out,POS,14427.62,NPR,628146.73,,Outgoing fund transfer,False
7002351,100141,2025-10-20,11:45:00,Fee,IVR,470.41,NPR,627676.32,,Monthly account maintenance fee,False
7002366,100141,2025-12-05,22:30:00,Deposit,Branch,44182.93,NPR,671859.25,Self,Cash deposit at branch counter,False
7002355,100141,2026-01-04,07:15:00,Loan EMI,Internet Banking,20497.03,NPR,651362.22,,Loan EMI auto-debit,False
7002348,100141,2026-01-21,15:15:00,Withdrawal,Internet Banking,3986.81,NPR,647375.41,Self,ATM cash withdrawal,False
7002365,100141,2026-02-15,07:45:00,Deposit,ATM,62992.41,NPR,710367.82,Self,Cash deposit at branch counter,False
7002346,100141,2026-03-05,12:30:00,Transfer Out,Branch,46342.53,NPR,664025.29,,Outgoing fund transfer,False
7002364,100141,2026-04-11,20:30:00,Transfer Out,Branch,27995.16,NPR,636030.13,,Outgoing fund transfer,False
7002363,100141,2026-04-21,14:30:00,Deposit,Internet Banking,71900.84,NPR,707930.97,Self,Cash deposit at branch counter,False
7002354,100141,2026-05-17,08:45:00,Loan EMI,Internet Banking,19792.35,NPR,688138.62,,Loan EMI auto-debit,False
7002344,100141,2026-06-19,16:45:00,Withdrawal,POS,39738.07,NPR,648400.55,Self,ATM cash withdrawal,False
7002360,100141,2026-07-13,19:00:00,Loan EMI,Internet Banking,43887.54,NPR,604513.01,,Loan EMI auto-debit,False
7002339,100141,2026-07-21,15:15:00,Interest Credit,POS,38625.28,NPR,643138.29,,Quarterly interest credit,False
7002362,100141,2026-08-11,15:00:00,POS Purchase,Branch,1089.22,NPR,642049.07,Self,Point-of-sale card purchase,False
7002369,100142,2024-01-29,22:45:00,Interest Credit,POS,43337.83,NPR,124781.38,,Quarterly interest credit,False
7002368,100142,2024-07-05,12:15:00,Deposit,Mobile App,82498.2,NPR,207279.58,Self,Cash deposit at branch counter,True
7002374,100142,2024-07-06,10:45:00,Interest Credit,ATM,9089.39,NPR,216368.97,,Quarterly interest credit,False
7002367,100142,2024-12-26,14:00:00,Fee,ATM,79.18,NPR,216289.79,,Monthly account maintenance fee,False
7002373,100142,2025-03-28,09:45:00,Fee,Branch,84.3,NPR,216205.49,,Monthly account maintenance fee,False
7002375,100142,2025-08-05,21:00:00,Transfer Out,Internet Banking,48766.2,NPR,167439.29,,Outgoing fund transfer,False
7002370,100142,2025-08-16,09:00:00,Withdrawal,Branch,63212.15,NPR,104227.14,Self,ATM cash withdrawal,False
7002371,100142,2026-01-09,21:45:00,Deposit,IVR,39294.02,NPR,143521.16,Self,Cash deposit at branch counter,False
7002372,100142,2026-07-18,06:00:00,Loan EMI,Internet Banking,35146.86,NPR,108374.3,,Loan EMI auto-debit,False
7002377,100143,2024-03-02,12:15:00,Transfer In,ATM,17691.83,NPR,127122.25,,Incoming fund transfer,False
7002381,100143,2024-06-09,22:30:00,Withdrawal,IVR,4724.38,NPR,122397.87,Self,ATM cash withdrawal,False
7002382,100143,2024-11-22,13:15:00,Transfer In,IVR,36907.64,NPR,159305.51,,Incoming fund transfer,False
7002379,100143,2025-01-26,12:15:00,POS Purchase,IVR,11112.31,NPR,148193.2,Foodmandu,Point-of-sale card purchase,False
7002378,100143,2025-02-06,16:15:00,Transfer Out,IVR,15946.53,NPR,132246.67,,Outgoing fund transfer,False
7002385,100143,2025-06-22,19:45:00,Transfer Out,Internet Banking,33352.42,NPR,98894.25,,Outgoing fund transfer,False
7002380,100143,2025-07-18,14:15:00,Transfer In,ATM,94816.61,NPR,193710.86,,Incoming fund transfer,True
7002376,100143,2025-09-29,07:00:00,Fee,IVR,898.14,NPR,192812.72,,Monthly account maintenance fee,False
7002384,100143,2025-12-15,13:15:00,Interest Credit,POS,64001.63,NPR,256814.35,,Quarterly interest credit,False
7002383,100143,2026-02-02,12:00:00,Transfer Out,Mobile App,62000.15,NPR,194814.2,,Outgoing fund transfer,False
7002387,100144,2024-04-06,09:45:00,Loan EMI,Internet Banking,21834.6,NPR,38899.96,,Loan EMI auto-debit,False
7002393,100144,2024-04-07,19:30:00,Withdrawal,ATM,63501.37,NPR,-24601.41,Self,ATM cash withdrawal,False
7002399,100144,2024-04-17,19:45:00,Fee,Branch,1096.87,NPR,-25698.28,,Monthly account maintenance fee,False
7002408,100144,2024-05-09,19:15:00,Transfer Out,POS,54558.92,NPR,-80257.2,,Outgoing fund transfer,False
7002396,100144,2024-06-09,14:45:00,Interest Credit,POS,87864.16,NPR,7606.96,,Quarterly interest credit,False
7002390,100144,2024-08-23,13:15:00,Interest Credit,Mobile App,28311.77,NPR,35918.73,,Quarterly interest credit,False
7002404,100144,2024-08-31,18:45:00,Deposit,POS,4328.87,NPR,40247.6,Self,Cash deposit at branch counter,False
7002402,100144,2024-09-04,10:45:00,Transfer In,Mobile App,16162.19,NPR,56409.79,,Incoming fund transfer,False
7002405,100144,2024-09-14,22:00:00,Interest Credit,Mobile App,94588.07,NPR,150997.86,,Quarterly interest credit,True
7002389,100144,2024-10-18,17:15:00,Withdrawal,Branch,4178.3,NPR,146819.56,Self,ATM cash withdrawal,False
7002400,100144,2025-01-20,13:00:00,Deposit,Mobile App,77956.28,NPR,224775.84,Self,Cash deposit at branch counter,False
7002406,100144,2025-02-18,12:15:00,Withdrawal,POS,46025.89,NPR,178749.95,Self,ATM cash withdrawal,False
7002388,100144,2025-03-02,17:30:00,Fee,Mobile App,1393.32,NPR,177356.63,,Monthly account maintenance fee,False
7002395,100144,2025-07-08,18:45:00,Fee,ATM,1053.46,NPR,176303.17,,Monthly account maintenance fee,False
7002409,100144,2025-07-25,11:15:00,Interest Credit,IVR,35132,NPR,211435.17,,Quarterly interest credit,False
7002398,100144,2025-10-06,20:00:00,Transfer Out,Internet Banking,18293.48,NPR,193141.69,,Outgoing fund transfer,False
7002391,100144,2025-11-16,22:00:00,Transfer Out,Internet Banking,20256.32,NPR,172885.37,,Outgoing fund transfer,False
7002403,100144,2025-11-19,22:45:00,Transfer In,IVR,83950.85,NPR,256836.22,,Incoming fund transfer,True
7002397,100144,2025-11-20,12:00:00,Fee,ATM,485.43,NPR,256350.79,,Monthly account maintenance fee,False
7002394,100144,2025-12-05,07:30:00,Loan EMI,Internet Banking,4887.16,NPR,251463.63,,Loan EMI auto-debit,False
7002407,100144,2026-01-28,21:00:00,Loan EMI,Internet Banking,35695.12,NPR,215768.51,,Loan EMI auto-debit,False
7002392,100144,2026-02-01,21:00:00,Withdrawal,POS,54298.82,NPR,161469.69,Self,ATM cash withdrawal,False
7002401,100144,2026-02-19,13:45:00,Fee,IVR,1201.16,NPR,160268.53,,Monthly account maintenance fee,False
7002386,100144,2026-07-18,12:30:00,Transfer In,Branch,20117.75,NPR,180386.28,,Incoming fund transfer,False
7002411,100145,2025-02-17,06:30:00,Transfer Out,Internet Banking,5520.31,NPR,-5520.31,,Outgoing fund transfer,False
7002413,100145,2025-04-07,16:15:00,Interest Credit,Internet Banking,77240.49,NPR,71720.18,,Quarterly interest credit,False
7002414,100145,2025-09-12,11:15:00,Loan EMI,Internet Banking,7551.49,NPR,64168.69,,Loan EMI auto-debit,False
7002412,100145,2026-01-13,12:45:00,Transfer In,Branch,94280.43,NPR,158449.12,,Incoming fund transfer,True
7002410,100145,2026-06-14,06:00:00,Interest Credit,IVR,50587.55,NPR,209036.67,,Quarterly interest credit,False
7002438,100146,2025-09-21,18:30:00,Interest Credit,Mobile App,55105.87,NPR,133604.47,,Quarterly interest credit,False
7002428,100146,2025-09-22,17:45:00,Loan EMI,Internet Banking,32933.57,NPR,100670.9,,Loan EMI auto-debit,False
7002429,100146,2025-10-21,08:30:00,POS Purchase,ATM,4898.03,NPR,95772.87,Salary Employer Pvt Ltd,Point-of-sale card purchase,False
7002435,100146,2025-11-06,10:00:00,Interest Credit,POS,46064.33,NPR,141837.2,,Quarterly interest credit,False
7002422,100146,2025-11-12,08:30:00,Loan EMI,Internet Banking,25914.65,NPR,115922.55,,Loan EMI auto-debit,False
7002417,100146,2025-11-30,15:00:00,Transfer Out,POS,32082.07,NPR,83840.48,,Outgoing fund transfer,False
7002436,100146,2025-12-20,12:30:00,Interest Credit,Mobile App,29301.48,NPR,113141.96,,Quarterly interest credit,False
7002434,100146,2026-02-08,20:45:00,Loan EMI,Internet Banking,14027.1,NPR,99114.86,,Loan EMI auto-debit,False
7002419,100146,2026-02-09,21:15:00,Loan EMI,Internet Banking,36286.89,NPR,62827.97,,Loan EMI auto-debit,False
7002437,100146,2026-02-16,13:45:00,Transfer Out,Branch,18356.75,NPR,44471.22,,Outgoing fund transfer,False
7002427,100146,2026-03-01,16:30:00,Deposit,IVR,84968.97,NPR,129440.19,Self,Cash deposit at branch counter,False
7002421,100146,2026-03-16,06:15:00,POS Purchase,Mobile App,695.92,NPR,128744.27,eSewa,Point-of-sale card purchase,False
7002431,100146,2026-03-23,19:15:00,Transfer Out,Mobile App,52387.07,NPR,76357.2,,Outgoing fund transfer,False
7002420,100146,2026-03-25,08:45:00,POS Purchase,Mobile App,1287.5,NPR,75069.7,Bhat-Bhateni Supermarket,Point-of-sale card purchase,False
7002426,100146,2026-04-06,13:15:00,Withdrawal,Mobile App,64055.99,NPR,11013.71,Self,ATM cash withdrawal,False
7002433,100146,2026-04-19,09:00:00,Interest Credit,Internet Banking,46694.75,NPR,57708.46,,Quarterly interest credit,False
7002432,100146,2026-05-21,17:00:00,Withdrawal,IVR,47443.09,NPR,10265.37,Self,ATM cash withdrawal,False
7002416,100146,2026-06-08,14:00:00,Fee,ATM,68.47,NPR,10196.9,,Monthly account maintenance fee,False
7002418,100146,2026-07-09,14:45:00,Fee,Branch,308.28,NPR,9888.62,,Monthly account maintenance fee,False
7002440,100146,2026-07-19,09:00:00,Transfer Out,IVR,36847.37,NPR,-26958.75,,Outgoing fund transfer,False
7002424,100146,2026-07-23,21:15:00,Loan EMI,Internet Banking,15661.28,NPR,-42620.03,,Loan EMI auto-debit,False
7002423,100146,2026-07-30,08:15:00,Deposit,IVR,63197.23,NPR,20577.2,Self,Cash deposit at branch counter,False
7002430,100146,2026-08-04,13:15:00,Loan EMI,Internet Banking,28352.15,NPR,-7774.95,,Loan EMI auto-debit,False
7002425,100146,2026-08-11,16:45:00,Deposit,Internet Banking,51921.5,NPR,44146.55,Self,Cash deposit at branch counter,False
7002439,100146,2026-08-13,10:15:00,Fee,ATM,197.92,NPR,43948.63,,Monthly account maintenance fee,False
7002415,100146,2026-08-23,11:15:00,Loan EMI,Internet Banking,37156.94,NPR,6791.69,,Loan EMI auto-debit,False
7002444,100147,2024-04-01,22:45:00,Fee,POS,1292.39,NPR,-1292.39,,Monthly account maintenance fee,False
7002443,100147,2024-04-17,11:30:00,Withdrawal,POS,43170.94,NPR,-44463.33,Self,ATM cash withdrawal,False
7002441,100147,2024-11-02,17:00:00,Interest Credit,Internet Banking,1813.28,NPR,-42650.05,,Quarterly interest credit,False
7002442,100147,2025-05-18,09:15:00,Fee,POS,351.68,NPR,-43001.73,,Monthly account maintenance fee,False
7002452,100148,2025-10-30,08:15:00,Transfer Out,IVR,56631.04,NPR,312962.11,,Outgoing fund transfer,False
7002453,100148,2025-11-02,19:30:00,Withdrawal,ATM,54622.48,NPR,258339.63,Self,ATM cash withdrawal,False
7002455,100148,2025-11-18,19:45:00,Fee,Internet Banking,239.38,NPR,258100.25,,Monthly account maintenance fee,False
7002454,100148,2025-11-19,16:45:00,Fee,POS,444.98,NPR,257655.27,,Monthly account maintenance fee,False
7002457,100148,2026-01-11,16:00:00,Fee,Internet Banking,1154.36,NPR,256500.91,,Monthly account maintenance fee,False
7002449,100148,2026-02-13,11:30:00,POS Purchase,Mobile App,772.74,NPR,255728.17,Foodmandu,Point-of-sale card purchase,False
7002450,100148,2026-02-23,16:30:00,Withdrawal,IVR,35740.2,NPR,219987.97,Self,ATM cash withdrawal,False
7002456,100148,2026-04-15,20:15:00,Transfer Out,POS,22781.19,NPR,197206.78,,Outgoing fund transfer,False
7002448,100148,2026-05-08,08:45:00,Transfer Out,Internet Banking,29285.46,NPR,167921.32,,Outgoing fund transfer,False
7002445,100148,2026-05-27,17:15:00,Interest Credit,Mobile App,49181.08,NPR,217102.4,,Quarterly interest credit,False
7002458,100148,2026-06-19,18:45:00,Fee,Branch,1172.28,NPR,215930.12,,Monthly account maintenance fee,False
7002451,100148,2026-06-23,10:15:00,Transfer In,Branch,71070.12,NPR,287000.24,,Incoming fund transfer,False
7002446,100148,2026-07-07,21:30:00,Transfer In,IVR,17619.55,NPR,304619.79,,Incoming fund transfer,False
7002447,100148,2026-08-12,14:30:00,Transfer Out,Mobile App,14571.98,NPR,290047.81,,Outgoing fund transfer,False
7002464,100149,2025-05-24,06:30:00,Fee,POS,1218.71,NPR,40097.6,,Monthly account maintenance fee,False
7002468,100149,2025-06-03,15:30:00,Transfer Out,IVR,39433.09,NPR,664.51,,Outgoing fund transfer,False
7002460,100149,2025-07-05,12:00:00,Withdrawal,POS,3110.08,NPR,-2445.57,Self,ATM cash withdrawal,False
7002459,100149,2025-07-27,18:15:00,Deposit,POS,54653,NPR,52207.43,Self,Cash deposit at branch counter,False
7002467,100149,2025-07-27,12:30:00,Fee,IVR,291.44,NPR,51915.99,,Monthly account maintenance fee,False
7002461,100149,2025-08-08,10:00:00,POS Purchase,Internet Banking,2956.83,NPR,48959.16,Foodmandu,Point-of-sale card purchase,False
7002470,100149,2025-09-15,15:30:00,Deposit,Branch,3925.03,NPR,52884.19,Self,Cash deposit at branch counter,False
7002472,100149,2025-09-25,13:30:00,Interest Credit,ATM,56780.13,NPR,109664.32,,Quarterly interest credit,False
7002462,100149,2025-11-28,13:15:00,Transfer Out,POS,49512.78,NPR,60151.54,,Outgoing fund transfer,False
7002469,100149,2025-12-13,17:45:00,Fee,Mobile App,620.52,NPR,59531.02,,Monthly account maintenance fee,False
7002474,100149,2026-01-22,15:15:00,Transfer Out,Internet Banking,12123.5,NPR,47407.52,,Outgoing fund transfer,False
7002473,100149,2026-01-27,18:15:00,Transfer Out,Mobile App,27713.31,NPR,19694.21,,Outgoing fund transfer,False
7002463,100149,2026-03-25,17:30:00,Fee,IVR,85.38,NPR,19608.83,,Monthly account maintenance fee,False
7002466,100149,2026-04-15,08:15:00,Interest Credit,IVR,13924.9,NPR,33533.73,,Quarterly interest credit,False
7002465,100149,2026-05-08,21:45:00,Deposit,ATM,37333.56,NPR,70867.29,Self,Cash deposit at branch counter,False
7002471,100149,2026-05-31,18:45:00,POS Purchase,Branch,3823.68,NPR,67043.61,Self,Point-of-sale card purchase,False
7002475,100149,2026-07-24,06:00:00,Withdrawal,ATM,8548.89,NPR,58494.72,Self,ATM cash withdrawal,False
7002487,100150,2025-08-15,16:45:00,POS Purchase,POS,1955.13,NPR,51341.41,NEA Bill Pay,Point-of-sale card purchase,False
7002504,100150,2025-08-20,13:15:00,Loan EMI,Internet Banking,34040.88,NPR,17300.53,,Loan EMI auto-debit,False
7002476,100150,2025-08-28,09:30:00,Fee,POS,1085.62,NPR,16214.91,,Monthly account maintenance fee,False
7002488,100150,2025-08-28,22:15:00,Transfer Out,POS,40047.54,NPR,-23832.63,,Outgoing fund transfer,False
7002505,100150,2025-10-19,07:30:00,POS Purchase,Mobile App,2414.19,NPR,-26246.82,NEA Bill Pay,Point-of-sale card purchase,False
7002503,100150,2025-11-05,06:00:00,Deposit,POS,66955.17,NPR,40708.35,Self,Cash deposit at branch counter,False
7002482,100150,2025-11-18,15:00:00,Fee,Mobile App,355.9,NPR,40352.45,,Monthly account maintenance fee,False
7002483,100150,2025-11-24,16:30:00,Loan EMI,Internet Banking,33842.2,NPR,6510.25,,Loan EMI auto-debit,False
7002495,100150,2025-12-07,09:15:00,Loan EMI,Internet Banking,19457.65,NPR,-12947.4,,Loan EMI auto-debit,False
7002492,100150,2025-12-22,12:30:00,Loan EMI,Internet Banking,27001.17,NPR,-39948.57,,Loan EMI auto-debit,False
7002493,100150,2025-12-31,11:30:00,Interest Credit,ATM,93039.88,NPR,53091.31,,Quarterly interest credit,False
7002486,100150,2026-02-16,14:30:00,Transfer In,Branch,9401.61,NPR,62492.92,,Incoming fund transfer,False
7002498,100150,2026-03-07,11:15:00,Transfer Out,Branch,26422.8,NPR,36070.12,,Outgoing fund transfer,False
7002494,100150,2026-03-30,22:15:00,Deposit,ATM,61848.7,NPR,97918.82,Self,Cash deposit at branch counter,False
7002485,100150,2026-04-10,17:00:00,Fee,Internet Banking,66.84,NPR,97851.98,,Monthly account maintenance fee,False
7002500,100150,2026-04-11,08:00:00,Loan EMI,Internet Banking,18106.92,NPR,79745.06,,Loan EMI auto-debit,False
7002497,100150,2026-04-21,15:30:00,Fee,Mobile App,1190.65,NPR,78554.41,,Monthly account maintenance fee,False
7002484,100150,2026-05-07,18:30:00,Withdrawal,IVR,56455.34,NPR,22099.07,Self,ATM cash withdrawal,False
7002489,100150,2026-05-07,10:15:00,Deposit,ATM,84102.37,NPR,106201.44,Self,Cash deposit at branch counter,True
7002491,100150,2026-05-07,17:45:00,Deposit,Mobile App,79004.72,NPR,185206.16,Self,Cash deposit at branch counter,False
7002490,100150,2026-05-30,17:30:00,Transfer Out,Branch,23986.3,NPR,161219.86,,Outgoing fund transfer,False
7002480,100150,2026-06-05,18:15:00,Transfer Out,Branch,61477.02,NPR,99742.84,,Outgoing fund transfer,False
7002502,100150,2026-06-18,16:00:00,Fee,Internet Banking,304.16,NPR,99438.68,,Monthly account maintenance fee,False
7002481,100150,2026-06-28,22:00:00,POS Purchase,IVR,1004.35,NPR,98434.33,Khalti,Point-of-sale card purchase,False
7002479,100150,2026-06-29,07:30:00,Transfer Out,Mobile App,31439.12,NPR,66995.21,,Outgoing fund transfer,False
7002496,100150,2026-06-30,07:30:00,Withdrawal,IVR,28720.59,NPR,38274.62,Self,ATM cash withdrawal,False
7002501,100150,2026-07-19,13:45:00,Loan EMI,Internet Banking,23479.29,NPR,14795.33,,Loan EMI auto-debit,False
7002478,100150,2026-07-26,17:00:00,Loan EMI,Internet Banking,35380.98,NPR,-20585.65,,Loan EMI auto-debit,False
7002477,100150,2026-07-27,14:00:00,Fee,Internet Banking,437.93,NPR,-21023.58,,Monthly account maintenance fee,False
7002499,100150,2026-08-06,16:00:00,Interest Credit,ATM,30341.07,NPR,9317.49,,Quarterly interest credit,False
7002514,100151,2026-01-31,13:30:00,POS Purchase,Branch,11049.32,NPR,873093.76,Khalti,Point-of-sale card purchase,False
7002510,100151,2026-02-08,20:15:00,Loan EMI,Internet Banking,29794.24,NPR,843299.52,,Loan EMI auto-debit,False
7002508,100151,2026-03-03,21:45:00,Deposit,Mobile App,91345.23,NPR,934644.75,Self,Cash deposit at branch counter,True
7002513,100151,2026-04-02,19:30:00,Loan EMI,Internet Banking,7378.23,NPR,927266.52,,Loan EMI auto-debit,False
7002518,100151,2026-04-19,20:15:00,Interest Credit,POS,17901.92,NPR,945168.44,,Quarterly interest credit,False
7002515,100151,2026-06-24,18:30:00,Fee,POS,93.22,NPR,945075.22,,Monthly account maintenance fee,False
7002507,100151,2026-07-02,19:30:00,Loan EMI,Internet Banking,9145.51,NPR,935929.71,,Loan EMI auto-debit,False
7002516,100151,2026-07-24,15:45:00,Deposit,Branch,40569.31,NPR,976499.02,Self,Cash deposit at branch counter,False
7002506,100151,2026-07-26,21:30:00,Interest Credit,Branch,65453.37,NPR,1041952.39,,Quarterly interest credit,False
7002509,100151,2026-07-29,16:45:00,Interest Credit,Mobile App,51836.49,NPR,1093788.88,,Quarterly interest credit,False
7002517,100151,2026-08-11,20:45:00,Transfer In,Internet Banking,54871.01,NPR,1148659.89,,Incoming fund transfer,False
7002511,100151,2026-08-19,16:15:00,Loan EMI,Internet Banking,27971.71,NPR,1120688.18,,Loan EMI auto-debit,False
7002512,100151,2026-08-27,17:15:00,POS Purchase,IVR,4338.02,NPR,1116350.16,Amazon,Point-of-sale card purchase,False
7002523,100152,2024-01-02,22:00:00,POS Purchase,POS,4979.36,NPR,120188.63,Bhat-Bhateni Supermarket,Point-of-sale card purchase,False
7002533,100152,2024-01-03,11:15:00,POS Purchase,POS,6701.4,NPR,113487.23,NTC Recharge,Point-of-sale card purchase,False
7002524,100152,2024-01-30,18:00:00,Fee,Mobile App,828.67,NPR,112658.56,,Monthly account maintenance fee,False
7002531,100152,2024-03-23,09:15:00,Deposit,IVR,41482.18,NPR,154140.74,Self,Cash deposit at branch counter,False
7002528,100152,2024-04-17,18:15:00,Withdrawal,Mobile App,42159.15,NPR,111981.59,Self,ATM cash withdrawal,False
7002529,100152,2024-06-16,16:00:00,Fee,Branch,1208.9,NPR,110772.69,,Monthly account maintenance fee,False
7002522,100152,2024-06-26,11:00:00,POS Purchase,Mobile App,6884.35,NPR,103888.34,Khalti,Point-of-sale card purchase,False
7002527,100152,2024-07-27,09:30:00,Transfer Out,Branch,21352.31,NPR,82536.03,,Outgoing fund transfer,False
7002535,100152,2024-09-17,07:45:00,Transfer Out,ATM,63852.65,NPR,18683.38,,Outgoing fund transfer,False
7002534,100152,2024-11-05,18:15:00,Fee,Mobile App,984.21,NPR,17699.17,,Monthly account maintenance fee,False
7002532,100152,2025-01-21,14:00:00,POS Purchase,Branch,11465.5,NPR,6233.67,Amazon,Point-of-sale card purchase,False
7002530,100152,2025-02-03,08:15:00,POS Purchase,Mobile App,7045.39,NPR,-811.72,Local ATM Withdrawal,Point-of-sale card purchase,False
7002521,100152,2025-06-09,18:15:00,Deposit,IVR,90008.31,NPR,89196.59,Self,Cash deposit at branch counter,True
7002519,100152,2025-09-25,19:15:00,Transfer Out,Internet Banking,42895.32,NPR,46301.27,,Outgoing fund transfer,False
7002526,100152,2025-10-31,08:15:00,Withdrawal,POS,60265.01,NPR,-13963.74,Self,ATM cash withdrawal,False
7002525,100152,2026-06-23,22:45:00,Fee,ATM,941.18,NPR,-14904.92,,Monthly account maintenance fee,False
7002520,100152,2026-06-25,21:00:00,Deposit,IVR,92380.48,NPR,77475.56,Self,Cash deposit at branch counter,False
7002551,100153,2025-02-02,06:00:00,Withdrawal,POS,28818.42,NPR,72075.74,Self,ATM cash withdrawal,False
7002549,100153,2025-03-12,08:15:00,Interest Credit,POS,48797.7,NPR,120873.44,,Quarterly interest credit,False
7002548,100153,2025-03-25,16:00:00,Interest Credit,Branch,63877.59,NPR,184751.03,,Quarterly interest credit,False
7002550,100153,2025-04-02,07:30:00,Interest Credit,Mobile App,93734.39,NPR,278485.42,,Quarterly interest credit,True
7002538,100153,2025-04-13,10:00:00,Withdrawal,Branch,23817.79,NPR,254667.63,Self,ATM cash withdrawal,False
7002541,100153,2025-08-13,09:30:00,Fee,Internet Banking,88.7,NPR,254578.93,,Monthly account maintenance fee,False
7002543,100153,2025-08-26,19:15:00,Fee,ATM,1271.57,NPR,253307.36,,Monthly account maintenance fee,False
7002554,100153,2025-12-05,07:30:00,Deposit,Internet Banking,14252.47,NPR,267559.83,Self,Cash deposit at branch counter,False
7002553,100153,2025-12-15,19:30:00,Transfer Out,POS,15130.88,NPR,252428.95,,Outgoing fund transfer,False
7002547,100153,2026-01-08,10:45:00,Interest Credit,Branch,59471.43,NPR,311900.38,,Quarterly interest credit,False
7002542,100153,2026-01-30,22:15:00,Deposit,POS,52556.73,NPR,364457.11,Self,Cash deposit at branch counter,False
7002545,100153,2026-02-18,13:30:00,Fee,IVR,1013.19,NPR,363443.92,,Monthly account maintenance fee,False
7002544,100153,2026-04-01,08:30:00,Transfer In,POS,13228.5,NPR,376672.42,,Incoming fund transfer,False
7002540,100153,2026-04-22,15:45:00,Transfer In,IVR,87879.15,NPR,464551.57,,Incoming fund transfer,True
7002546,100153,2026-04-23,19:15:00,Loan EMI,Internet Banking,22196.24,NPR,442355.33,,Loan EMI auto-debit,False
7002537,100153,2026-05-21,22:45:00,POS Purchase,POS,1588.78,NPR,440766.55,Salary Employer Pvt Ltd,Point-of-sale card purchase,False
7002539,100153,2026-07-04,10:45:00,Withdrawal,POS,31405.38,NPR,409361.17,Self,ATM cash withdrawal,False
7002552,100153,2026-07-22,12:15:00,Loan EMI,Internet Banking,37497.95,NPR,371863.22,,Loan EMI auto-debit,False
7002536,100153,2026-07-31,13:45:00,Transfer Out,Branch,1135.9,NPR,370727.32,,Outgoing fund transfer,False
7002555,100154,2025-10-21,18:30:00,Interest Credit,IVR,34233.3,NPR,239185.94,,Quarterly interest credit,False
7002559,100154,2025-11-17,21:45:00,Transfer In,IVR,57159.54,NPR,296345.48,,Incoming fund transfer,False
7002573,100154,2025-11-28,17:00:00,POS Purchase,IVR,6313.24,NPR,290032.24,,Point-of-sale card purchase,False
7002568,100154,2025-12-01,22:45:00,POS Purchase,IVR,9227.93,NPR,280804.31,eSewa,Point-of-sale card purchase,False
7002569,100154,2025-12-01,06:00:00,Withdrawal,IVR,20137.71,NPR,260666.6,Self,ATM cash withdrawal,False
7002565,100154,2025-12-10,11:30:00,Deposit,ATM,67745.36,NPR,328411.96,Self,Cash deposit at branch counter,False
7002560,100154,2025-12-11,10:45:00,Transfer Out,Internet Banking,38273.28,NPR,290138.68,,Outgoing fund transfer,False
7002579,100154,2025-12-17,22:15:00,Interest Credit,Internet Banking,14212.84,NPR,304351.52,,Quarterly interest credit,False
7002558,100154,2025-12-31,10:45:00,Loan EMI,Internet Banking,41435.26,NPR,262916.26,,Loan EMI auto-debit,False
7002561,100154,2026-01-19,16:00:00,Withdrawal,Internet Banking,28146.36,NPR,234769.9,Self,ATM cash withdrawal,False
7002557,100154,2026-01-28,14:45:00,Fee,IVR,981.3,NPR,233788.6,,Monthly account maintenance fee,False
7002556,100154,2026-02-19,22:30:00,Loan EMI,Internet Banking,36510.3,NPR,197278.3,,Loan EMI auto-debit,False
7002580,100154,2026-02-23,20:30:00,Transfer Out,POS,47178.21,NPR,150100.09,,Outgoing fund transfer,False
7002572,100154,2026-02-24,20:45:00,Deposit,Internet Banking,9661.61,NPR,159761.7,Self,Cash deposit at branch counter,False
7002582,100154,2026-03-26,06:00:00,POS Purchase,POS,2011.46,NPR,157750.24,NTC Recharge,Point-of-sale card purchase,False
7002562,100154,2026-04-06,22:45:00,POS Purchase,Internet Banking,5915.66,NPR,151834.58,eSewa,Point-of-sale card purchase,False
7002581,100154,2026-04-10,09:15:00,Deposit,Branch,38139.78,NPR,189974.36,Self,Cash deposit at branch counter,False
7002564,100154,2026-04-13,12:45:00,Withdrawal,ATM,44734.33,NPR,145240.03,Self,ATM cash withdrawal,False
7002567,100154,2026-04-14,06:30:00,Transfer Out,POS,7553.15,NPR,137686.88,,Outgoing fund transfer,False
7002574,100154,2026-04-19,08:30:00,Withdrawal,Internet Banking,56030.43,NPR,81656.45,Self,ATM cash withdrawal,False
7002570,100154,2026-04-30,20:15:00,Transfer Out,IVR,44680.45,NPR,36976,,Outgoing fund transfer,False
7002576,100154,2026-05-04,11:45:00,POS Purchase,POS,421.25,NPR,36554.75,Bhat-Bhateni Supermarket,Point-of-sale card purchase,False
7002577,100154,2026-05-22,09:30:00,Withdrawal,IVR,60922.98,NPR,-24368.23,Self,ATM cash withdrawal,False
7002563,100154,2026-05-24,17:30:00,POS Purchase,POS,7222.88,NPR,-31591.11,Amazon,Point-of-sale card purchase,False
7002566,100154,2026-05-25,21:30:00,Fee,IVR,264.95,NPR,-31856.06,,Monthly account maintenance fee,False
7002578,100154,2026-06-11,22:45:00,Withdrawal,Internet Banking,44736.32,NPR,-76592.38,Self,ATM cash withdrawal,False
7002571,100154,2026-07-23,16:00:00,Fee,IVR,970.65,NPR,-77563.03,,Monthly account maintenance fee,False
7002575,100154,2026-07-30,17:45:00,Fee,ATM,1184.31,NPR,-78747.34,,Monthly account maintenance fee,False
7002594,100155,2024-03-10,13:00:00,Deposit,Mobile App,93022.98,NPR,133471.57,Self,Cash deposit at branch counter,True
7002592,100155,2024-03-24,14:30:00,Interest Credit,IVR,60793.77,NPR,194265.34,,Quarterly interest credit,False
7002585,100155,2024-06-30,12:15:00,Transfer In,Branch,89967.06,NPR,284232.4,,Incoming fund transfer,True
7002584,100155,2024-11-08,19:30:00,Deposit,Internet Banking,79969.02,NPR,364201.42,Self,Cash deposit at branch counter,False
7002583,100155,2024-12-30,06:45:00,Loan EMI,Internet Banking,37707.55,NPR,326493.87,,Loan EMI auto-debit,False
7002593,100155,2025-03-13,20:30:00,Interest Credit,ATM,31804.08,NPR,358297.95,,Quarterly interest credit,False
7002587,100155,2025-09-19,10:30:00,Interest Credit,Mobile App,90365.14,NPR,448663.09,,Quarterly interest credit,True
7002588,100155,2025-10-19,08:00:00,Interest Credit,Internet Banking,42356.48,NPR,491019.57,,Quarterly interest credit,False
7002589,100155,2025-11-02,15:45:00,Transfer Out,POS,18507.59,NPR,472511.98,,Outgoing fund transfer,False
7002586,100155,2025-11-11,08:00:00,Withdrawal,POS,50143.05,NPR,422368.93,Self,ATM cash withdrawal,False
7002591,100155,2026-01-27,09:00:00,Withdrawal,IVR,27533.47,NPR,394835.46,Self,ATM cash withdrawal,False
7002590,100155,2026-04-30,17:45:00,POS Purchase,Mobile App,6827.11,NPR,388008.35,Daraz,Point-of-sale card purchase,False
7002595,100155,2026-07-17,18:45:00,POS Purchase,Mobile App,9647.39,NPR,378360.96,IME Remit,Point-of-sale card purchase,False
7002596,100156,2024-01-31,09:00:00,Transfer In,POS,80946.47,NPR,89909.97,,Incoming fund transfer,False
7002597,100156,2024-02-01,21:30:00,Interest Credit,ATM,83987.99,NPR,173897.96,,Quarterly interest credit,True
7002617,100156,2024-06-30,15:45:00,Loan EMI,Internet Banking,4089.5,NPR,169808.46,,Loan EMI auto-debit,False
7002612,100156,2024-07-06,21:00:00,Loan EMI,Internet Banking,21390.25,NPR,148418.21,,Loan EMI auto-debit,False
7002606,100156,2024-09-13,08:45:00,Fee,POS,295.33,NPR,148122.88,,Monthly account maintenance fee,False
7002600,100156,2024-11-11,19:45:00,Deposit,Branch,56816.34,NPR,204939.22,Self,Cash deposit at branch counter,False
7002607,100156,2024-11-12,15:15:00,Loan EMI,Internet Banking,15696.19,NPR,189243.03,,Loan EMI auto-debit,False
7002609,100156,2025-02-12,14:00:00,Transfer In,ATM,28236.32,NPR,217479.35,,Incoming fund transfer,False
7002603,100156,2025-04-21,18:15:00,POS Purchase,POS,2062.65,NPR,215416.7,IME Remit,Point-of-sale card purchase,False
7002598,100156,2025-05-01,12:15:00,POS Purchase,Internet Banking,2580.91,NPR,212835.79,Salary Employer Pvt Ltd,Point-of-sale card purchase,False
7002608,100156,2025-05-17,10:15:00,Transfer Out,Branch,49072.73,NPR,163763.06,,Outgoing fund transfer,False
7002602,100156,2025-05-18,14:15:00,POS Purchase,IVR,5718.95,NPR,158044.11,Amazon,Point-of-sale card purchase,False
7002599,100156,2025-09-08,11:15:00,Withdrawal,POS,37456.61,NPR,120587.5,Self,ATM cash withdrawal,False
7002616,100156,2025-09-18,19:30:00,Transfer In,Internet Banking,82004.53,NPR,202592.03,,Incoming fund transfer,True
7002615,100156,2025-11-20,08:00:00,Transfer In,ATM,49359.32,NPR,251951.35,,Incoming fund transfer,False
7002613,100156,2025-12-27,20:00:00,Fee,IVR,506.82,NPR,251444.53,,Monthly account maintenance fee,False
7002601,100156,2026-01-25,12:15:00,Withdrawal,POS,18661.81,NPR,232782.72,Self,ATM cash withdrawal,False
7002604,100156,2026-02-08,09:15:00,Transfer In,Mobile App,50383.43,NPR,283166.15,,Incoming fund transfer,False
7002605,100156,2026-02-11,08:45:00,Transfer In,POS,53219.36,NPR,336385.51,,Incoming fund transfer,False
7002610,100156,2026-04-05,10:30:00,Transfer In,Branch,70020.59,NPR,406406.1,,Incoming fund transfer,False
7002614,100156,2026-04-26,13:45:00,POS Purchase,POS,4633.55,NPR,401772.55,Salary Employer Pvt Ltd,Point-of-sale card purchase,False
7002611,100156,2026-08-21,17:45:00,Transfer In,POS,88609.58,NPR,490382.13,,Incoming fund transfer,False
7002630,100157,2025-03-08,12:15:00,Transfer In,ATM,19467.71,NPR,268887.42,,Incoming fund transfer,False
7002626,100157,2025-04-02,15:15:00,POS Purchase,Internet Banking,3186.57,NPR,265700.85,Salary Employer Pvt Ltd,Point-of-sale card purchase,False
7002632,100157,2025-04-10,08:30:00,Transfer Out,Branch,12662.01,NPR,253038.84,,Outgoing fund transfer,False
7002620,100157,2025-06-24,11:15:00,Fee,Mobile App,801.34,NPR,252237.5,,Monthly account maintenance fee,False
7002618,100157,2025-07-10,19:30:00,Transfer In,Mobile App,85253.76,NPR,337491.26,,Incoming fund transfer,False
7002622,100157,2025-07-24,17:00:00,Transfer Out,POS,37609.35,NPR,299881.91,,Outgoing fund transfer,False
7002631,100157,2025-08-12,19:30:00,Interest Credit,IVR,66618.37,NPR,366500.28,,Quarterly interest credit,False
7002621,100157,2025-08-24,14:30:00,Withdrawal,Internet Banking,50151.99,NPR,316348.29,Self,ATM cash withdrawal,False
7002627,100157,2025-09-06,14:00:00,Transfer In,ATM,63650.84,NPR,379999.13,,Incoming fund transfer,False
7002634,100157,2025-09-08,11:45:00,Fee,Internet Banking,164.04,NPR,379835.09,,Monthly account maintenance fee,False
7002629,100157,2025-09-19,08:00:00,Withdrawal,Internet Banking,8786.3,NPR,371048.79,Self,ATM cash withdrawal,False
7002625,100157,2025-09-27,18:15:00,Loan EMI,Internet Banking,44148.48,NPR,326900.31,,Loan EMI auto-debit,False
7002624,100157,2025-11-29,16:30:00,Loan EMI,Internet Banking,38127.15,NPR,288773.16,,Loan EMI auto-debit,False
7002628,100157,2026-02-26,08:00:00,POS Purchase,Internet Banking,9444.87,NPR,279328.29,Foodmandu,Point-of-sale card purchase,False
7002619,100157,2026-03-04,13:00:00,Transfer In,Mobile App,42738.19,NPR,322066.48,,Incoming fund transfer,False
7002623,100157,2026-04-29,14:15:00,Loan EMI,Internet Banking,8103.89,NPR,313962.59,,Loan EMI auto-debit,False
7002633,100157,2026-05-30,19:45:00,Fee,POS,1096.39,NPR,312866.2,,Monthly account maintenance fee,False
7002647,100158,2025-05-18,12:30:00,Deposit,POS,2460.09,NPR,131418.91,Self,Cash deposit at branch counter,False
7002641,100158,2025-06-17,16:15:00,POS Purchase,Internet Banking,2096.84,NPR,129322.07,Local ATM Withdrawal,Point-of-sale card purchase,False
7002638,100158,2025-08-29,18:30:00,Withdrawal,POS,38374.09,NPR,90947.98,Self,ATM cash withdrawal,False
7002644,100158,2025-10-04,07:45:00,POS Purchase,Mobile App,6702.71,NPR,84245.27,Daraz,Point-of-sale card purchase,False
7002636,100158,2025-11-14,15:30:00,Interest Credit,Branch,18363.37,NPR,102608.64,,Quarterly interest credit,False
7002635,100158,2025-12-15,10:45:00,Fee,Branch,297.95,NPR,102310.69,,Monthly account maintenance fee,False
7002645,100158,2026-03-26,13:15:00,Interest Credit,Branch,11499.21,NPR,113809.9,,Quarterly interest credit,False
7002648,100158,2026-04-03,11:30:00,Fee,Branch,1172.45,NPR,112637.45,,Monthly account maintenance fee,False
7002639,100158,2026-04-16,10:00:00,POS Purchase,Internet Banking,9885.72,NPR,102751.73,eSewa,Point-of-sale card purchase,False
7002646,100158,2026-04-17,18:15:00,Deposit,ATM,17881.05,NPR,120632.78,Self,Cash deposit at branch counter,False
7002643,100158,2026-05-02,17:45:00,Transfer In,Internet Banking,49864.6,NPR,170497.38,,Incoming fund transfer,False
7002637,100158,2026-05-09,14:15:00,Transfer Out,Mobile App,19879.96,NPR,150617.42,,Outgoing fund transfer,False
7002642,100158,2026-05-09,08:15:00,Transfer In,Internet Banking,65309.01,NPR,215926.43,,Incoming fund transfer,False
7002640,100158,2026-08-24,10:30:00,Interest Credit,POS,81063.88,NPR,296990.31,,Quarterly interest credit,False
7002650,100159,2026-06-28,09:00:00,Loan EMI,Internet Banking,8016.43,NPR,855574.57,,Loan EMI auto-debit,False
7002654,100159,2026-06-30,21:45:00,Fee,ATM,1324.86,NPR,854249.71,,Monthly account maintenance fee,False
7002649,100159,2026-07-09,07:15:00,Deposit,ATM,45681.76,NPR,899931.47,Self,Cash deposit at branch counter,False
7002656,100159,2026-07-11,07:45:00,POS Purchase,POS,5508.91,NPR,894422.56,Amazon,Point-of-sale card purchase,False
7002664,100159,2026-07-11,10:00:00,Deposit,Mobile App,14343.81,NPR,908766.37,Self,Cash deposit at branch counter,False
7002652,100159,2026-07-19,18:15:00,Transfer In,IVR,14671.61,NPR,923437.98,,Incoming fund transfer,False
7002662,100159,2026-07-19,22:15:00,Loan EMI,Internet Banking,39905.18,NPR,883532.8,,Loan EMI auto-debit,False
7002665,100159,2026-07-19,10:45:00,Transfer Out,IVR,15114.38,NPR,868418.42,,Outgoing fund transfer,False
7002655,100159,2026-07-23,17:45:00,POS Purchase,Mobile App,4806.16,NPR,863612.26,Bhat-Bhateni Supermarket,Point-of-sale card purchase,False
7002651,100159,2026-07-29,22:00:00,Loan EMI,Internet Banking,34901.28,NPR,828710.98,,Loan EMI auto-debit,False
7002658,100159,2026-07-31,16:30:00,Transfer In,Branch,76455.05,NPR,905166.03,,Incoming fund transfer,False
7002659,100159,2026-08-04,16:00:00,POS Purchase,Branch,9299.44,NPR,895866.59,NTC Recharge,Point-of-sale card purchase,False
7002661,100159,2026-08-04,09:15:00,Transfer In,Mobile App,68785.13,NPR,964651.72,,Incoming fund transfer,False
7002666,100159,2026-08-14,18:15:00,Transfer In,Internet Banking,52896.83,NPR,1017548.55,,Incoming fund transfer,False
7002660,100159,2026-08-20,17:00:00,Transfer Out,IVR,55046.67,NPR,962501.88,,Outgoing fund transfer,False
7002657,100159,2026-08-22,21:30:00,Interest Credit,POS,28452.93,NPR,990954.81,,Quarterly interest credit,False
7002653,100159,2026-08-24,08:45:00,Withdrawal,POS,23613.79,NPR,967341.02,Self,ATM cash withdrawal,False
7002663,100159,2026-08-25,15:45:00,Fee,ATM,676.77,NPR,966664.25,,Monthly account maintenance fee,False
7002671,100160,2026-07-08,17:00:00,Withdrawal,IVR,2644.08,NPR,-2644.08,Self,ATM cash withdrawal,False
7002667,100160,2026-07-20,21:30:00,POS Purchase,Branch,5411.34,NPR,-8055.42,Local ATM Withdrawal,Point-of-sale card purchase,False
7002668,100160,2026-08-10,16:15:00,Loan EMI,Internet Banking,34713.64,NPR,-42769.06,,Loan EMI auto-debit,False
7002670,100160,2026-08-12,22:45:00,Transfer Out,Branch,14533.59,NPR,-57302.65,,Outgoing fund transfer,False
7002669,100160,2026-08-25,06:30:00,Interest Credit,IVR,2078.63,NPR,-55224.02,,Quarterly interest credit,False
7002677,100161,2026-06-24,07:00:00,Transfer Out,IVR,59906.44,NPR,815010.64,,Outgoing fund transfer,False
7002676,100161,2026-06-27,09:30:00,Withdrawal,POS,10508.86,NPR,804501.78,Self,ATM cash withdrawal,False
7002678,100161,2026-07-16,06:45:00,Transfer In,IVR,23167.91,NPR,827669.69,,Incoming fund transfer,False
7002679,100161,2026-07-22,11:00:00,Loan EMI,Internet Banking,29000.82,NPR,798668.87,,Loan EMI auto-debit,False
7002673,100161,2026-08-03,14:15:00,Transfer Out,IVR,64723.57,NPR,733945.3,,Outgoing fund transfer,False
7002672,100161,2026-08-16,10:00:00,Loan EMI,Internet Banking,31647.97,NPR,702297.33,,Loan EMI auto-debit,False
7002674,100161,2026-08-18,17:15:00,Withdrawal,Branch,41867.88,NPR,660429.45,Self,ATM cash withdrawal,False
7002675,100161,2026-08-26,06:00:00,Transfer Out,IVR,63835.45,NPR,596594,,Outgoing fund transfer,False
7002696,100162,2024-01-03,11:00:00,Transfer In,Mobile App,14912.51,NPR,293565.75,,Incoming fund transfer,False
7002709,100162,2024-01-18,21:00:00,Loan EMI,Internet Banking,44561.06,NPR,249004.69,,Loan EMI auto-debit,False
7002688,100162,2024-02-11,20:00:00,Transfer In,IVR,78971.89,NPR,327976.58,,Incoming fund transfer,False
7002685,100162,2024-03-15,17:00:00,Interest Credit,ATM,45028.99,NPR,373005.57,,Quarterly interest credit,False
7002693,100162,2024-03-31,18:45:00,Deposit,Mobile App,76510.24,NPR,449515.81,Self,Cash deposit at branch counter,False
7002683,100162,2024-04-29,09:00:00,Fee,ATM,1171.41,NPR,448344.4,,Monthly account maintenance fee,False
7002707,100162,2024-06-28,09:45:00,Fee,ATM,766.03,NPR,447578.37,,Monthly account maintenance fee,False
7002682,100162,2024-07-19,13:15:00,Interest Credit,IVR,41121.66,NPR,488700.03,,Quarterly interest credit,False
7002704,100162,2024-08-05,15:30:00,Fee,Mobile App,236.29,NPR,488463.74,,Monthly account maintenance fee,False
7002699,100162,2024-10-11,13:30:00,Interest Credit,Branch,6976.72,NPR,495440.46,,Quarterly interest credit,False
7002687,100162,2024-11-09,13:45:00,Withdrawal,POS,48787.71,NPR,446652.75,Self,ATM cash withdrawal,False
7002701,100162,2024-12-04,06:00:00,POS Purchase,Internet Banking,5560.55,NPR,441092.2,NTC Recharge,Point-of-sale card purchase,False
7002705,100162,2025-01-18,21:00:00,Interest Credit,POS,82768.82,NPR,523861.02,,Quarterly interest credit,True
7002686,100162,2025-03-13,10:45:00,Withdrawal,Mobile App,54060.81,NPR,469800.21,Self,ATM cash withdrawal,False
7002706,100162,2025-04-15,20:45:00,Transfer In,POS,19247.09,NPR,489047.3,,Incoming fund transfer,False
7002684,100162,2025-05-02,07:45:00,Loan EMI,Internet Banking,27953.24,NPR,461094.06,,Loan EMI auto-debit,False
7002698,100162,2025-10-09,10:00:00,Transfer In,Branch,42829.59,NPR,503923.65,,Incoming fund transfer,False
7002681,100162,2025-10-11,09:00:00,Interest Credit,POS,52797.53,NPR,556721.18,,Quarterly interest credit,False
7002694,100162,2025-12-09,17:00:00,Withdrawal,Branch,14727.74,NPR,541993.44,Self,ATM cash withdrawal,False
7002697,100162,2026-01-12,16:00:00,Deposit,POS,61353.63,NPR,603347.07,Self,Cash deposit at branch counter,False
7002692,100162,2026-02-12,11:45:00,Withdrawal,Mobile App,771.92,NPR,602575.15,Self,ATM cash withdrawal,False
7002703,100162,2026-03-07,11:00:00,Withdrawal,Mobile App,20827.65,NPR,581747.5,Self,ATM cash withdrawal,False
7002708,100162,2026-03-17,14:00:00,Fee,POS,607.56,NPR,581139.94,,Monthly account maintenance fee,False
7002702,100162,2026-03-18,10:15:00,Transfer Out,ATM,34196.23,NPR,546943.71,,Outgoing fund transfer,False
7002690,100162,2026-04-06,10:45:00,Withdrawal,IVR,34883.99,NPR,512059.72,Self,ATM cash withdrawal,False
7002691,100162,2026-04-17,13:15:00,Deposit,Branch,52467.21,NPR,564526.93,Self,Cash deposit at branch counter,False
7002689,100162,2026-04-20,07:30:00,POS Purchase,POS,8010.57,NPR,556516.36,Self,Point-of-sale card purchase,False
7002680,100162,2026-05-23,19:30:00,Withdrawal,Branch,50821.68,NPR,505694.68,Self,ATM cash withdrawal,False
7002700,100162,2026-06-15,17:30:00,Transfer Out,Branch,61553.44,NPR,444141.24,,Outgoing fund transfer,False
7002695,100162,2026-07-15,21:30:00,POS Purchase,IVR,1460.4,NPR,442680.84,Foodmandu,Point-of-sale card purchase,False
7002721,100163,2025-06-03,11:00:00,Withdrawal,Branch,49487.37,NPR,31041.41,Self,ATM cash withdrawal,False
7002717,100163,2025-06-06,09:45:00,POS Purchase,Mobile App,3861.47,NPR,27179.94,Khalti,Point-of-sale card purchase,False
7002712,100163,2025-06-08,16:15:00,Withdrawal,Internet Banking,38185.28,NPR,-11005.34,Self,ATM cash withdrawal,False
7002715,100163,2025-06-12,16:00:00,POS Purchase,Internet Banking,10449.72,NPR,-21455.06,Khalti,Point-of-sale card purchase,False
7002713,100163,2025-06-26,06:00:00,Fee,IVR,936.24,NPR,-22391.3,,Monthly account maintenance fee,False
7002733,100163,2025-07-29,06:00:00,Transfer In,POS,59358.53,NPR,36967.23,,Incoming fund transfer,False
7002711,100163,2025-08-19,11:30:00,Withdrawal,Mobile App,14115.27,NPR,22851.96,Self,ATM cash withdrawal,False
7002731,100163,2025-10-23,21:45:00,Interest Credit,ATM,85030.42,NPR,107882.38,,Quarterly interest credit,True
7002720,100163,2025-10-29,12:00:00,POS Purchase,Branch,8059.83,NPR,99822.55,NTC Recharge,Point-of-sale card purchase,False
7002723,100163,2025-10-29,13:15:00,Transfer In,IVR,18786.19,NPR,118608.74,,Incoming fund transfer,False
7002735,100163,2025-12-03,08:30:00,Transfer In,Mobile App,94648.83,NPR,213257.57,,Incoming fund transfer,False
7002736,100163,2026-01-10,18:45:00,Transfer Out,Branch,63600.77,NPR,149656.8,,Outgoing fund transfer,False
7002716,100163,2026-01-21,08:45:00,Interest Credit,POS,93079.94,NPR,242736.74,,Quarterly interest credit,True
7002729,100163,2026-01-30,09:45:00,Fee,Mobile App,581.36,NPR,242155.38,,Monthly account maintenance fee,False
7002719,100163,2026-02-04,19:15:00,Deposit,ATM,62736.53,NPR,304891.91,Self,Cash deposit at branch counter,False
7002732,100163,2026-02-25,18:45:00,Transfer In,Branch,40686.81,NPR,345578.72,,Incoming fund transfer,False
7002726,100163,2026-02-26,16:00:00,Withdrawal,Branch,51525.16,NPR,294053.56,Self,ATM cash withdrawal,False
7002730,100163,2026-03-14,20:45:00,Transfer In,Mobile App,3392.26,NPR,297445.82,,Incoming fund transfer,False
7002727,100163,2026-03-31,16:30:00,Fee,Mobile App,501.95,NPR,296943.87,,Monthly account maintenance fee,False
7002710,100163,2026-04-28,22:00:00,Fee,Internet Banking,684.51,NPR,296259.36,,Monthly account maintenance fee,False
7002728,100163,2026-06-08,08:45:00,Transfer In,POS,85679.42,NPR,381938.78,,Incoming fund transfer,True
7002725,100163,2026-06-17,16:30:00,Transfer In,Mobile App,35922.66,NPR,417861.44,,Incoming fund transfer,False
7002718,100163,2026-07-08,19:00:00,POS Purchase,ATM,3549.9,NPR,414311.54,eSewa,Point-of-sale card purchase,False
7002714,100163,2026-07-17,21:15:00,Withdrawal,POS,17076.99,NPR,397234.55,Self,ATM cash withdrawal,False
7002734,100163,2026-07-27,16:30:00,Deposit,IVR,32603.09,NPR,429837.64,Self,Cash deposit at branch counter,False
7002722,100163,2026-08-04,17:00:00,POS Purchase,Mobile App,9707.21,NPR,420130.43,Daraz,Point-of-sale card purchase,False
7002724,100163,2026-08-09,21:00:00,Fee,ATM,1217.31,NPR,418913.12,,Monthly account maintenance fee,False
7002750,100164,2026-07-17,18:00:00,POS Purchase,Internet Banking,9530.09,NPR,875477.11,NEA Bill Pay,Point-of-sale card purchase,False
7002752,100164,2026-07-17,06:45:00,Fee,Branch,1032.95,NPR,874444.16,,Monthly account maintenance fee,False
7002737,100164,2026-07-19,07:30:00,Transfer In,POS,47636.37,NPR,922080.53,,Incoming fund transfer,False
7002761,100164,2026-07-21,20:15:00,Transfer Out,ATM,27391.45,NPR,894689.08,,Outgoing fund transfer,False
7002746,100164,2026-07-22,18:45:00,Interest Credit,ATM,43724.21,NPR,938413.29,,Quarterly interest credit,False
7002764,100164,2026-07-22,13:30:00,Fee,Branch,469.46,NPR,937943.83,,Monthly account maintenance fee,False
7002753,100164,2026-07-24,06:00:00,Transfer In,IVR,94082.21,NPR,1032026.04,,Incoming fund transfer,True
7002755,100164,2026-07-24,07:00:00,Transfer In,IVR,69548.18,NPR,1101574.22,,Incoming fund transfer,False
7002739,100164,2026-07-25,21:00:00,Deposit,Mobile App,15012.98,NPR,1116587.2,Self,Cash deposit at branch counter,False
7002762,100164,2026-07-25,07:15:00,Interest Credit,ATM,14225.8,NPR,1130813,,Quarterly interest credit,False
7002745,100164,2026-07-27,06:30:00,Transfer In,IVR,3767.29,NPR,1134580.29,,Incoming fund transfer,False
7002741,100164,2026-08-04,19:30:00,Interest Credit,Mobile App,61082.73,NPR,1195663.02,,Quarterly interest credit,False
7002748,100164,2026-08-04,21:15:00,Transfer Out,Internet Banking,39087.01,NPR,1156576.01,,Outgoing fund transfer,False
7002757,100164,2026-08-05,08:45:00,Loan EMI,Internet Banking,44525.65,NPR,1112050.36,,Loan EMI auto-debit,False
7002754,100164,2026-08-07,18:15:00,Fee,Internet Banking,963.16,NPR,1111087.2,,Monthly account maintenance fee,False
7002759,100164,2026-08-08,08:00:00,Withdrawal,Mobile App,48954.35,NPR,1062132.85,Self,ATM cash withdrawal,False
7002763,100164,2026-08-10,20:45:00,Deposit,POS,27636.73,NPR,1089769.58,Self,Cash deposit at branch counter,False
7002765,100164,2026-08-10,15:45:00,Transfer In,Internet Banking,2558.64,NPR,1092328.22,,Incoming fund transfer,False
7002742,100164,2026-08-11,22:15:00,Deposit,Internet Banking,77023.23,NPR,1169351.45,Self,Cash deposit at branch counter,False
7002744,100164,2026-08-11,18:00:00,Withdrawal,Branch,5477.36,NPR,1163874.09,Self,ATM cash withdrawal,False
7002738,100164,2026-08-14,12:45:00,Transfer Out,IVR,53151.55,NPR,1110722.54,,Outgoing fund transfer,False
7002749,100164,2026-08-14,17:45:00,Fee,Branch,732.81,NPR,1109989.73,,Monthly account maintenance fee,False
7002740,100164,2026-08-15,06:00:00,Transfer Out,IVR,39480.86,NPR,1070508.87,,Outgoing fund transfer,False
7002756,100164,2026-08-15,17:15:00,Transfer Out,ATM,31802.71,NPR,1038706.16,,Outgoing fund transfer,False
7002758,100164,2026-08-16,20:15:00,Deposit,POS,68598.9,NPR,1107305.06,Self,Cash deposit at branch counter,False
7002766,100164,2026-08-16,06:00:00,Transfer In,POS,82906.06,NPR,1190211.12,,Incoming fund transfer,True
7002760,100164,2026-08-18,18:15:00,POS Purchase,POS,8383.88,NPR,1181827.24,Local ATM Withdrawal,Point-of-sale card purchase,False
7002751,100164,2026-08-20,11:45:00,Fee,ATM,1179.9,NPR,1180647.34,,Monthly account maintenance fee,False
7002747,100164,2026-08-21,12:30:00,Withdrawal,IVR,21224.51,NPR,1159422.83,Self,ATM cash withdrawal,False
7002743,100164,2026-08-26,06:45:00,Loan EMI,Internet Banking,39689.59,NPR,1119733.24,,Loan EMI auto-debit,False
7002780,100165,2026-01-26,18:15:00,Interest Credit,POS,74955.37,NPR,453971.35,,Quarterly interest credit,False
7002778,100165,2026-03-05,16:15:00,Withdrawal,ATM,55648.48,NPR,398322.87,Self,ATM cash withdrawal,False
7002773,100165,2026-03-07,15:00:00,POS Purchase,POS,5313.47,NPR,393009.4,IME Remit,Point-of-sale card purchase,False
7002776,100165,2026-05-24,17:15:00,Withdrawal,POS,48983.98,NPR,344025.42,Self,ATM cash withdrawal,False
7002771,100165,2026-06-03,17:00:00,POS Purchase,Branch,11115.4,NPR,332910.02,,Point-of-sale card purchase,False
7002769,100165,2026-06-11,12:00:00,Interest Credit,Branch,33918.51,NPR,366828.53,,Quarterly interest credit,False
7002770,100165,2026-06-14,21:45:00,Withdrawal,Mobile App,16899.2,NPR,349929.33,Self,ATM cash withdrawal,False
7002781,100165,2026-06-14,10:15:00,Interest Credit,POS,80580.41,NPR,430509.74,,Quarterly interest credit,False
7002768,100165,2026-06-18,06:00:00,Transfer In,Internet Banking,85712.5,NPR,516222.24,,Incoming fund transfer,True
7002775,100165,2026-07-06,11:30:00,POS Purchase,IVR,11396.43,NPR,504825.81,Amazon,Point-of-sale card purchase,False
7002779,100165,2026-07-28,17:00:00,Withdrawal,Branch,2526.89,NPR,502298.92,Self,ATM cash withdrawal,False
7002777,100165,2026-08-16,16:15:00,Deposit,Mobile App,17605.44,NPR,519904.36,Self,Cash deposit at branch counter,False
7002774,100165,2026-08-17,18:30:00,Interest Credit,Internet Banking,86331.52,NPR,606235.88,,Quarterly interest credit,True
7002767,100165,2026-08-19,12:30:00,Fee,Mobile App,388.13,NPR,605847.75,,Monthly account maintenance fee,False
7002772,100165,2026-08-24,17:45:00,Withdrawal,IVR,53044.59,NPR,552803.16,Self,ATM cash withdrawal,False
7002810,100166,2026-06-07,20:15:00,Transfer In,Branch,86051.18,NPR,294303.92,,Incoming fund transfer,False
7002794,100166,2026-06-11,15:30:00,Loan EMI,Internet Banking,9021.78,NPR,285282.14,,Loan EMI auto-debit,False
7002804,100166,2026-06-13,12:30:00,Fee,POS,53.3,NPR,285228.84,,Monthly account maintenance fee,False
7002802,100166,2026-06-16,21:15:00,Transfer Out,Mobile App,31162.43,NPR,254066.41,,Outgoing fund transfer,False
7002782,100166,2026-06-17,16:15:00,Fee,Mobile App,311.76,NPR,253754.65,,Monthly account maintenance fee,False
7002784,100166,2026-06-17,14:15:00,Withdrawal,Branch,35272.54,NPR,218482.11,Self,ATM cash withdrawal,False
7002788,100166,2026-06-18,10:45:00,Withdrawal,POS,20970.44,NPR,197511.67,Self,ATM cash withdrawal,False
7002792,100166,2026-06-20,22:30:00,Fee,Mobile App,840.33,NPR,196671.34,,Monthly account maintenance fee,False
7002807,100166,2026-06-20,19:00:00,Transfer In,Internet Banking,1625.34,NPR,198296.68,,Incoming fund transfer,False
7002800,100166,2026-06-23,11:45:00,Fee,POS,73.49,NPR,198223.19,,Monthly account maintenance fee,False
7002791,100166,2026-06-30,09:45:00,Withdrawal,IVR,36873.77,NPR,161349.42,Self,ATM cash withdrawal,False
7002793,100166,2026-07-03,14:30:00,Fee,POS,226.17,NPR,161123.25,,Monthly account maintenance fee,False
7002785,100166,2026-07-06,06:30:00,Withdrawal,POS,63709.42,NPR,97413.83,Self,ATM cash withdrawal,False
7002796,100166,2026-07-06,13:30:00,POS Purchase,Branch,698.07,NPR,96715.76,Khalti,Point-of-sale card purchase,False
7002787,100166,2026-07-11,15:30:00,Fee,IVR,397.42,NPR,96318.34,,Monthly account maintenance fee,False
7002808,100166,2026-07-12,19:45:00,Transfer In,POS,27027.11,NPR,123345.45,,Incoming fund transfer,False
7002811,100166,2026-07-14,15:30:00,Interest Credit,IVR,41647.67,NPR,164993.12,,Quarterly interest credit,False
7002798,100166,2026-07-15,13:30:00,Transfer Out,Mobile App,35518.8,NPR,129474.32,,Outgoing fund transfer,False
7002801,100166,2026-07-18,06:45:00,Deposit,Internet Banking,29381.83,NPR,158856.15,Self,Cash deposit at branch counter,False
7002789,100166,2026-07-21,09:15:00,Fee,Internet Banking,1057.18,NPR,157798.97,,Monthly account maintenance fee,False
7002803,100166,2026-07-26,08:15:00,Loan EMI,Internet Banking,11568.2,NPR,146230.77,,Loan EMI auto-debit,False
7002783,100166,2026-08-03,07:45:00,Interest Credit,IVR,84044.18,NPR,230274.95,,Quarterly interest credit,True
7002790,100166,2026-08-03,20:00:00,Loan EMI,Internet Banking,16298.35,NPR,213976.6,,Loan EMI auto-debit,False
7002795,100166,2026-08-06,17:15:00,Deposit,POS,64473.55,NPR,278450.15,Self,Cash deposit at branch counter,False
7002799,100166,2026-08-11,15:00:00,Loan EMI,Internet Banking,38123.63,NPR,240326.52,,Loan EMI auto-debit,False
7002786,100166,2026-08-13,11:00:00,Interest Credit,ATM,31354.23,NPR,271680.75,,Quarterly interest credit,False
7002805,100166,2026-08-17,21:00:00,Transfer In,ATM,77785.37,NPR,349466.12,,Incoming fund transfer,False
7002806,100166,2026-08-17,13:45:00,POS Purchase,Mobile App,9347.95,NPR,340118.17,Local ATM Withdrawal,Point-of-sale card purchase,False
7002797,100166,2026-08-18,21:00:00,Withdrawal,ATM,32812.56,NPR,307305.61,Self,ATM cash withdrawal,False
7002809,100166,2026-08-18,08:00:00,Deposit,ATM,66147.19,NPR,373452.8,Self,Cash deposit at branch counter,False
7002815,100167,2024-01-09,07:45:00,Transfer In,Mobile App,41070.45,NPR,180456.31,,Incoming fund transfer,False
7002831,100167,2024-01-27,11:00:00,Interest Credit,Internet Banking,40609.55,NPR,221065.86,,Quarterly interest credit,False
7002820,100167,2024-02-10,08:15:00,Deposit,Branch,37210.44,NPR,258276.3,Self,Cash deposit at branch counter,False
7002814,100167,2024-04-23,21:15:00,POS Purchase,ATM,5282.95,NPR,252993.35,Salary Employer Pvt Ltd,Point-of-sale card purchase,False
7002837,100167,2024-05-19,09:00:00,Interest Credit,Mobile App,1737.67,NPR,254731.02,,Quarterly interest credit,False
7002832,100167,2024-06-11,14:00:00,Interest Credit,Mobile App,92016.66,NPR,346747.68,,Quarterly interest credit,True
7002812,100167,2024-08-09,20:30:00,Fee,POS,1201.18,NPR,345546.5,,Monthly account maintenance fee,False
7002829,100167,2024-09-19,11:15:00,Deposit,Internet Banking,64881.45,NPR,410427.95,Self,Cash deposit at branch counter,False
7002823,100167,2024-12-11,08:30:00,Loan EMI,Internet Banking,11714.26,NPR,398713.69,,Loan EMI auto-debit,False
7002826,100167,2024-12-22,15:15:00,Withdrawal,ATM,39866.77,NPR,358846.92,Self,ATM cash withdrawal,False
7002827,100167,2025-01-10,22:15:00,Transfer Out,IVR,60125.03,NPR,298721.89,,Outgoing fund transfer,False
7002822,100167,2025-06-12,13:30:00,Interest Credit,POS,44474.72,NPR,343196.61,,Quarterly interest credit,False
7002825,100167,2025-08-19,16:00:00,Withdrawal,Branch,38156.95,NPR,305039.66,Self,ATM cash withdrawal,False
7002839,100167,2025-08-24,18:00:00,Transfer In,Branch,63627.18,NPR,368666.84,,Incoming fund transfer,False
7002824,100167,2025-08-25,11:30:00,Fee,POS,629.84,NPR,368037,,Monthly account maintenance fee,False
7002816,100167,2025-10-14,09:45:00,Loan EMI,Internet Banking,44020.44,NPR,324016.56,,Loan EMI auto-debit,False
7002819,100167,2025-10-20,18:00:00,Loan EMI,Internet Banking,16630.03,NPR,307386.53,,Loan EMI auto-debit,False
7002813,100167,2025-10-24,06:15:00,Loan EMI,Internet Banking,20932.35,NPR,286454.18,,Loan EMI auto-debit,False
7002821,100167,2025-11-12,13:00:00,Fee,POS,392.38,NPR,286061.8,,Monthly account maintenance fee,False
7002838,100167,2025-11-18,06:00:00,Fee,POS,128.24,NPR,285933.56,,Monthly account maintenance fee,False
7002830,100167,2025-11-23,12:30:00,Deposit,ATM,82154.91,NPR,368088.47,Self,Cash deposit at branch counter,False
7002835,100167,2025-12-23,13:30:00,Transfer Out,POS,36834.64,NPR,331253.83,,Outgoing fund transfer,False
7002818,100167,2026-02-13,11:00:00,Loan EMI,Internet Banking,7918.26,NPR,323335.57,,Loan EMI auto-debit,False
7002833,100167,2026-04-05,19:30:00,Withdrawal,Internet Banking,62147.65,NPR,261187.92,Self,ATM cash withdrawal,False
7002836,100167,2026-05-03,09:45:00,POS Purchase,Branch,2113.1,NPR,259074.82,Self,Point-of-sale card purchase,False
7002828,100167,2026-06-10,09:15:00,Transfer Out,POS,60134.03,NPR,198940.79,,Outgoing fund transfer,False
7002834,100167,2026-06-15,22:30:00,POS Purchase,Mobile App,3664.1,NPR,195276.69,Amazon,Point-of-sale card purchase,False
7002817,100167,2026-08-18,15:30:00,Interest Credit,Internet Banking,6286.84,NPR,201563.53,,Quarterly interest credit,False
7002841,100168,2026-03-23,22:00:00,POS Purchase,ATM,8211.74,NPR,-8211.74,eSewa,Point-of-sale card purchase,False
7002840,100168,2026-05-12,10:30:00,Withdrawal,Internet Banking,57400.13,NPR,-65611.87,Self,ATM cash withdrawal,False
7002847,100169,2026-07-27,08:00:00,POS Purchase,ATM,9487.3,NPR,886049.11,Foodmandu,Point-of-sale card purchase,False
7002849,100169,2026-07-27,13:30:00,Transfer Out,Internet Banking,398.14,NPR,885650.97,,Outgoing fund transfer,False
7002851,100169,2026-08-03,10:30:00,Loan EMI,Internet Banking,4543.2,NPR,881107.77,,Loan EMI auto-debit,False
7002844,100169,2026-08-09,19:45:00,Loan EMI,Internet Banking,12699.63,NPR,868408.14,,Loan EMI auto-debit,False
7002845,100169,2026-08-10,08:15:00,POS Purchase,Branch,11129.8,NPR,857278.34,Foodmandu,Point-of-sale card purchase,False
7002850,100169,2026-08-10,13:45:00,Deposit,POS,87918.91,NPR,945197.25,Self,Cash deposit at branch counter,False
7002842,100169,2026-08-16,19:45:00,Loan EMI,Internet Banking,35558,NPR,909639.25,,Loan EMI auto-debit,False
7002848,100169,2026-08-19,14:30:00,Loan EMI,Internet Banking,41572.78,NPR,868066.47,,Loan EMI auto-debit,False
7002843,100169,2026-08-24,11:45:00,Deposit,ATM,25445.11,NPR,893511.58,Self,Cash deposit at branch counter,False
7002846,100169,2026-08-27,12:00:00,Transfer Out,POS,11837.51,NPR,881674.07,,Outgoing fund transfer,False
7002863,100170,2024-05-28,19:30:00,Withdrawal,ATM,46199.2,NPR,230248.91,Self,ATM cash withdrawal,False
7002864,100170,2024-06-15,17:15:00,Withdrawal,ATM,41571.07,NPR,188677.84,Self,ATM cash withdrawal,False
7002860,100170,2024-07-05,12:30:00,Deposit,Internet Banking,53908.46,NPR,242586.3,Self,Cash deposit at branch counter,False
7002857,100170,2024-07-22,18:00:00,Transfer Out,Internet Banking,35726.59,NPR,206859.71,,Outgoing fund transfer,False
7002855,100170,2024-08-09,13:00:00,Fee,Branch,600.62,NPR,206259.09,,Monthly account maintenance fee,False
7002854,100170,2024-10-21,11:00:00,Interest Credit,POS,38843.24,NPR,245102.33,,Quarterly interest credit,False
7002852,100170,2024-12-15,19:45:00,Transfer In,ATM,79998.35,NPR,325100.68,,Incoming fund transfer,False
7002861,100170,2025-02-16,09:45:00,Loan EMI,Internet Banking,22754.54,NPR,302346.14,,Loan EMI auto-debit,False
7002867,100170,2025-02-19,10:00:00,POS Purchase,Internet Banking,3683.89,NPR,298662.25,NTC Recharge,Point-of-sale card purchase,False
7002866,100170,2025-05-19,10:45:00,Withdrawal,Internet Banking,35049.52,NPR,263612.73,Self,ATM cash withdrawal,False
7002853,100170,2025-09-09,12:45:00,Loan EMI,Internet Banking,15496.22,NPR,248116.51,,Loan EMI auto-debit,False
7002865,100170,2025-10-27,21:45:00,POS Purchase,IVR,6845.98,NPR,241270.53,Bhat-Bhateni Supermarket,Point-of-sale card purchase,False
7002858,100170,2025-11-25,08:15:00,Withdrawal,Internet Banking,8552.03,NPR,232718.5,Self,ATM cash withdrawal,False
7002868,100170,2026-02-03,07:30:00,Withdrawal,Mobile App,7813.9,NPR,224904.6,Self,ATM cash withdrawal,False
7002856,100170,2026-04-30,07:15:00,POS Purchase,POS,9131.76,NPR,215772.84,Salary Employer Pvt Ltd,Point-of-sale card purchase,False
7002862,100170,2026-06-30,22:45:00,Transfer Out,Mobile App,57333.1,NPR,158439.74,,Outgoing fund transfer,False
7002859,100170,2026-07-29,20:15:00,Loan EMI,Internet Banking,35009.44,NPR,123430.3,,Loan EMI auto-debit,False
7002882,100171,2024-01-31,16:15:00,Transfer Out,Internet Banking,39843.15,NPR,113405.54,,Outgoing fund transfer,False
7002871,100171,2024-03-13,15:15:00,Transfer In,IVR,25113.68,NPR,138519.22,,Incoming fund transfer,False
7002878,100171,2024-06-15,12:00:00,Transfer In,Internet Banking,56613.29,NPR,195132.51,,Incoming fund transfer,False
7002872,100171,2024-06-26,11:00:00,Deposit,Branch,72760.38,NPR,267892.89,Self,Cash deposit at branch counter,False
7002870,100171,2024-10-24,19:30:00,Withdrawal,Internet Banking,56969.22,NPR,210923.67,Self,ATM cash withdrawal,False
7002880,100171,2024-11-26,22:00:00,Loan EMI,Internet Banking,39285.56,NPR,171638.11,,Loan EMI auto-debit,False
7002877,100171,2024-12-18,19:45:00,Transfer Out,Internet Banking,33627.3,NPR,138010.81,,Outgoing fund transfer,False
7002881,100171,2025-02-16,22:15:00,Fee,ATM,507.56,NPR,137503.25,,Monthly account maintenance fee,False
7002869,100171,2025-04-14,21:15:00,Loan EMI,Internet Banking,13202.45,NPR,124300.8,,Loan EMI auto-debit,False
7002879,100171,2025-04-25,13:45:00,Interest Credit,POS,86441.08,NPR,210741.88,,Quarterly interest credit,True
7002876,100171,2026-02-04,13:30:00,Transfer In,Internet Banking,5228.24,NPR,215970.12,,Incoming fund transfer,False
7002873,100171,2026-03-31,19:00:00,Deposit,POS,18008.63,NPR,233978.75,Self,Cash deposit at branch counter,False
7002874,100171,2026-07-13,13:15:00,Deposit,Branch,79132.76,NPR,313111.51,Self,Cash deposit at branch counter,False
7002875,100171,2026-07-18,12:30:00,Transfer Out,Branch,26527.78,NPR,286583.73,,Outgoing fund transfer,False
7002900,100172,2026-05-29,10:30:00,Withdrawal,Mobile App,3470.54,NPR,834758.85,Self,ATM cash withdrawal,False
7002887,100172,2026-06-09,22:00:00,POS Purchase,ATM,7379.3,NPR,827379.55,Salary Employer Pvt Ltd,Point-of-sale card purchase,False
7002903,100172,2026-06-11,22:00:00,POS Purchase,IVR,4206.71,NPR,823172.84,eSewa,Point-of-sale card purchase,False
7002908,100172,2026-06-13,09:45:00,POS Purchase,ATM,482.95,NPR,822689.89,Daraz,Point-of-sale card purchase,False
7002891,100172,2026-06-14,19:15:00,Loan EMI,Internet Banking,16667.65,NPR,806022.24,,Loan EMI auto-debit,False
7002896,100172,2026-06-16,14:45:00,Loan EMI,Internet Banking,43454.09,NPR,762568.15,,Loan EMI auto-debit,False
7002889,100172,2026-06-17,12:15:00,Transfer Out,Internet Banking,30444.6,NPR,732123.55,,Outgoing fund transfer,False
7002885,100172,2026-06-20,08:30:00,Loan EMI,Internet Banking,43955.26,NPR,688168.29,,Loan EMI auto-debit,False
7002897,100172,2026-06-21,21:00:00,Transfer In,ATM,54892.33,NPR,743060.62,,Incoming fund transfer,False
7002902,100172,2026-06-23,08:45:00,Withdrawal,Mobile App,2033.2,NPR,741027.42,Self,ATM cash withdrawal,False
7002906,100172,2026-06-25,15:30:00,POS Purchase,ATM,6443.13,NPR,734584.29,IME Remit,Point-of-sale card purchase,False
7002894,100172,2026-07-02,17:15:00,Deposit,POS,79437.4,NPR,814021.69,Self,Cash deposit at branch counter,False
7002883,100172,2026-07-06,13:30:00,Transfer In,Mobile App,31256.23,NPR,845277.92,,Incoming fund transfer,False
7002886,100172,2026-07-06,21:00:00,Loan EMI,Internet Banking,4291.87,NPR,840986.05,,Loan EMI auto-debit,False
7002899,100172,2026-07-12,13:45:00,Transfer Out,Internet Banking,36250.38,NPR,804735.67,,Outgoing fund transfer,False
7002907,100172,2026-07-14,16:15:00,Interest Credit,POS,88627.18,NPR,893362.85,,Quarterly interest credit,False
7002888,100172,2026-07-25,20:00:00,Transfer In,Branch,58502.29,NPR,951865.14,,Incoming fund transfer,False
7002901,100172,2026-07-29,06:00:00,POS Purchase,Mobile App,8368.06,NPR,943497.08,NTC Recharge,Point-of-sale card purchase,False
7002905,100172,2026-07-29,14:00:00,Deposit,ATM,16190.99,NPR,959688.07,Self,Cash deposit at branch counter,False
7002892,100172,2026-08-04,07:30:00,Withdrawal,Internet Banking,64668.21,NPR,895019.86,Self,ATM cash withdrawal,False
7002884,100172,2026-08-08,08:30:00,Deposit,ATM,32036.73,NPR,927056.59,Self,Cash deposit at branch counter,False
7002890,100172,2026-08-08,20:00:00,Transfer In,Internet Banking,64100.81,NPR,991157.4,,Incoming fund transfer,False
7002893,100172,2026-08-08,08:30:00,Withdrawal,IVR,27214.9,NPR,963942.5,Self,ATM cash withdrawal,False
7002898,100172,2026-08-09,07:15:00,Interest Credit,IVR,66744.04,NPR,1030686.54,,Quarterly interest credit,False
7002904,100172,2026-08-12,15:30:00,Transfer Out,POS,60767.51,NPR,969919.03,,Outgoing fund transfer,False
7002895,100172,2026-08-23,22:45:00,Deposit,POS,24072.74,NPR,993991.77,Self,Cash deposit at branch counter,False
7002926,100173,2024-02-01,20:45:00,Deposit,Branch,44028.81,NPR,792631.07,Self,Cash deposit at branch counter,False
7002912,100173,2024-02-05,14:15:00,Interest Credit,Mobile App,72834.02,NPR,865465.09,,Quarterly interest credit,False
7002913,100173,2024-03-07,10:15:00,Deposit,Internet Banking,18542.66,NPR,884007.75,Self,Cash deposit at branch counter,False
7002922,100173,2024-03-11,13:15:00,Transfer Out,IVR,22196.44,NPR,861811.31,,Outgoing fund transfer,False
7002921,100173,2024-03-24,22:30:00,Withdrawal,IVR,13667.51,NPR,848143.8,Self,ATM cash withdrawal,False
7002918,100173,2024-05-22,19:00:00,POS Purchase,Internet Banking,6174.61,NPR,841969.19,Foodmandu,Point-of-sale card purchase,False
7002929,100173,2024-08-01,07:45:00,Fee,Internet Banking,724.79,NPR,841244.4,,Monthly account maintenance fee,False
7002923,100173,2024-09-29,06:30:00,Transfer Out,IVR,51401.24,NPR,789843.16,,Outgoing fund transfer,False
7002927,100173,2024-10-30,18:45:00,Transfer Out,POS,18007.56,NPR,771835.6,,Outgoing fund transfer,False
7002911,100173,2025-02-12,15:15:00,Fee,IVR,868.59,NPR,770967.01,,Monthly account maintenance fee,False
7002930,100173,2025-04-17,18:30:00,POS Purchase,POS,8860.18,NPR,762106.83,Local ATM Withdrawal,Point-of-sale card purchase,False
7002917,100173,2025-07-07,14:00:00,Transfer In,ATM,65200.98,NPR,827307.81,,Incoming fund transfer,False
7002924,100173,2025-08-29,08:00:00,Transfer Out,ATM,47593.61,NPR,779714.2,,Outgoing fund transfer,False
7002910,100173,2025-09-10,10:00:00,Deposit,ATM,48305.34,NPR,828019.54,Self,Cash deposit at branch counter,False
7002909,100173,2025-09-28,11:15:00,Transfer In,ATM,45310.57,NPR,873330.11,,Incoming fund transfer,False
7002914,100173,2025-10-20,21:00:00,Withdrawal,ATM,42444.95,NPR,830885.16,Self,ATM cash withdrawal,False
7002919,100173,2025-11-13,18:45:00,POS Purchase,IVR,5401.27,NPR,825483.89,Bhat-Bhateni Supermarket,Point-of-sale card purchase,False
7002928,100173,2026-03-11,19:30:00,POS Purchase,Mobile App,6139.45,NPR,819344.44,Self,Point-of-sale card purchase,False
7002916,100173,2026-03-12,16:30:00,Withdrawal,Branch,10641.98,NPR,808702.46,Self,ATM cash withdrawal,False
7002925,100173,2026-03-20,18:15:00,Deposit,IVR,22905.95,NPR,831608.41,Self,Cash deposit at branch counter,False
7002915,100173,2026-04-05,17:45:00,Deposit,Branch,23634.52,NPR,855242.93,Self,Cash deposit at branch counter,False
7002920,100173,2026-06-02,10:15:00,Transfer Out,Branch,34261.11,NPR,820981.82,,Outgoing fund transfer,False
7002935,100174,2024-01-05,10:00:00,Deposit,POS,8158.47,NPR,188926.22,Self,Cash deposit at branch counter,False
7002942,100174,2024-12-08,08:30:00,Fee,IVR,1439.04,NPR,187487.18,,Monthly account maintenance fee,False
7002934,100174,2025-02-11,12:00:00,Withdrawal,Branch,24408.86,NPR,163078.32,Self,ATM cash withdrawal,False
7002941,100174,2025-03-10,08:45:00,POS Purchase,Internet Banking,11352.7,NPR,151725.62,Amazon,Point-of-sale card purchase,False
7002937,100174,2025-04-12,09:30:00,Withdrawal,IVR,2691.04,NPR,149034.58,Self,ATM cash withdrawal,False
7002943,100174,2025-05-28,10:30:00,Transfer Out,POS,51407.6,NPR,97626.98,,Outgoing fund transfer,False
7002944,100174,2025-05-29,14:15:00,Withdrawal,Mobile App,33602.67,NPR,64024.31,Self,ATM cash withdrawal,False
7002940,100174,2025-06-23,19:15:00,Deposit,POS,51606.05,NPR,115630.36,Self,Cash deposit at branch counter,False
7002938,100174,2025-08-08,22:45:00,Fee,Mobile App,1095.1,NPR,114535.26,,Monthly account maintenance fee,False
7002936,100174,2025-11-05,09:30:00,Deposit,Internet Banking,83462.48,NPR,197997.74,Self,Cash deposit at branch counter,True
7002932,100174,2026-02-09,13:30:00,Interest Credit,Internet Banking,59689.57,NPR,257687.31,,Quarterly interest credit,False
7002931,100174,2026-03-28,10:00:00,Transfer In,Branch,80595.88,NPR,338283.19,,Incoming fund transfer,True
7002933,100174,2026-07-29,15:00:00,Withdrawal,IVR,13885.83,NPR,324397.36,Self,ATM cash withdrawal,False
7002939,100174,2026-08-29,20:00:00,Fee,Internet Banking,1425.48,NPR,322971.88,,Monthly account maintenance fee,False
7002948,100175,2024-05-31,16:00:00,Transfer In,Internet Banking,12939.58,NPR,399155.6,,Incoming fund transfer,False
7002950,100175,2024-07-24,13:30:00,Interest Credit,Branch,30186.02,NPR,429341.62,,Quarterly interest credit,False
7002955,100175,2024-11-23,19:00:00,POS Purchase,IVR,10339.93,NPR,419001.69,IME Remit,Point-of-sale card purchase,False
7002958,100175,2024-12-27,10:00:00,Deposit,Mobile App,45067.06,NPR,464068.75,Self,Cash deposit at branch counter,False
7002947,100175,2024-12-30,18:15:00,Deposit,Branch,18148.61,NPR,482217.36,Self,Cash deposit at branch counter,False
7002954,100175,2025-01-28,15:30:00,Transfer Out,Mobile App,63435.59,NPR,418781.77,,Outgoing fund transfer,False
7002953,100175,2025-03-26,10:30:00,Interest Credit,Internet Banking,59463.65,NPR,478245.42,,Quarterly interest credit,False
7002946,100175,2025-05-01,21:00:00,Transfer In,ATM,27922.29,NPR,506167.71,,Incoming fund transfer,False
7002945,100175,2025-06-21,18:30:00,Withdrawal,Mobile App,7496.55,NPR,498671.16,Self,ATM cash withdrawal,False
7002951,100175,2025-11-28,19:45:00,Withdrawal,Mobile App,62302.77,NPR,436368.39,Self,ATM cash withdrawal,False
7002949,100175,2026-02-23,22:30:00,Transfer Out,IVR,64467.65,NPR,371900.74,,Outgoing fund transfer,False
7002952,100175,2026-04-07,13:00:00,Withdrawal,Mobile App,15186.51,NPR,356714.23,Self,ATM cash withdrawal,False
7002956,100175,2026-05-16,06:00:00,Withdrawal,Branch,31807.62,NPR,324906.61,Self,ATM cash withdrawal,False
7002957,100175,2026-06-19,07:15:00,Interest Credit,Branch,57813.09,NPR,382719.7,,Quarterly interest credit,False
7002964,100176,2025-11-19,15:45:00,Withdrawal,ATM,20763.08,NPR,34268.52,Self,ATM cash withdrawal,False
7002962,100176,2025-12-05,14:30:00,Transfer Out,Mobile App,26587.23,NPR,7681.29,,Outgoing fund transfer,False
7002966,100176,2026-02-25,19:15:00,Withdrawal,Branch,2543.04,NPR,5138.25,Self,ATM cash withdrawal,False
7002961,100176,2026-03-31,21:15:00,Transfer In,Branch,92619.4,NPR,97757.65,,Incoming fund transfer,True
7002963,100176,2026-04-16,19:15:00,Fee,Mobile App,666.09,NPR,97091.56,,Monthly account maintenance fee,False
7002965,100176,2026-04-28,06:45:00,Transfer In,Branch,63920.46,NPR,161012.02,,Incoming fund transfer,False
7002959,100176,2026-05-18,17:45:00,Fee,Mobile App,1337.58,NPR,159674.44,,Monthly account maintenance fee,False
7002960,100176,2026-08-04,10:00:00,Loan EMI,Internet Banking,44064.5,NPR,115609.94,,Loan EMI auto-debit,False
7002969,100177,2025-05-02,20:15:00,Loan EMI,Internet Banking,31994.41,NPR,110698.28,,Loan EMI auto-debit,False
7002976,100177,2025-06-23,07:00:00,Loan EMI,Internet Banking,21247.53,NPR,89450.75,,Loan EMI auto-debit,False
7002975,100177,2025-08-24,08:00:00,Loan EMI,Internet Banking,16096.36,NPR,73354.39,,Loan EMI auto-debit,False
7002971,100177,2025-10-26,13:00:00,Withdrawal,Branch,30279.29,NPR,43075.1,Self,ATM cash withdrawal,False
7002977,100177,2026-01-21,07:30:00,Loan EMI,Internet Banking,32206.27,NPR,10868.83,,Loan EMI auto-debit,False
7002968,100177,2026-04-24,12:00:00,Interest Credit,Branch,39287.51,NPR,50156.34,,Quarterly interest credit,False
7002972,100177,2026-04-27,06:30:00,Transfer In,IVR,17457.69,NPR,67614.03,,Incoming fund transfer,False
7002970,100177,2026-07-17,18:30:00,Transfer Out,IVR,32825.22,NPR,34788.81,,Outgoing fund transfer,False
7002967,100177,2026-07-28,19:30:00,Withdrawal,POS,46481.4,NPR,-11692.59,Self,ATM cash withdrawal,False
7002973,100177,2026-08-04,16:00:00,Loan EMI,Internet Banking,35969.86,NPR,-47662.45,,Loan EMI auto-debit,False
7002974,100177,2026-08-28,21:15:00,Withdrawal,Mobile App,16520.7,NPR,-64183.15,Self,ATM cash withdrawal,False
7003004,100178,2025-08-22,18:45:00,Transfer Out,Internet Banking,33516.19,NPR,-30662.07,,Outgoing fund transfer,False
7003005,100178,2025-09-20,09:30:00,POS Purchase,ATM,2978.03,NPR,-33640.1,Foodmandu,Point-of-sale card purchase,False
7002978,100178,2025-10-01,10:45:00,Transfer Out,ATM,59801.68,NPR,-93441.78,,Outgoing fund transfer,False
7003002,100178,2025-10-05,14:15:00,Transfer Out,Branch,14026.47,NPR,-107468.25,,Outgoing fund transfer,False
7002979,100178,2025-10-19,14:00:00,Transfer In,Mobile App,1355.01,NPR,-106113.24,,Incoming fund transfer,False
7002994,100178,2025-10-27,07:15:00,Deposit,Internet Banking,78953.53,NPR,-27159.71,Self,Cash deposit at branch counter,False
7003000,100178,2025-11-07,13:45:00,Transfer Out,IVR,61803.24,NPR,-88962.95,,Outgoing fund transfer,False
7002982,100178,2025-11-18,21:00:00,Interest Credit,ATM,70865.09,NPR,-18097.86,,Quarterly interest credit,False
7002990,100178,2025-11-18,18:00:00,Withdrawal,IVR,51367.02,NPR,-69464.88,Self,ATM cash withdrawal,False
7002999,100178,2025-12-03,14:00:00,Deposit,Branch,52409.56,NPR,-17055.32,Self,Cash deposit at branch counter,False
7002989,100178,2025-12-30,21:15:00,Deposit,POS,93252.97,NPR,76197.65,Self,Cash deposit at branch counter,True
7002981,100178,2026-01-16,19:45:00,Withdrawal,IVR,21252.85,NPR,54944.8,Self,ATM cash withdrawal,False
7002987,100178,2026-01-16,15:00:00,Deposit,Branch,27935.15,NPR,82879.95,Self,Cash deposit at branch counter,False
7002996,100178,2026-01-26,22:00:00,Loan EMI,Internet Banking,34009.85,NPR,48870.1,,Loan EMI auto-debit,False
7002992,100178,2026-02-28,16:30:00,Deposit,ATM,41709.04,NPR,90579.14,Self,Cash deposit at branch counter,False
7002985,100178,2026-03-15,21:00:00,Deposit,Mobile App,28304.74,NPR,118883.88,Self,Cash deposit at branch counter,False
7002998,100178,2026-04-05,19:15:00,Loan EMI,Internet Banking,25262.25,NPR,93621.63,,Loan EMI auto-debit,False
7002984,100178,2026-04-16,21:30:00,Transfer In,IVR,68601.17,NPR,162222.8,,Incoming fund transfer,False
7003006,100178,2026-05-09,14:30:00,Transfer Out,IVR,23004.01,NPR,139218.79,,Outgoing fund transfer,False
7002991,100178,2026-05-13,20:15:00,Interest Credit,POS,13398.7,NPR,152617.49,,Quarterly interest credit,False
7002995,100178,2026-05-31,18:00:00,Transfer In,IVR,66718.91,NPR,219336.4,,Incoming fund transfer,False
7002988,100178,2026-06-09,12:45:00,Fee,POS,1178.08,NPR,218158.32,,Monthly account maintenance fee,False
7003001,100178,2026-06-16,13:15:00,Loan EMI,Internet Banking,19120.15,NPR,199038.17,,Loan EMI auto-debit,False
7002993,100178,2026-06-17,07:00:00,Transfer Out,Branch,14702.8,NPR,184335.37,,Outgoing fund transfer,False
7002983,100178,2026-06-26,08:00:00,Withdrawal,ATM,62899.83,NPR,121435.54,Self,ATM cash withdrawal,False
7002997,100178,2026-07-14,13:00:00,Deposit,Branch,35894.31,NPR,157329.85,Self,Cash deposit at branch counter,False
7002980,100178,2026-07-20,06:30:00,Deposit,POS,77404.76,NPR,234734.61,Self,Cash deposit at branch counter,False
7003007,100178,2026-07-20,10:30:00,Transfer In,IVR,21311.35,NPR,256045.96,,Incoming fund transfer,False
7003003,100178,2026-08-01,10:15:00,Interest Credit,POS,72881.57,NPR,328927.53,,Quarterly interest credit,False
7002986,100178,2026-08-21,07:00:00,Fee,Mobile App,52.23,NPR,328875.3,,Monthly account maintenance fee,False
7003011,100179,2024-01-06,09:45:00,POS Purchase,IVR,10321.64,NPR,265271.75,Self,Point-of-sale card purchase,False
7003016,100179,2024-02-29,06:00:00,Loan EMI,Internet Banking,39344.75,NPR,225927,,Loan EMI auto-debit,False
7003025,100179,2024-04-07,21:45:00,Deposit,IVR,64194.5,NPR,290121.5,Self,Cash deposit at branch counter,False
7003017,100179,2024-05-24,08:00:00,Transfer In,ATM,33361,NPR,323482.5,,Incoming fund transfer,False
7003034,100179,2024-07-31,21:00:00,Fee,Branch,609.66,NPR,322872.84,,Monthly account maintenance fee,False
7003026,100179,2024-08-01,22:30:00,Fee,POS,1422.82,NPR,321450.02,,Monthly account maintenance fee,False
7003035,100179,2024-08-19,08:45:00,POS Purchase,Branch,1410.33,NPR,320039.69,Khalti,Point-of-sale card purchase,False
7003033,100179,2024-09-19,17:15:00,Fee,Branch,1376.37,NPR,318663.32,,Monthly account maintenance fee,False
7003024,100179,2024-10-01,11:45:00,Fee,Mobile App,1418.9,NPR,317244.42,,Monthly account maintenance fee,False
7003019,100179,2024-10-04,17:30:00,Deposit,Mobile App,85098.42,NPR,402342.84,Self,Cash deposit at branch counter,False
7003028,100179,2024-11-23,22:45:00,Transfer In,Mobile App,17840.25,NPR,420183.09,,Incoming fund transfer,False
7003009,100179,2024-12-06,15:00:00,Withdrawal,Mobile App,48873.55,NPR,371309.54,Self,ATM cash withdrawal,False
7003012,100179,2025-01-28,21:45:00,Deposit,ATM,83739.53,NPR,455049.07,Self,Cash deposit at branch counter,True
7003032,100179,2025-02-06,13:15:00,Fee,ATM,1065.06,NPR,453984.01,,Monthly account maintenance fee,False
7003031,100179,2025-02-08,11:30:00,Interest Credit,ATM,66820.83,NPR,520804.84,,Quarterly interest credit,False
7003014,100179,2025-04-11,21:15:00,Fee,IVR,352.82,NPR,520452.02,,Monthly account maintenance fee,False
7003008,100179,2025-04-13,07:45:00,Transfer In,IVR,66103.51,NPR,586555.53,,Incoming fund transfer,False
7003021,100179,2025-04-25,16:00:00,Withdrawal,Branch,56388.89,NPR,530166.64,Self,ATM cash withdrawal,False
7003013,100179,2025-05-28,19:00:00,Withdrawal,ATM,30241.54,NPR,499925.1,Self,ATM cash withdrawal,False
7003020,100179,2025-06-07,19:15:00,Loan EMI,Internet Banking,28896.74,NPR,471028.36,,Loan EMI auto-debit,False
7003018,100179,2025-06-09,06:15:00,Withdrawal,Branch,35810.28,NPR,435218.08,Self,ATM cash withdrawal,False
7003030,100179,2025-07-26,07:30:00,POS Purchase,IVR,1059.51,NPR,434158.57,Local ATM Withdrawal,Point-of-sale card purchase,False
7003010,100179,2025-09-20,13:15:00,POS Purchase,POS,3048.54,NPR,431110.03,,Point-of-sale card purchase,False
7003036,100179,2025-12-23,21:30:00,Loan EMI,Internet Banking,42975.45,NPR,388134.58,,Loan EMI auto-debit,False
7003029,100179,2026-02-02,09:00:00,POS Purchase,Mobile App,3991.61,NPR,384142.97,NTC Recharge,Point-of-sale card purchase,False
7003023,100179,2026-03-03,06:45:00,Interest Credit,Internet Banking,28829.14,NPR,412972.11,,Quarterly interest credit,False
7003022,100179,2026-04-28,10:45:00,Loan EMI,Internet Banking,38013.69,NPR,374958.42,,Loan EMI auto-debit,False
7003027,100179,2026-08-05,13:00:00,Withdrawal,ATM,37713.48,NPR,337244.94,Self,ATM cash withdrawal,False
7003015,100179,2026-08-13,19:30:00,Transfer In,Internet Banking,41061.67,NPR,378306.61,,Incoming fund transfer,False
7003039,100180,2024-08-01,18:00:00,Transfer In,ATM,75648.46,NPR,183806.42,,Incoming fund transfer,False
7003042,100180,2024-11-06,10:00:00,Transfer In,ATM,7558.64,NPR,191365.06,,Incoming fund transfer,False
7003041,100180,2024-11-16,16:00:00,Withdrawal,Internet Banking,760.27,NPR,190604.79,Self,ATM cash withdrawal,False
7003043,100180,2025-01-06,16:30:00,Transfer In,Internet Banking,58487.71,NPR,249092.5,,Incoming fund transfer,False
7003051,100180,2025-01-27,15:45:00,Withdrawal,ATM,31313.45,NPR,217779.05,Self,ATM cash withdrawal,False
7003044,100180,2025-02-12,13:00:00,POS Purchase,IVR,9343.66,NPR,208435.39,Daraz,Point-of-sale card purchase,False
7003037,100180,2025-08-22,17:15:00,Transfer In,Mobile App,44408.09,NPR,252843.48,,Incoming fund transfer,False
7003049,100180,2025-09-16,06:45:00,Transfer Out,POS,55016.96,NPR,197826.52,,Outgoing fund transfer,False
7003038,100180,2025-11-30,18:00:00,Interest Credit,IVR,68949.42,NPR,266775.94,,Quarterly interest credit,False
7003040,100180,2026-02-17,17:00:00,Loan EMI,Internet Banking,33749.22,NPR,233026.72,,Loan EMI auto-debit,False
7003047,100180,2026-03-16,13:45:00,Deposit,IVR,13304.77,NPR,246331.49,Self,Cash deposit at branch counter,False
7003046,100180,2026-04-05,13:15:00,Interest Credit,POS,66705.49,NPR,313036.98,,Quarterly interest credit,False
7003048,100180,2026-04-09,17:45:00,Interest Credit,Internet Banking,12230.5,NPR,325267.48,,Quarterly interest credit,False
7003045,100180,2026-04-24,16:45:00,Deposit,ATM,983.69,NPR,326251.17,Self,Cash deposit at branch counter,False
7003050,100180,2026-08-01,06:00:00,Deposit,Mobile App,86031.88,NPR,412283.05,Self,Cash deposit at branch counter,True
7003080,100181,2024-01-20,06:00:00,Withdrawal,Mobile App,39015.98,NPR,-26011.11,Self,ATM cash withdrawal,False
7003055,100181,2024-04-12,17:45:00,Transfer In,IVR,68511.07,NPR,42499.96,,Incoming fund transfer,False
7003057,100181,2024-05-03,17:30:00,Loan EMI,Internet Banking,32167.29,NPR,10332.67,,Loan EMI auto-debit,False
7003073,100181,2024-05-15,12:00:00,Loan EMI,Internet Banking,9613.93,NPR,718.74,,Loan EMI auto-debit,False
7003071,100181,2024-06-16,22:15:00,Loan EMI,Internet Banking,4937.78,NPR,-4219.04,,Loan EMI auto-debit,False
7003072,100181,2024-06-20,19:45:00,POS Purchase,Mobile App,5124.91,NPR,-9343.95,Local ATM Withdrawal,Point-of-sale card purchase,False
7003061,100181,2024-06-30,15:00:00,Transfer In,POS,47985.67,NPR,38641.72,,Incoming fund transfer,False
7003079,100181,2024-07-30,10:45:00,Loan EMI,Internet Banking,23686.44,NPR,14955.28,,Loan EMI auto-debit,False
7003062,100181,2024-08-11,06:15:00,Transfer In,IVR,34207.89,NPR,49163.17,,Incoming fund transfer,False
7003076,100181,2024-08-11,08:15:00,Deposit,IVR,77959.15,NPR,127122.32,Self,Cash deposit at branch counter,False
7003068,100181,2024-09-11,07:00:00,Transfer Out,Branch,46255.79,NPR,80866.53,,Outgoing fund transfer,False
7003077,100181,2024-10-17,12:00:00,Loan EMI,Internet Banking,18895.21,NPR,61971.32,,Loan EMI auto-debit,False
7003070,100181,2024-12-08,22:30:00,Deposit,Mobile App,42422.62,NPR,104393.94,Self,Cash deposit at branch counter,False
7003058,100181,2024-12-19,08:30:00,Transfer Out,Branch,30852.44,NPR,73541.5,,Outgoing fund transfer,False
7003069,100181,2025-02-19,15:15:00,Fee,Internet Banking,152.44,NPR,73389.06,,Monthly account maintenance fee,False
7003065,100181,2025-04-18,21:30:00,POS Purchase,Mobile App,5419.68,NPR,67969.38,Self,Point-of-sale card purchase,False
7003060,100181,2025-05-06,21:45:00,Fee,ATM,996.52,NPR,66972.86,,Monthly account maintenance fee,False
7003064,100181,2025-08-02,10:00:00,Withdrawal,POS,40033.13,NPR,26939.73,Self,ATM cash withdrawal,False
7003052,100181,2025-08-28,19:45:00,Transfer In,Branch,67907.19,NPR,94846.92,,Incoming fund transfer,False
7003078,100181,2025-09-02,15:00:00,Transfer Out,POS,17360.15,NPR,77486.77,,Outgoing fund transfer,False
7003054,100181,2025-11-01,10:00:00,POS Purchase,IVR,632.1,NPR,76854.67,Daraz,Point-of-sale card purchase,False
7003053,100181,2025-12-16,16:15:00,Deposit,Branch,17582.96,NPR,94437.63,Self,Cash deposit at branch counter,False
7003059,100181,2026-02-12,22:30:00,Withdrawal,Branch,12282.54,NPR,82155.09,Self,ATM cash withdrawal,False
7003067,100181,2026-02-18,17:30:00,POS Purchase,Branch,2036.65,NPR,80118.44,Daraz,Point-of-sale card purchase,False
7003074,100181,2026-03-05,06:45:00,POS Purchase,Branch,2322.97,NPR,77795.47,Salary Employer Pvt Ltd,Point-of-sale card purchase,False
7003056,100181,2026-05-30,12:15:00,Deposit,Branch,63317.15,NPR,141112.62,Self,Cash deposit at branch counter,False
7003066,100181,2026-07-28,18:00:00,Interest Credit,POS,65951.86,NPR,207064.48,,Quarterly interest credit,False
7003063,100181,2026-08-28,09:00:00,POS Purchase,IVR,9569.32,NPR,197495.16,Self,Point-of-sale card purchase,False
7003075,100181,2026-08-29,20:30:00,Transfer In,IVR,19109.3,NPR,216604.46,,Incoming fund transfer,False
7003094,100182,2024-01-22,20:15:00,Loan EMI,Internet Banking,24677.82,NPR,747565.19,,Loan EMI auto-debit,False
7003095,100182,2024-03-17,06:30:00,Interest Credit,POS,82983.64,NPR,830548.83,,Quarterly interest credit,True
7003086,100182,2024-04-10,07:00:00,Deposit,IVR,64334.98,NPR,894883.81,Self,Cash deposit at branch counter,False
7003102,100182,2024-04-24,08:00:00,Interest Credit,Mobile App,73498.19,NPR,968382,,Quarterly interest credit,False
7003093,100182,2024-04-27,06:30:00,Fee,POS,335.73,NPR,968046.27,,Monthly account maintenance fee,False
7003082,100182,2024-05-15,14:15:00,Transfer Out,IVR,7768.06,NPR,960278.21,,Outgoing fund transfer,False
7003099,100182,2024-05-15,12:45:00,Interest Credit,Branch,31904.88,NPR,992183.09,,Quarterly interest credit,False
7003091,100182,2024-06-08,22:30:00,Deposit,IVR,51671.37,NPR,1043854.46,Self,Cash deposit at branch counter,False
7003085,100182,2024-08-03,12:45:00,POS Purchase,Branch,627.96,NPR,1043226.5,NEA Bill Pay,Point-of-sale card purchase,False
7003092,100182,2024-09-09,21:45:00,Loan EMI,Internet Banking,42748.89,NPR,1000477.61,,Loan EMI auto-debit,False
7003104,100182,2024-11-09,09:30:00,Transfer In,Branch,36452.66,NPR,1036930.27,,Incoming fund transfer,False
7003101,100182,2025-01-08,14:15:00,Interest Credit,Branch,55861.08,NPR,1092791.35,,Quarterly interest credit,False
7003096,100182,2025-01-26,16:15:00,Loan EMI,Internet Banking,20574.97,NPR,1072216.38,,Loan EMI auto-debit,False
7003087,100182,2025-04-15,12:30:00,Transfer Out,Internet Banking,19801.25,NPR,1052415.13,,Outgoing fund transfer,False
7003090,100182,2025-04-23,07:00:00,Interest Credit,Internet Banking,71444.89,NPR,1123860.02,,Quarterly interest credit,False
7003089,100182,2025-05-18,21:00:00,Withdrawal,Internet Banking,54785.03,NPR,1069074.99,Self,ATM cash withdrawal,False
7003098,100182,2025-07-28,11:30:00,POS Purchase,POS,2995.5,NPR,1066079.49,NEA Bill Pay,Point-of-sale card purchase,False
7003084,100182,2025-10-23,09:15:00,Deposit,Mobile App,15280.6,NPR,1081360.09,Self,Cash deposit at branch counter,False
7003083,100182,2025-11-05,20:30:00,Fee,Mobile App,503.36,NPR,1080856.73,,Monthly account maintenance fee,False
7003103,100182,2025-11-07,06:00:00,Deposit,IVR,35931.27,NPR,1116788,Self,Cash deposit at branch counter,False
7003097,100182,2025-11-15,15:30:00,POS Purchase,Internet Banking,9328.05,NPR,1107459.95,Self,Point-of-sale card purchase,False
7003088,100182,2025-12-10,16:45:00,Withdrawal,IVR,45820.72,NPR,1061639.23,Self,ATM cash withdrawal,False
7003100,100182,2026-04-03,12:15:00,POS Purchase,Internet Banking,10927.97,NPR,1050711.26,Bhat-Bhateni Supermarket,Point-of-sale card purchase,False
7003081,100182,2026-07-15,13:45:00,Interest Credit,Mobile App,75141.76,NPR,1125853.02,,Quarterly interest credit,False
7003105,100183,2024-02-24,15:15:00,Transfer In,POS,72646.08,NPR,402679.07,,Incoming fund transfer,False
7003108,100183,2024-04-27,09:30:00,POS Purchase,IVR,4945.26,NPR,397733.81,Self,Point-of-sale card purchase,False
7003110,100183,2024-06-02,21:00:00,Interest Credit,Mobile App,84499.2,NPR,482233.01,,Quarterly interest credit,True
7003109,100183,2025-02-01,19:15:00,Transfer In,POS,9652.22,NPR,491885.23,,Incoming fund transfer,False
7003113,100183,2025-02-02,06:30:00,POS Purchase,ATM,6099.02,NPR,485786.21,NTC Recharge,Point-of-sale card purchase,False
7003106,100183,2025-04-12,06:15:00,Transfer In,POS,26014.03,NPR,511800.24,,Incoming fund transfer,False
7003111,100183,2025-06-23,22:45:00,Withdrawal,IVR,32097.66,NPR,479702.58,Self,ATM cash withdrawal,False
7003112,100183,2025-07-27,13:00:00,Interest Credit,IVR,63494.44,NPR,543197.02,,Quarterly interest credit,False
7003107,100183,2025-09-16,11:30:00,POS Purchase,ATM,5646.74,NPR,537550.28,Khalti,Point-of-sale card purchase,False
7003117,100184,2024-01-28,08:15:00,Deposit,Mobile App,9591.25,NPR,481701.02,Self,Cash deposit at branch counter,False
7003121,100184,2024-04-08,13:45:00,Transfer In,IVR,64465.75,NPR,546166.77,,Incoming fund transfer,False
7003122,100184,2024-05-10,06:15:00,Transfer Out,Branch,11030.11,NPR,535136.66,,Outgoing fund transfer,False
7003128,100184,2024-05-18,21:00:00,Fee,Branch,93.7,NPR,535042.96,,Monthly account maintenance fee,False
7003116,100184,2024-08-24,06:30:00,Withdrawal,ATM,29443.15,NPR,505599.81,Self,ATM cash withdrawal,False
7003123,100184,2024-09-03,20:15:00,Deposit,POS,11779.59,NPR,517379.4,Self,Cash deposit at branch counter,False
7003127,100184,2025-02-23,16:00:00,Interest Credit,IVR,60896.55,NPR,578275.95,,Quarterly interest credit,False
7003119,100184,2025-02-28,18:00:00,Interest Credit,IVR,47204.55,NPR,625480.5,,Quarterly interest credit,False
7003120,100184,2025-06-19,20:00:00,Withdrawal,POS,53202.07,NPR,572278.43,Self,ATM cash withdrawal,False
7003115,100184,2025-06-28,12:00:00,Deposit,ATM,90208.3,NPR,662486.73,Self,Cash deposit at branch counter,True
7003126,100184,2026-03-01,19:00:00,Deposit,ATM,40081.78,NPR,702568.51,Self,Cash deposit at branch counter,False
7003118,100184,2026-03-25,20:30:00,Fee,Internet Banking,1197.93,NPR,701370.58,,Monthly account maintenance fee,False
7003114,100184,2026-06-01,19:15:00,Withdrawal,Mobile App,2261.12,NPR,699109.46,Self,ATM cash withdrawal,False
7003125,100184,2026-07-10,20:00:00,POS Purchase,IVR,11867.81,NPR,687241.65,Foodmandu,Point-of-sale card purchase,False
7003124,100184,2026-08-23,10:45:00,POS Purchase,Internet Banking,10153.38,NPR,677088.27,IME Remit,Point-of-sale card purchase,False
7003130,100185,2024-07-20,09:45:00,Fee,POS,1193.18,NPR,-1193.18,,Monthly account maintenance fee,False
7003129,100185,2026-07-14,18:15:00,Fee,Branch,687.21,NPR,-1880.39,,Monthly account maintenance fee,False
7003139,100186,2025-11-08,22:15:00,Loan EMI,Internet Banking,35132.88,NPR,449890.83,,Loan EMI auto-debit,False
7003134,100186,2025-11-09,07:45:00,Withdrawal,IVR,35491.75,NPR,414399.08,Self,ATM cash withdrawal,False
7003135,100186,2026-01-18,09:45:00,Interest Credit,ATM,69526.87,NPR,483925.95,,Quarterly interest credit,False
7003131,100186,2026-01-27,20:45:00,Transfer In,IVR,41415.2,NPR,525341.15,,Incoming fund transfer,False
7003140,100186,2026-02-05,06:45:00,Fee,Internet Banking,805.1,NPR,524536.05,,Monthly account maintenance fee,False
7003137,100186,2026-02-11,07:30:00,Transfer In,IVR,71800.78,NPR,596336.83,,Incoming fund transfer,False
7003141,100186,2026-04-09,09:15:00,Fee,Branch,1332.67,NPR,595004.16,,Monthly account maintenance fee,False
7003143,100186,2026-04-10,13:30:00,Deposit,Branch,67597.28,NPR,662601.44,Self,Cash deposit at branch counter,False
7003142,100186,2026-05-04,15:15:00,Interest Credit,POS,20298.53,NPR,682899.97,,Quarterly interest credit,False
7003144,100186,2026-05-21,15:30:00,Transfer Out,POS,40096.15,NPR,642803.82,,Outgoing fund transfer,False
7003132,100186,2026-06-25,08:15:00,Withdrawal,IVR,12737.53,NPR,630066.29,Self,ATM cash withdrawal,False
7003133,100186,2026-07-04,14:30:00,Interest Credit,POS,38557.14,NPR,668623.43,,Quarterly interest credit,False
7003136,100186,2026-07-26,22:45:00,Interest Credit,IVR,19345.36,NPR,687968.79,,Quarterly interest credit,False
7003138,100186,2026-08-24,11:15:00,Loan EMI,Internet Banking,24395.07,NPR,663573.72,,Loan EMI auto-debit,False
7003154,100187,2026-06-12,20:30:00,Transfer Out,ATM,27289.54,NPR,138756.82,,Outgoing fund transfer,False
7003155,100187,2026-06-16,16:15:00,Loan EMI,Internet Banking,24536.79,NPR,114220.03,,Loan EMI auto-debit,False
7003161,100187,2026-06-22,19:00:00,Transfer Out,POS,61077.74,NPR,53142.29,,Outgoing fund transfer,False
7003157,100187,2026-07-09,14:00:00,Transfer Out,Branch,5078.5,NPR,48063.79,,Outgoing fund transfer,False
7003148,100187,2026-07-10,14:15:00,Transfer In,Branch,60290.63,NPR,108354.42,,Incoming fund transfer,False
7003150,100187,2026-07-21,21:30:00,Transfer Out,POS,57682.65,NPR,50671.77,,Outgoing fund transfer,False
7003153,100187,2026-07-21,15:00:00,Fee,Branch,683.5,NPR,49988.27,,Monthly account maintenance fee,False
7003156,100187,2026-07-23,13:15:00,Loan EMI,Internet Banking,38219.14,NPR,11769.13,,Loan EMI auto-debit,False
7003162,100187,2026-07-23,18:00:00,Interest Credit,Internet Banking,79825.44,NPR,91594.57,,Quarterly interest credit,False
7003145,100187,2026-07-26,19:15:00,Interest Credit,Mobile App,77209.42,NPR,168803.99,,Quarterly interest credit,False
7003164,100187,2026-07-30,07:30:00,POS Purchase,IVR,8421.2,NPR,160382.79,IME Remit,Point-of-sale card purchase,False
7003159,100187,2026-08-02,06:00:00,Transfer In,ATM,22397.33,NPR,182780.12,,Incoming fund transfer,False
7003152,100187,2026-08-06,12:30:00,POS Purchase,Branch,3149.52,NPR,179630.6,Amazon,Point-of-sale card purchase,False
7003158,100187,2026-08-09,22:45:00,Loan EMI,Internet Banking,18808.66,NPR,160821.94,,Loan EMI auto-debit,False
7003147,100187,2026-08-13,12:30:00,Loan EMI,Internet Banking,22777.6,NPR,138044.34,,Loan EMI auto-debit,False
7003151,100187,2026-08-15,11:45:00,Deposit,Internet Banking,47285.39,NPR,185329.73,Self,Cash deposit at branch counter,False
7003149,100187,2026-08-25,10:15:00,Withdrawal,Mobile App,34442.34,NPR,150887.39,Self,ATM cash withdrawal,False
7003146,100187,2026-08-29,20:45:00,Withdrawal,Internet Banking,47980.03,NPR,102907.36,Self,ATM cash withdrawal,False
7003160,100187,2026-08-29,08:45:00,Withdrawal,Mobile App,5992.53,NPR,96914.83,Self,ATM cash withdrawal,False
7003163,100187,2026-08-29,16:00:00,Interest Credit,POS,58233.2,NPR,155148.03,,Quarterly interest credit,False
7003165,100188,2024-02-24,17:30:00,Loan EMI,Internet Banking,33585.62,NPR,204016.6,,Loan EMI auto-debit,False
7003169,100188,2024-03-08,16:30:00,Transfer In,IVR,86596.82,NPR,290613.42,,Incoming fund transfer,True
7003172,100188,2024-04-11,14:00:00,Loan EMI,Internet Banking,20577.18,NPR,270036.24,,Loan EMI auto-debit,False
7003170,100188,2024-10-22,10:15:00,Transfer Out,IVR,27062.41,NPR,242973.83,,Outgoing fund transfer,False
7003166,100188,2024-11-10,14:15:00,Fee,POS,780,NPR,242193.83,,Monthly account maintenance fee,False
7003173,100188,2024-12-14,16:30:00,Transfer In,IVR,31858.21,NPR,274052.04,,Incoming fund transfer,False
7003167,100188,2025-04-12,07:15:00,Withdrawal,POS,28252.56,NPR,245799.48,Self,ATM cash withdrawal,False
7003168,100188,2025-07-27,19:45:00,Interest Credit,POS,17051.9,NPR,262851.38,,Quarterly interest credit,False
7003171,100188,2026-04-02,17:00:00,Withdrawal,ATM,45304.59,NPR,217546.79,Self,ATM cash withdrawal,False
7003188,100189,2025-07-25,14:00:00,Withdrawal,ATM,29465.29,NPR,217820.71,Self,ATM cash withdrawal,False
7003192,100189,2025-07-31,12:00:00,Fee,POS,106.04,NPR,217714.67,,Monthly account maintenance fee,False
7003175,100189,2025-08-06,12:15:00,Deposit,POS,94394.67,NPR,312109.34,Self,Cash deposit at branch counter,True
7003193,100189,2025-08-09,17:00:00,Transfer In,IVR,75815.33,NPR,387924.67,,Incoming fund transfer,False
7003191,100189,2025-08-16,08:00:00,Interest Credit,Mobile App,14902.8,NPR,402827.47,,Quarterly interest credit,False
7003190,100189,2025-08-22,18:00:00,Interest Credit,Internet Banking,29434.72,NPR,432262.19,,Quarterly interest credit,False
7003179,100189,2025-10-21,21:15:00,Fee,POS,955.81,NPR,431306.38,,Monthly account maintenance fee,False
7003189,100189,2025-10-28,17:45:00,Transfer Out,ATM,5395.65,NPR,425910.73,,Outgoing fund transfer,False
7003183,100189,2025-12-05,14:30:00,Loan EMI,Internet Banking,22242.95,NPR,403667.78,,Loan EMI auto-debit,False
7003182,100189,2025-12-08,09:45:00,Loan EMI,Internet Banking,9761.47,NPR,393906.31,,Loan EMI auto-debit,False
7003187,100189,2025-12-29,13:15:00,Transfer Out,Branch,56255.52,NPR,337650.79,,Outgoing fund transfer,False
7003181,100189,2026-01-09,06:30:00,Deposit,Mobile App,73463,NPR,411113.79,Self,Cash deposit at branch counter,False
7003176,100189,2026-02-08,16:00:00,Loan EMI,Internet Banking,24761.23,NPR,386352.56,,Loan EMI auto-debit,False
7003174,100189,2026-02-19,12:15:00,Deposit,Mobile App,29000.83,NPR,415353.39,Self,Cash deposit at branch counter,False
7003178,100189,2026-04-19,16:45:00,Transfer Out,POS,60962.41,NPR,354390.98,,Outgoing fund transfer,False
7003180,100189,2026-04-25,22:15:00,Interest Credit,Mobile App,7299.54,NPR,361690.52,,Quarterly interest credit,False
7003186,100189,2026-05-03,06:45:00,Interest Credit,Internet Banking,91631.44,NPR,453321.96,,Quarterly interest credit,False
7003184,100189,2026-05-10,19:15:00,Fee,IVR,562.78,NPR,452759.18,,Monthly account maintenance fee,False
7003194,100189,2026-05-21,06:00:00,POS Purchase,POS,3926.15,NPR,448833.03,Daraz,Point-of-sale card purchase,False
7003185,100189,2026-06-26,20:30:00,Loan EMI,Internet Banking,25394.73,NPR,423438.3,,Loan EMI auto-debit,False
7003177,100189,2026-07-23,17:30:00,Transfer In,Internet Banking,28296.08,NPR,451734.38,,Incoming fund transfer,False
7003196,100190,2024-10-06,21:45:00,Interest Credit,Branch,64076.89,NPR,363506.22,,Quarterly interest credit,False
7003199,100190,2025-01-04,16:30:00,Deposit,POS,60849.32,NPR,424355.54,Self,Cash deposit at branch counter,False
7003200,100190,2025-06-29,17:30:00,Deposit,Branch,61659.62,NPR,486015.16,Self,Cash deposit at branch counter,False
7003198,100190,2025-07-17,16:45:00,Withdrawal,Mobile App,29570.76,NPR,456444.4,Self,ATM cash withdrawal,False
7003202,100190,2025-09-28,15:30:00,Transfer In,IVR,43371.02,NPR,499815.42,,Incoming fund transfer,False
7003197,100190,2025-10-13,20:00:00,Transfer In,ATM,71263.37,NPR,571078.79,,Incoming fund transfer,False
7003195,100190,2025-11-02,11:30:00,POS Purchase,Internet Banking,3076.58,NPR,568002.21,NEA Bill Pay,Point-of-sale card purchase,False
7003203,100190,2025-11-30,10:00:00,Withdrawal,ATM,3675.82,NPR,564326.39,Self,ATM cash withdrawal,False
7003201,100190,2026-04-30,14:00:00,Withdrawal,Internet Banking,47049.66,NPR,517276.73,Self,ATM cash withdrawal,False
7003215,100191,2024-07-26,06:45:00,Deposit,ATM,13947.11,NPR,57584.58,Self,Cash deposit at branch counter,False
7003212,100191,2024-08-09,13:00:00,Fee,ATM,486.27,NPR,57098.31,,Monthly account maintenance fee,False
7003213,100191,2024-09-12,07:00:00,Fee,POS,756.06,NPR,56342.25,,Monthly account maintenance fee,False
7003211,100191,2025-01-12,17:00:00,Withdrawal,Internet Banking,33036.71,NPR,23305.54,Self,ATM cash withdrawal,False
7003210,100191,2025-02-13,09:45:00,Transfer In,IVR,88223.11,NPR,111528.65,,Incoming fund transfer,True
7003207,100191,2025-05-11,10:30:00,Fee,Internet Banking,970.51,NPR,110558.14,,Monthly account maintenance fee,False
7003216,100191,2025-07-16,21:00:00,Deposit,IVR,35645.15,NPR,146203.29,Self,Cash deposit at branch counter,False
7003206,100191,2025-09-27,11:30:00,Interest Credit,Mobile App,36423.78,NPR,182627.07,,Quarterly interest credit,False
7003209,100191,2025-10-10,15:45:00,Transfer In,ATM,42109.79,NPR,224736.86,,Incoming fund transfer,False
7003208,100191,2025-11-25,22:45:00,Fee,Mobile App,666.39,NPR,224070.47,,Monthly account maintenance fee,False
7003205,100191,2025-12-02,14:30:00,Transfer In,Branch,77661.03,NPR,301731.5,,Incoming fund transfer,False
7003204,100191,2026-01-20,22:30:00,Deposit,Branch,543.77,NPR,302275.27,Self,Cash deposit at branch counter,False
7003214,100191,2026-05-09,22:00:00,Loan EMI,Internet Banking,40277.23,NPR,261998.04,,Loan EMI auto-debit,False
7003232,100192,2024-03-08,16:00:00,Transfer In,Internet Banking,41504.99,NPR,563844.66,,Incoming fund transfer,False
7003222,100192,2024-03-10,09:00:00,Deposit,ATM,29531.95,NPR,593376.61,Self,Cash deposit at branch counter,False
7003245,100192,2024-05-01,14:30:00,POS Purchase,IVR,1082.76,NPR,592293.85,IME Remit,Point-of-sale card purchase,False
7003242,100192,2024-05-13,20:15:00,Deposit,Mobile App,30049.52,NPR,622343.37,Self,Cash deposit at branch counter,False
7003225,100192,2024-06-13,08:15:00,POS Purchase,Internet Banking,11976.96,NPR,610366.41,Amazon,Point-of-sale card purchase,False
7003243,100192,2024-07-29,15:30:00,Withdrawal,POS,53759.62,NPR,556606.79,Self,ATM cash withdrawal,False
7003239,100192,2024-08-16,18:30:00,Transfer In,Branch,22956.87,NPR,579563.66,,Incoming fund transfer,False
7003233,100192,2024-09-13,18:00:00,Deposit,Branch,39507.03,NPR,619070.69,Self,Cash deposit at branch counter,False
7003229,100192,2024-09-14,22:45:00,Interest Credit,IVR,69451.09,NPR,688521.78,,Quarterly interest credit,False
7003236,100192,2024-11-06,09:15:00,Transfer In,Internet Banking,68113.43,NPR,756635.21,,Incoming fund transfer,False
7003221,100192,2024-12-10,12:15:00,Deposit,IVR,82282.44,NPR,838917.65,Self,Cash deposit at branch counter,True
7003235,100192,2025-01-06,09:00:00,Deposit,Mobile App,20709.71,NPR,859627.36,Self,Cash deposit at branch counter,False
7003223,100192,2025-01-14,18:00:00,Interest Credit,IVR,78277.08,NPR,937904.44,,Quarterly interest credit,False
7003246,100192,2025-04-01,17:30:00,Transfer In,Mobile App,8373.87,NPR,946278.31,,Incoming fund transfer,False
7003228,100192,2025-04-25,13:30:00,POS Purchase,Branch,5411.39,NPR,940866.92,Local ATM Withdrawal,Point-of-sale card purchase,False
7003218,100192,2025-04-30,10:00:00,Transfer In,Internet Banking,19043.51,NPR,959910.43,,Incoming fund transfer,False
7003220,100192,2025-05-24,20:45:00,Transfer In,IVR,42864.46,NPR,1002774.89,,Incoming fund transfer,False
7003244,100192,2025-06-13,16:45:00,Loan EMI,Internet Banking,11859.04,NPR,990915.85,,Loan EMI auto-debit,False
7003219,100192,2025-06-18,07:45:00,POS Purchase,Mobile App,2835.24,NPR,988080.61,NEA Bill Pay,Point-of-sale card purchase,False
7003230,100192,2025-07-12,07:30:00,Transfer In,Internet Banking,25405.59,NPR,1013486.2,,Incoming fund transfer,False
7003241,100192,2025-08-22,06:30:00,Fee,Mobile App,816.96,NPR,1012669.24,,Monthly account maintenance fee,False
7003234,100192,2025-09-23,08:15:00,Fee,Mobile App,370.46,NPR,1012298.78,,Monthly account maintenance fee,False
7003227,100192,2025-10-26,18:30:00,Loan EMI,Internet Banking,33159.69,NPR,979139.09,,Loan EMI auto-debit,False
7003240,100192,2026-01-21,10:00:00,Loan EMI,Internet Banking,34685.86,NPR,944453.23,,Loan EMI auto-debit,False
7003226,100192,2026-01-25,14:45:00,Withdrawal,IVR,45561.6,NPR,898891.63,Self,ATM cash withdrawal,False
7003231,100192,2026-02-06,15:00:00,Fee,Internet Banking,1110.39,NPR,897781.24,,Monthly account maintenance fee,False
7003237,100192,2026-04-03,15:45:00,Withdrawal,POS,25253.42,NPR,872527.82,Self,ATM cash withdrawal,False
7003238,100192,2026-04-28,17:30:00,Withdrawal,POS,26092.76,NPR,846435.06,Self,ATM cash withdrawal,False
7003224,100192,2026-05-30,10:15:00,POS Purchase,Mobile App,8988.48,NPR,837446.58,Foodmandu,Point-of-sale card purchase,False
7003217,100192,2026-08-01,18:00:00,Fee,Internet Banking,750.24,NPR,836696.34,,Monthly account maintenance fee,False
7003255,100193,2026-05-26,14:45:00,Loan EMI,Internet Banking,16617.05,NPR,715059.2,,Loan EMI auto-debit,False
7003256,100193,2026-05-27,16:15:00,Deposit,Internet Banking,64951.67,NPR,780010.87,Self,Cash deposit at branch counter,False
7003252,100193,2026-06-02,11:45:00,Transfer In,ATM,74476.11,NPR,854486.98,,Incoming fund transfer,False
7003253,100193,2026-06-05,19:30:00,Transfer In,Branch,25151.97,NPR,879638.95,,Incoming fund transfer,False
7003263,100193,2026-06-06,21:30:00,Transfer Out,ATM,2969.81,NPR,876669.14,,Outgoing fund transfer,False
7003262,100193,2026-06-23,21:15:00,Withdrawal,Mobile App,25430.83,NPR,851238.31,Self,ATM cash withdrawal,False
7003248,100193,2026-06-25,12:00:00,POS Purchase,POS,5547.43,NPR,845690.88,Salary Employer Pvt Ltd,Point-of-sale card purchase,False
7003257,100193,2026-06-25,20:30:00,Withdrawal,IVR,26091.49,NPR,819599.39,Self,ATM cash withdrawal,False
7003260,100193,2026-06-25,20:45:00,Transfer In,ATM,68946.82,NPR,888546.21,,Incoming fund transfer,False
7003247,100193,2026-06-27,18:45:00,POS Purchase,Internet Banking,10321.36,NPR,878224.85,NEA Bill Pay,Point-of-sale card purchase,False
7003258,100193,2026-06-30,14:45:00,Fee,Internet Banking,254.7,NPR,877970.15,,Monthly account maintenance fee,False
7003261,100193,2026-07-04,16:30:00,Withdrawal,Mobile App,34544.2,NPR,843425.95,Self,ATM cash withdrawal,False
7003251,100193,2026-07-05,14:45:00,Withdrawal,POS,8050.49,NPR,835375.46,Self,ATM cash withdrawal,False
7003254,100193,2026-07-26,08:45:00,Deposit,ATM,61553.93,NPR,896929.39,Self,Cash deposit at branch counter,False
7003249,100193,2026-07-28,10:15:00,Transfer In,ATM,81567.46,NPR,978496.85,,Incoming fund transfer,True
7003250,100193,2026-08-24,15:15:00,Transfer In,IVR,71925.63,NPR,1050422.48,,Incoming fund transfer,False
7003259,100193,2026-08-27,21:00:00,Deposit,Mobile App,4163.19,NPR,1054585.67,Self,Cash deposit at branch counter,False
7003276,100194,2024-02-21,08:30:00,Transfer In,Internet Banking,65801.16,NPR,180424.71,,Incoming fund transfer,False
7003270,100194,2024-03-30,21:45:00,Deposit,Mobile App,82869.82,NPR,263294.53,Self,Cash deposit at branch counter,False
7003265,100194,2024-04-26,06:30:00,POS Purchase,ATM,7277.83,NPR,256016.7,Amazon,Point-of-sale card purchase,False
7003264,100194,2024-07-10,22:00:00,POS Purchase,Internet Banking,4713.15,NPR,251303.55,IME Remit,Point-of-sale card purchase,False
7003268,100194,2024-08-31,19:00:00,Interest Credit,ATM,24952.46,NPR,276256.01,,Quarterly interest credit,False
7003273,100194,2024-10-03,09:45:00,Transfer In,IVR,5725.54,NPR,281981.55,,Incoming fund transfer,False
7003267,100194,2024-11-15,12:30:00,Transfer In,Internet Banking,20596.98,NPR,302578.53,,Incoming fund transfer,False
7003275,100194,2025-03-15,16:30:00,Transfer Out,POS,12490.33,NPR,290088.2,,Outgoing fund transfer,False
7003272,100194,2025-04-24,21:00:00,Withdrawal,IVR,24063.73,NPR,266024.47,Self,ATM cash withdrawal,False
7003277,100194,2025-06-27,06:30:00,Interest Credit,Internet Banking,8527.34,NPR,274551.81,,Quarterly interest credit,False
7003269,100194,2025-12-20,22:00:00,Transfer In,Branch,31961.36,NPR,306513.17,,Incoming fund transfer,False
7003279,100194,2026-01-10,09:00:00,POS Purchase,ATM,2521.06,NPR,303992.11,NTC Recharge,Point-of-sale card purchase,False
7003266,100194,2026-03-22,08:30:00,Interest Credit,POS,49507.77,NPR,353499.88,,Quarterly interest credit,False
7003278,100194,2026-06-12,22:00:00,POS Purchase,POS,10485.57,NPR,343014.31,Amazon,Point-of-sale card purchase,False
7003271,100194,2026-06-24,11:45:00,Withdrawal,IVR,15700.06,NPR,327314.25,Self,ATM cash withdrawal,False
7003274,100194,2026-07-09,14:45:00,Loan EMI,Internet Banking,29077.33,NPR,298236.92,,Loan EMI auto-debit,False
7003284,100195,2024-02-16,09:45:00,Interest Credit,Branch,45874.88,NPR,123683.83,,Quarterly interest credit,False
7003289,100195,2024-03-04,09:00:00,Fee,Mobile App,975.53,NPR,122708.3,,Monthly account maintenance fee,False
7003287,100195,2024-03-22,06:30:00,Transfer Out,IVR,15067.52,NPR,107640.78,,Outgoing fund transfer,False
7003290,100195,2024-04-26,17:00:00,Deposit,Internet Banking,26838.18,NPR,134478.96,Self,Cash deposit at branch counter,False
7003301,100195,2024-05-01,16:15:00,Interest Credit,ATM,15592.17,NPR,150071.13,,Quarterly interest credit,False
7003291,100195,2024-06-11,19:45:00,Loan EMI,Internet Banking,38649.65,NPR,111421.48,,Loan EMI auto-debit,False
7003293,100195,2024-09-09,17:45:00,Loan EMI,Internet Banking,3631.45,NPR,107790.03,,Loan EMI auto-debit,False
7003297,100195,2024-09-20,12:15:00,Deposit,Mobile App,22610.61,NPR,130400.64,Self,Cash deposit at branch counter,False
7003296,100195,2024-10-19,17:00:00,Transfer Out,Branch,13221.43,NPR,117179.21,,Outgoing fund transfer,False
7003305,100195,2024-12-26,22:15:00,Interest Credit,IVR,20159.32,NPR,137338.53,,Quarterly interest credit,False
7003300,100195,2024-12-29,17:30:00,Deposit,Branch,85334.92,NPR,222673.45,Self,Cash deposit at branch counter,False
7003285,100195,2024-12-31,08:30:00,POS Purchase,IVR,6136.86,NPR,216536.59,Self,Point-of-sale card purchase,False
7003298,100195,2025-01-06,21:45:00,Fee,Internet Banking,611.83,NPR,215924.76,,Monthly account maintenance fee,False
7003299,100195,2025-01-13,20:45:00,Loan EMI,Internet Banking,37909.74,NPR,178015.02,,Loan EMI auto-debit,False
7003292,100195,2025-03-09,21:15:00,Withdrawal,Branch,31383.3,NPR,146631.72,Self,ATM cash withdrawal,False
7003283,100195,2025-03-17,15:15:00,Loan EMI,Internet Banking,10071.1,NPR,136560.62,,Loan EMI auto-debit,False
7003304,100195,2025-04-14,11:30:00,Withdrawal,Internet Banking,52607.68,NPR,83952.94,Self,ATM cash withdrawal,False
7003306,100195,2025-07-23,13:45:00,Transfer Out,Internet Banking,48944.95,NPR,35007.99,,Outgoing fund transfer,False
7003307,100195,2025-09-12,19:15:00,Transfer Out,Internet Banking,3394.84,NPR,31613.15,,Outgoing fund transfer,False
7003286,100195,2025-11-01,16:45:00,Loan EMI,Internet Banking,17889.55,NPR,13723.6,,Loan EMI auto-debit,False
7003302,100195,2025-12-27,19:45:00,Fee,POS,1100.13,NPR,12623.47,,Monthly account maintenance fee,False
7003280,100195,2026-04-16,10:15:00,Transfer Out,Mobile App,25220.96,NPR,-12597.49,,Outgoing fund transfer,False
7003282,100195,2026-05-20,18:00:00,POS Purchase,Internet Banking,8183.42,NPR,-20780.91,Foodmandu,Point-of-sale card purchase,False
7003295,100195,2026-07-03,22:15:00,Fee,ATM,446.19,NPR,-21227.1,,Monthly account maintenance fee,False
7003294,100195,2026-07-14,13:15:00,Deposit,POS,61671.01,NPR,40443.91,Self,Cash deposit at branch counter,False
7003303,100195,2026-07-30,16:00:00,Interest Credit,Internet Banking,15805.26,NPR,56249.17,,Quarterly interest credit,False
7003281,100195,2026-08-16,19:45:00,Transfer Out,Branch,31848.28,NPR,24400.89,,Outgoing fund transfer,False
7003288,100195,2026-08-16,06:45:00,Transfer Out,POS,64914.07,NPR,-40513.18,,Outgoing fund transfer,False
7003312,100196,2024-02-21,21:45:00,POS Purchase,IVR,788.79,NPR,246315.54,Daraz,Point-of-sale card purchase,False
7003309,100196,2024-03-16,12:15:00,Withdrawal,Internet Banking,45720.92,NPR,200594.62,Self,ATM cash withdrawal,False
7003335,100196,2024-04-04,12:30:00,Transfer Out,ATM,64692.85,NPR,135901.77,,Outgoing fund transfer,False
7003314,100196,2024-04-18,10:45:00,Interest Credit,Branch,59669.41,NPR,195571.18,,Quarterly interest credit,False
7003322,100196,2024-06-18,07:30:00,Transfer In,Internet Banking,51990.05,NPR,247561.23,,Incoming fund transfer,False
7003330,100196,2024-07-01,10:15:00,POS Purchase,POS,5525.75,NPR,242035.48,NTC Recharge,Point-of-sale card purchase,False
7003315,100196,2024-07-20,10:00:00,Transfer Out,ATM,5367.38,NPR,236668.1,,Outgoing fund transfer,False
7003325,100196,2024-08-07,12:00:00,Loan EMI,Internet Banking,44447.26,NPR,192220.84,,Loan EMI auto-debit,False
7003329,100196,2024-08-22,15:00:00,Loan EMI,Internet Banking,17300.36,NPR,174920.48,,Loan EMI auto-debit,False
7003334,100196,2024-12-05,12:45:00,Deposit,POS,26733.56,NPR,201654.04,Self,Cash deposit at branch counter,False
7003327,100196,2025-01-10,16:15:00,Withdrawal,Mobile App,6429.24,NPR,195224.8,Self,ATM cash withdrawal,False
7003318,100196,2025-01-11,20:00:00,Transfer Out,ATM,55612.27,NPR,139612.53,,Outgoing fund transfer,False
7003319,100196,2025-01-24,18:30:00,Transfer In,IVR,83116.97,NPR,222729.5,,Incoming fund transfer,False
7003333,100196,2025-03-24,07:15:00,Transfer Out,ATM,34778.29,NPR,187951.21,,Outgoing fund transfer,False
7003324,100196,2025-06-15,06:45:00,Transfer Out,ATM,49826.56,NPR,138124.65,,Outgoing fund transfer,False
7003313,100196,2025-06-22,20:15:00,Loan EMI,Internet Banking,15383.24,NPR,122741.41,,Loan EMI auto-debit,False
7003317,100196,2025-07-19,20:45:00,Interest Credit,Branch,56592.08,NPR,179333.49,,Quarterly interest credit,False
7003326,100196,2025-07-30,18:30:00,Transfer Out,Mobile App,52479.02,NPR,126854.47,,Outgoing fund transfer,False
7003308,100196,2025-08-05,10:00:00,Withdrawal,Mobile App,20221.41,NPR,106633.06,Self,ATM cash withdrawal,False
7003331,100196,2025-10-11,08:00:00,Interest Credit,IVR,80860.58,NPR,187493.64,,Quarterly interest credit,False
7003332,100196,2025-12-24,11:15:00,Deposit,Branch,27737.27,NPR,215230.91,Self,Cash deposit at branch counter,False
7003320,100196,2025-12-31,20:30:00,Transfer In,Internet Banking,38014.74,NPR,253245.65,,Incoming fund transfer,False
7003310,100196,2026-02-19,06:15:00,Fee,Internet Banking,426.61,NPR,252819.04,,Monthly account maintenance fee,False
7003323,100196,2026-04-16,21:30:00,Interest Credit,Internet Banking,60728.22,NPR,313547.26,,Quarterly interest credit,False
7003311,100196,2026-04-19,10:30:00,Transfer Out,POS,31443.79,NPR,282103.47,,Outgoing fund transfer,False
7003328,100196,2026-05-14,10:45:00,Deposit,Internet Banking,62945.43,NPR,345048.9,Self,Cash deposit at branch counter,False
7003316,100196,2026-07-26,20:30:00,Withdrawal,POS,54465.47,NPR,290583.43,Self,ATM cash withdrawal,False
7003321,100196,2026-08-07,14:15:00,Transfer Out,ATM,31148.93,NPR,259434.5,,Outgoing fund transfer,False
7003336,100197,2025-01-31,15:00:00,Transfer Out,ATM,14142.31,NPR,-14142.31,,Outgoing fund transfer,False
7003338,100197,2025-04-17,11:45:00,Loan EMI,Internet Banking,12608.68,NPR,-26750.99,,Loan EMI auto-debit,False
7003339,100197,2025-05-07,11:15:00,Withdrawal,Mobile App,42279.05,NPR,-69030.04,Self,ATM cash withdrawal,False
7003340,100197,2026-04-07,09:00:00,Loan EMI,Internet Banking,18170.82,NPR,-87200.86,,Loan EMI auto-debit,False
7003337,100197,2026-06-10,09:15:00,Transfer Out,ATM,55946.63,NPR,-143147.49,,Outgoing fund transfer,False
7003345,100198,2026-05-29,12:15:00,Transfer In,IVR,92048.45,NPR,191107.37,,Incoming fund transfer,True
7003352,100198,2026-06-07,14:45:00,Interest Credit,Internet Banking,66592.82,NPR,257700.19,,Quarterly interest credit,False
7003349,100198,2026-07-01,21:15:00,Withdrawal,IVR,23918.4,NPR,233781.79,Self,ATM cash withdrawal,False
7003351,100198,2026-07-05,20:00:00,Interest Credit,Branch,48400.14,NPR,282181.93,,Quarterly interest credit,False
7003343,100198,2026-07-10,11:30:00,Transfer In,Internet Banking,26573.8,NPR,308755.73,,Incoming fund transfer,False
7003341,100198,2026-07-15,06:15:00,Deposit,POS,23813.11,NPR,332568.84,Self,Cash deposit at branch counter,False
7003344,100198,2026-07-23,09:45:00,Deposit,Mobile App,12051.05,NPR,344619.89,Self,Cash deposit at branch counter,False
7003342,100198,2026-08-02,21:45:00,Transfer In,Branch,67342.97,NPR,411962.86,,Incoming fund transfer,False
7003346,100198,2026-08-03,22:15:00,Interest Credit,Mobile App,36963.93,NPR,448926.79,,Quarterly interest credit,False
7003350,100198,2026-08-18,20:30:00,Fee,Branch,1486.23,NPR,447440.56,,Monthly account maintenance fee,False
7003348,100198,2026-08-23,13:30:00,Deposit,POS,30509.48,NPR,477950.04,Self,Cash deposit at branch counter,False
7003347,100198,2026-08-27,11:00:00,Interest Credit,IVR,46720.78,NPR,524670.82,,Quarterly interest credit,False
7003364,100199,2024-02-24,09:15:00,Transfer In,Mobile App,34402.27,NPR,311160.61,,Incoming fund transfer,False
7003354,100199,2024-06-19,10:30:00,Deposit,Mobile App,64479.72,NPR,375640.33,Self,Cash deposit at branch counter,False
7003353,100199,2024-08-29,06:45:00,Withdrawal,IVR,60114.17,NPR,315526.16,Self,ATM cash withdrawal,False
7003355,100199,2024-09-21,14:45:00,Loan EMI,Internet Banking,20283.83,NPR,295242.33,,Loan EMI auto-debit,False
7003365,100199,2025-01-13,10:30:00,Interest Credit,IVR,36319.31,NPR,331561.64,,Quarterly interest credit,False
7003356,100199,2025-02-07,06:30:00,POS Purchase,POS,2400.06,NPR,329161.58,eSewa,Point-of-sale card purchase,False
7003357,100199,2025-03-21,14:15:00,Loan EMI,Internet Banking,43977.05,NPR,285184.53,,Loan EMI auto-debit,False
7003361,100199,2025-06-13,14:30:00,Loan EMI,Internet Banking,31984.86,NPR,253199.67,,Loan EMI auto-debit,False
7003366,100199,2025-07-30,13:00:00,Interest Credit,IVR,88523.15,NPR,341722.82,,Quarterly interest credit,True
7003368,100199,2025-09-16,08:00:00,Transfer In,Internet Banking,33315.88,NPR,375038.7,,Incoming fund transfer,False
7003360,100199,2025-10-13,08:30:00,Loan EMI,Internet Banking,15498.34,NPR,359540.36,,Loan EMI auto-debit,False
7003358,100199,2025-10-21,16:15:00,POS Purchase,IVR,8717.8,NPR,350822.56,eSewa,Point-of-sale card purchase,False
7003362,100199,2025-10-21,07:00:00,Transfer Out,Internet Banking,46596.07,NPR,304226.49,,Outgoing fund transfer,False
7003367,100199,2025-12-01,14:45:00,Fee,POS,1278.52,NPR,302947.97,,Monthly account maintenance fee,False
7003359,100199,2025-12-02,16:30:00,Transfer In,Mobile App,15290.96,NPR,318238.93,,Incoming fund transfer,False
7003363,100199,2026-03-15,10:45:00,Deposit,Branch,30938.37,NPR,349177.3,Self,Cash deposit at branch counter,False
7003369,100200,2024-01-13,18:45:00,POS Purchase,Branch,3218.35,NPR,707695.47,Khalti,Point-of-sale card purchase,False
7003376,100200,2024-02-06,20:15:00,POS Purchase,ATM,1543.24,NPR,706152.23,Khalti,Point-of-sale card purchase,False
7003378,100200,2024-02-21,06:30:00,Withdrawal,ATM,24576.74,NPR,681575.49,Self,ATM cash withdrawal,False
7003383,100200,2024-03-18,19:15:00,Deposit,IVR,37027.63,NPR,718603.12,Self,Cash deposit at branch counter,False
7003396,100200,2024-05-31,13:15:00,Withdrawal,Internet Banking,51554.61,NPR,667048.51,Self,ATM cash withdrawal,False
7003374,100200,2024-06-12,15:30:00,Fee,Internet Banking,1338.37,NPR,665710.14,,Monthly account maintenance fee,False
7003393,100200,2024-07-14,14:15:00,Loan EMI,Internet Banking,3657.69,NPR,662052.45,,Loan EMI auto-debit,False
7003392,100200,2024-07-21,21:30:00,Withdrawal,Mobile App,35387.74,NPR,626664.71,Self,ATM cash withdrawal,False
7003372,100200,2024-07-23,15:00:00,Deposit,Internet Banking,73149.7,NPR,699814.41,Self,Cash deposit at branch counter,False
7003389,100200,2024-08-21,20:15:00,Fee,POS,661.69,NPR,699152.72,,Monthly account maintenance fee,False
7003394,100200,2024-08-28,07:00:00,Deposit,Branch,26084.43,NPR,725237.15,Self,Cash deposit at branch counter,False
7003379,100200,2024-09-19,17:00:00,Interest Credit,Mobile App,66447.02,NPR,791684.17,,Quarterly interest credit,False
7003387,100200,2024-11-02,14:00:00,Loan EMI,Internet Banking,17282.54,NPR,774401.63,,Loan EMI auto-debit,False
7003375,100200,2024-12-27,13:15:00,POS Purchase,Internet Banking,1414.85,NPR,772986.78,Self,Point-of-sale card purchase,False
7003370,100200,2025-02-04,06:45:00,POS Purchase,Branch,4634.34,NPR,768352.44,NTC Recharge,Point-of-sale card purchase,False
7003391,100200,2025-03-26,15:45:00,POS Purchase,POS,11103.15,NPR,757249.29,NEA Bill Pay,Point-of-sale card purchase,False
7003395,100200,2025-05-02,06:45:00,Withdrawal,POS,648.66,NPR,756600.63,Self,ATM cash withdrawal,False
7003380,100200,2025-05-26,22:30:00,Deposit,Branch,57248.37,NPR,813849,Self,Cash deposit at branch counter,False
7003381,100200,2025-06-16,20:30:00,Transfer In,Branch,76535.28,NPR,890384.28,,Incoming fund transfer,False
7003377,100200,2025-07-11,21:00:00,Loan EMI,Internet Banking,15342.1,NPR,875042.18,,Loan EMI auto-debit,False
7003371,100200,2025-07-15,11:30:00,Interest Credit,POS,13845.42,NPR,888887.6,,Quarterly interest credit,False
7003385,100200,2025-07-22,19:30:00,Transfer In,IVR,57429.64,NPR,946317.24,,Incoming fund transfer,False
7003390,100200,2025-09-20,08:00:00,POS Purchase,Branch,2263.57,NPR,944053.67,Bhat-Bhateni Supermarket,Point-of-sale card purchase,False
7003373,100200,2026-01-01,16:00:00,Interest Credit,Branch,89170.3,NPR,1033223.97,,Quarterly interest credit,False
7003384,100200,2026-01-13,14:30:00,Deposit,Mobile App,20325.08,NPR,1053549.05,Self,Cash deposit at branch counter,False
7003382,100200,2026-02-02,15:45:00,Loan EMI,Internet Banking,35148.57,NPR,1018400.48,,Loan EMI auto-debit,False
7003386,100200,2026-04-26,06:15:00,Loan EMI,Internet Banking,20548.44,NPR,997852.04,,Loan EMI auto-debit,False
7003388,100200,2026-06-13,11:30:00,Transfer Out,POS,63477.76,NPR,934374.28,,Outgoing fund transfer,False
7003413,100201,2024-01-28,07:00:00,Withdrawal,Mobile App,45064.25,NPR,-10995.62,Self,ATM cash withdrawal,False
7003421,100201,2024-02-11,11:45:00,Interest Credit,IVR,34943.76,NPR,23948.14,,Quarterly interest credit,False
7003405,100201,2024-04-02,11:00:00,Fee,Mobile App,601.48,NPR,23346.66,,Monthly account maintenance fee,False
7003416,100201,2024-04-07,08:30:00,POS Purchase,IVR,6990.26,NPR,16356.4,Amazon,Point-of-sale card purchase,False
7003419,100201,2024-04-21,16:15:00,Transfer In,Internet Banking,92951.52,NPR,109307.92,,Incoming fund transfer,True
7003397,100201,2024-05-22,20:15:00,Loan EMI,Internet Banking,40886.72,NPR,68421.2,,Loan EMI auto-debit,False
7003409,100201,2024-07-21,08:00:00,Withdrawal,Branch,14889.41,NPR,53531.79,Self,ATM cash withdrawal,False
7003404,100201,2024-09-10,18:15:00,Loan EMI,Internet Banking,28911.85,NPR,24619.94,,Loan EMI auto-debit,False
7003400,100201,2024-09-21,15:15:00,POS Purchase,Mobile App,9143.15,NPR,15476.79,eSewa,Point-of-sale card purchase,False
7003408,100201,2024-10-09,21:15:00,Transfer Out,Internet Banking,32239.73,NPR,-16762.94,,Outgoing fund transfer,False
7003423,100201,2024-10-15,21:30:00,Deposit,POS,2274.16,NPR,-14488.78,Self,Cash deposit at branch counter,False
7003403,100201,2024-11-21,09:45:00,POS Purchase,Internet Banking,9624,NPR,-24112.78,Foodmandu,Point-of-sale card purchase,False
7003424,100201,2024-12-01,10:15:00,Transfer Out,IVR,12029.98,NPR,-36142.76,,Outgoing fund transfer,False
7003406,100201,2024-12-08,17:30:00,Interest Credit,Mobile App,51620.02,NPR,15477.26,,Quarterly interest credit,False
7003411,100201,2025-01-04,22:00:00,Transfer In,Branch,8319.45,NPR,23796.71,,Incoming fund transfer,False
7003415,100201,2025-01-19,14:30:00,Deposit,ATM,5413.33,NPR,29210.04,Self,Cash deposit at branch counter,False
7003399,100201,2025-02-01,15:15:00,Interest Credit,Branch,74186.03,NPR,103396.07,,Quarterly interest credit,False
7003414,100201,2025-04-11,13:30:00,Interest Credit,POS,91604.14,NPR,195000.21,,Quarterly interest credit,False
7003407,100201,2025-04-18,17:30:00,Fee,Branch,1014.86,NPR,193985.35,,Monthly account maintenance fee,False
7003417,100201,2025-07-29,07:30:00,POS Purchase,IVR,9207.74,NPR,184777.61,Local ATM Withdrawal,Point-of-sale card purchase,False
7003425,100201,2025-07-30,11:30:00,Transfer Out,POS,26411.72,NPR,158365.89,,Outgoing fund transfer,False
7003412,100201,2025-09-24,10:30:00,Interest Credit,Mobile App,38086.44,NPR,196452.33,,Quarterly interest credit,False
7003420,100201,2025-11-08,11:45:00,Interest Credit,Mobile App,49800.45,NPR,246252.78,,Quarterly interest credit,False
7003422,100201,2025-11-19,16:15:00,Deposit,POS,24633.31,NPR,270886.09,Self,Cash deposit at branch counter,False
7003402,100201,2026-03-03,16:15:00,Deposit,ATM,8145.9,NPR,279031.99,Self,Cash deposit at branch counter,False
7003418,100201,2026-06-05,14:45:00,Fee,Mobile App,1076.35,NPR,277955.64,,Monthly account maintenance fee,False
7003401,100201,2026-07-13,12:30:00,Transfer In,IVR,83285.97,NPR,361241.61,,Incoming fund transfer,False
7003410,100201,2026-07-20,12:00:00,Transfer Out,Mobile App,62250.41,NPR,298991.2,,Outgoing fund transfer,False
7003398,100201,2026-07-23,16:45:00,Transfer Out,POS,64317.37,NPR,234673.83,,Outgoing fund transfer,False
7003434,100202,2024-12-14,08:00:00,Fee,Branch,964.07,NPR,834313.23,,Monthly account maintenance fee,False
7003428,100202,2025-01-23,08:00:00,Loan EMI,Internet Banking,38261.77,NPR,796051.46,,Loan EMI auto-debit,False
7003431,100202,2025-05-14,21:15:00,Transfer Out,Mobile App,23825.66,NPR,772225.8,,Outgoing fund transfer,False
7003432,100202,2025-07-02,15:00:00,Fee,IVR,589.47,NPR,771636.33,,Monthly account maintenance fee,False
7003429,100202,2025-09-15,13:15:00,Loan EMI,Internet Banking,23930.75,NPR,747705.58,,Loan EMI auto-debit,False
7003435,100202,2025-10-24,22:00:00,Transfer In,Mobile App,57302.2,NPR,805007.78,,Incoming fund transfer,False
7003426,100202,2025-12-09,13:45:00,Transfer Out,ATM,27701.81,NPR,777305.97,,Outgoing fund transfer,False
7003427,100202,2026-01-17,12:45:00,Interest Credit,IVR,15092.23,NPR,792398.2,,Quarterly interest credit,False
7003430,100202,2026-02-16,20:00:00,Deposit,POS,2616.73,NPR,795014.93,Self,Cash deposit at branch counter,False
7003436,100202,2026-03-12,09:30:00,POS Purchase,Internet Banking,9975.25,NPR,785039.68,NTC Recharge,Point-of-sale card purchase,False
7003433,100202,2026-05-02,18:45:00,Withdrawal,POS,62442.86,NPR,722596.82,Self,ATM cash withdrawal,False
7003441,100203,2024-09-21,12:15:00,Transfer In,Mobile App,71305.69,NPR,798930.1,,Incoming fund transfer,False
7003449,100203,2024-10-09,13:00:00,Withdrawal,Branch,30573.11,NPR,768356.99,Self,ATM cash withdrawal,False
7003454,100203,2024-11-11,18:00:00,Withdrawal,Internet Banking,4299.7,NPR,764057.29,Self,ATM cash withdrawal,False
7003457,100203,2024-12-18,19:00:00,Interest Credit,Mobile App,80167.12,NPR,844224.41,,Quarterly interest credit,False
7003440,100203,2025-02-22,08:30:00,Fee,Internet Banking,1059.95,NPR,843164.46,,Monthly account maintenance fee,False
7003445,100203,2025-02-22,17:30:00,Loan EMI,Internet Banking,15640.38,NPR,827524.08,,Loan EMI auto-debit,False
7003437,100203,2025-02-26,06:30:00,Deposit,Mobile App,19093.47,NPR,846617.55,Self,Cash deposit at branch counter,False
7003448,100203,2025-03-25,07:00:00,Withdrawal,Internet Banking,56500.5,NPR,790117.05,Self,ATM cash withdrawal,False
7003438,100203,2025-03-27,11:45:00,Transfer In,Branch,66779.27,NPR,856896.32,,Incoming fund transfer,False
7003443,100203,2025-07-28,16:30:00,POS Purchase,Branch,186.08,NPR,856710.24,Amazon,Point-of-sale card purchase,False
7003446,100203,2025-10-03,12:00:00,Interest Credit,Internet Banking,94182.33,NPR,950892.57,,Quarterly interest credit,True
7003453,100203,2025-10-05,21:30:00,POS Purchase,POS,9839.95,NPR,941052.62,NTC Recharge,Point-of-sale card purchase,False
7003439,100203,2025-12-10,22:00:00,Transfer In,Internet Banking,94685.37,NPR,1035737.99,,Incoming fund transfer,True
7003451,100203,2025-12-10,13:45:00,Fee,ATM,142.47,NPR,1035595.52,,Monthly account maintenance fee,False
7003447,100203,2025-12-13,14:00:00,Transfer Out,Branch,38878.61,NPR,996716.91,,Outgoing fund transfer,False
7003456,100203,2025-12-28,21:00:00,Fee,IVR,166.6,NPR,996550.31,,Monthly account maintenance fee,False
7003455,100203,2026-04-06,19:45:00,Transfer Out,IVR,3981.84,NPR,992568.47,,Outgoing fund transfer,False
7003442,100203,2026-05-08,17:30:00,Withdrawal,Internet Banking,19035.46,NPR,973533.01,Self,ATM cash withdrawal,False
7003444,100203,2026-05-20,16:00:00,Interest Credit,POS,91515.97,NPR,1065048.98,,Quarterly interest credit,False
7003452,100203,2026-08-07,12:15:00,Withdrawal,POS,43052.22,NPR,1021996.76,Self,ATM cash withdrawal,False
7003450,100203,2026-08-17,20:30:00,Withdrawal,IVR,25081.8,NPR,996914.96,Self,ATM cash withdrawal,False
7003463,100204,2024-05-01,17:45:00,Withdrawal,Branch,3245.39,NPR,175867.75,Self,ATM cash withdrawal,False
7003472,100204,2024-08-24,07:00:00,Loan EMI,Internet Banking,42767.57,NPR,133100.18,,Loan EMI auto-debit,False
7003478,100204,2024-09-21,22:00:00,Withdrawal,POS,58611.56,NPR,74488.62,Self,ATM cash withdrawal,False
7003484,100204,2024-09-24,21:30:00,Deposit,ATM,74624.62,NPR,149113.24,Self,Cash deposit at branch counter,False
7003465,100204,2024-10-29,14:30:00,POS Purchase,POS,5895.69,NPR,143217.55,Amazon,Point-of-sale card purchase,False
7003476,100204,2024-11-05,06:30:00,Interest Credit,POS,26182.7,NPR,169400.25,,Quarterly interest credit,False
7003458,100204,2024-11-07,08:15:00,Transfer In,ATM,3474.32,NPR,172874.57,,Incoming fund transfer,False
7003474,100204,2025-01-12,17:45:00,Loan EMI,Internet Banking,25632.72,NPR,147241.85,,Loan EMI auto-debit,False
7003460,100204,2025-02-21,20:15:00,Fee,POS,1010.27,NPR,146231.58,,Monthly account maintenance fee,False
7003471,100204,2025-06-02,19:30:00,Interest Credit,POS,72041.76,NPR,218273.34,,Quarterly interest credit,False
7003473,100204,2025-06-22,09:15:00,Fee,ATM,248.18,NPR,218025.16,,Monthly account maintenance fee,False
7003482,100204,2025-07-01,10:00:00,Transfer In,Mobile App,30215.85,NPR,248241.01,,Incoming fund transfer,False
7003483,100204,2025-07-02,13:45:00,Deposit,POS,87825.55,NPR,336066.56,Self,Cash deposit at branch counter,True
7003461,100204,2025-07-16,11:15:00,Interest Credit,ATM,93983.09,NPR,430049.65,,Quarterly interest credit,True
7003464,100204,2025-08-05,12:45:00,Withdrawal,Mobile App,29854.79,NPR,400194.86,Self,ATM cash withdrawal,False
7003469,100204,2025-10-05,13:15:00,Transfer Out,IVR,37504.34,NPR,362690.52,,Outgoing fund transfer,False
7003467,100204,2025-11-20,13:00:00,Loan EMI,Internet Banking,23839.4,NPR,338851.12,,Loan EMI auto-debit,False
7003479,100204,2025-11-28,21:15:00,Transfer Out,POS,18086.49,NPR,320764.63,,Outgoing fund transfer,False
7003459,100204,2025-12-01,07:00:00,Transfer In,Branch,44533.22,NPR,365297.85,,Incoming fund transfer,False
7003480,100204,2026-02-13,15:45:00,Deposit,Internet Banking,33021.71,NPR,398319.56,Self,Cash deposit at branch counter,False
7003468,100204,2026-04-15,06:00:00,Deposit,POS,68262.1,NPR,466581.66,Self,Cash deposit at branch counter,False
7003462,100204,2026-05-09,13:15:00,Transfer In,Mobile App,1200.06,NPR,467781.72,,Incoming fund transfer,False
7003475,100204,2026-05-19,12:30:00,Transfer In,Internet Banking,75261.03,NPR,543042.75,,Incoming fund transfer,False
7003485,100204,2026-06-03,17:00:00,Loan EMI,Internet Banking,44729.85,NPR,498312.9,,Loan EMI auto-debit,False
7003466,100204,2026-06-19,06:00:00,Loan EMI,Internet Banking,27850.57,NPR,470462.33,,Loan EMI auto-debit,False
7003477,100204,2026-07-08,10:15:00,Transfer In,Branch,76593.45,NPR,547055.78,,Incoming fund transfer,False
7003481,100204,2026-07-24,17:45:00,Interest Credit,Internet Banking,90501.56,NPR,637557.34,,Quarterly interest credit,False
7003470,100204,2026-07-26,11:00:00,Withdrawal,Internet Banking,18550.21,NPR,619007.13,Self,ATM cash withdrawal,False
7003489,100205,2024-01-05,10:00:00,POS Purchase,Internet Banking,4013.21,NPR,188401.37,eSewa,Point-of-sale card purchase,False
7003492,100205,2024-02-20,14:15:00,Loan EMI,Internet Banking,30531.5,NPR,157869.87,,Loan EMI auto-debit,False
7003495,100205,2024-02-28,13:45:00,POS Purchase,Branch,1189.7,NPR,156680.17,Khalti,Point-of-sale card purchase,False
7003511,100205,2024-05-29,08:00:00,Fee,Branch,1416.18,NPR,155263.99,,Monthly account maintenance fee,False
7003493,100205,2024-06-22,21:45:00,Loan EMI,Internet Banking,35307.89,NPR,119956.1,,Loan EMI auto-debit,False
7003502,100205,2024-07-27,08:00:00,Loan EMI,Internet Banking,38826.99,NPR,81129.11,,Loan EMI auto-debit,False
7003510,100205,2024-11-12,11:30:00,Transfer Out,ATM,11888.58,NPR,69240.53,,Outgoing fund transfer,False
7003486,100205,2024-11-27,20:00:00,Transfer Out,ATM,57414.44,NPR,11826.09,,Outgoing fund transfer,False
7003513,100205,2024-11-30,18:45:00,Deposit,ATM,21050.98,NPR,32877.07,Self,Cash deposit at branch counter,False
7003490,100205,2024-12-04,18:00:00,Withdrawal,ATM,23325.74,NPR,9551.33,Self,ATM cash withdrawal,False
7003491,100205,2024-12-06,16:15:00,Deposit,POS,75573.58,NPR,85124.91,Self,Cash deposit at branch counter,False
7003498,100205,2024-12-13,13:15:00,Fee,Mobile App,621.28,NPR,84503.63,,Monthly account maintenance fee,False
7003501,100205,2024-12-26,09:45:00,Interest Credit,IVR,73694.51,NPR,158198.14,,Quarterly interest credit,False
7003515,100205,2025-02-13,19:45:00,Transfer In,Mobile App,74088.09,NPR,232286.23,,Incoming fund transfer,False
7003509,100205,2025-02-15,06:15:00,Withdrawal,Internet Banking,52788.57,NPR,179497.66,Self,ATM cash withdrawal,False
7003497,100205,2025-03-25,06:45:00,Interest Credit,Mobile App,35464.9,NPR,214962.56,,Quarterly interest credit,False
7003507,100205,2025-04-23,17:45:00,Withdrawal,Mobile App,38106.01,NPR,176856.55,Self,ATM cash withdrawal,False
7003504,100205,2025-05-07,22:45:00,Deposit,IVR,61898.43,NPR,238754.98,Self,Cash deposit at branch counter,False
7003488,100205,2025-05-27,18:00:00,Fee,Branch,1498.99,NPR,237255.99,,Monthly account maintenance fee,False
7003514,100205,2025-06-03,06:00:00,Withdrawal,Branch,31565.22,NPR,205690.77,Self,ATM cash withdrawal,False
7003496,100205,2025-07-22,20:00:00,Deposit,Internet Banking,36353.16,NPR,242043.93,Self,Cash deposit at branch counter,False
7003500,100205,2025-10-31,10:30:00,Interest Credit,ATM,90762.35,NPR,332806.28,,Quarterly interest credit,True
7003506,100205,2025-11-03,09:45:00,Interest Credit,Branch,17707.28,NPR,350513.56,,Quarterly interest credit,False
7003508,100205,2026-01-24,16:45:00,Fee,Mobile App,1056.78,NPR,349456.78,,Monthly account maintenance fee,False
7003487,100205,2026-02-09,16:30:00,Transfer In,Branch,8033.01,NPR,357489.79,,Incoming fund transfer,False
7003494,100205,2026-02-28,14:15:00,Deposit,Branch,47227.39,NPR,404717.18,Self,Cash deposit at branch counter,False
7003512,100205,2026-05-09,11:30:00,Fee,Internet Banking,1300.97,NPR,403416.21,,Monthly account maintenance fee,False
7003503,100205,2026-06-18,07:30:00,Interest Credit,POS,27825.42,NPR,431241.63,,Quarterly interest credit,False
7003499,100205,2026-06-19,13:45:00,Transfer Out,POS,52368.65,NPR,378872.98,,Outgoing fund transfer,False
7003505,100205,2026-08-26,18:45:00,Interest Credit,Mobile App,8210.23,NPR,387083.21,,Quarterly interest credit,False
7003540,100206,2024-05-22,15:30:00,Transfer In,Branch,83095.98,NPR,202730.46,,Incoming fund transfer,False
7003517,100206,2024-06-03,08:15:00,Transfer Out,Mobile App,25037.72,NPR,177692.74,,Outgoing fund transfer,False
7003539,100206,2024-06-15,11:15:00,Transfer Out,Internet Banking,43882.25,NPR,133810.49,,Outgoing fund transfer,False
7003521,100206,2024-07-15,11:45:00,Deposit,Branch,11314.31,NPR,145124.8,Self,Cash deposit at branch counter,False
7003534,100206,2024-07-23,12:30:00,Loan EMI,Internet Banking,7329.49,NPR,137795.31,,Loan EMI auto-debit,False
7003527,100206,2024-08-07,13:30:00,POS Purchase,ATM,850.55,NPR,136944.76,NTC Recharge,Point-of-sale card purchase,False
7003545,100206,2024-08-09,19:30:00,Loan EMI,Internet Banking,44792.81,NPR,92151.95,,Loan EMI auto-debit,False
7003532,100206,2024-08-29,12:00:00,Transfer In,Internet Banking,58578.8,NPR,150730.75,,Incoming fund transfer,False
7003529,100206,2024-09-27,18:30:00,Transfer In,ATM,74494.51,NPR,225225.26,,Incoming fund transfer,False
7003538,100206,2024-12-10,13:30:00,Withdrawal,POS,45562.06,NPR,179663.2,Self,ATM cash withdrawal,False
7003524,100206,2024-12-21,07:45:00,Transfer Out,POS,63653.05,NPR,116010.15,,Outgoing fund transfer,False
7003519,100206,2024-12-22,13:00:00,Withdrawal,POS,45711.73,NPR,70298.42,Self,ATM cash withdrawal,False
7003535,100206,2025-01-03,08:45:00,Deposit,Mobile App,540.41,NPR,70838.83,Self,Cash deposit at branch counter,False
7003531,100206,2025-03-25,21:30:00,Transfer In,Internet Banking,32662.5,NPR,103501.33,,Incoming fund transfer,False
7003543,100206,2025-05-04,11:45:00,Transfer In,Branch,3776.68,NPR,107278.01,,Incoming fund transfer,False
7003544,100206,2025-06-07,19:30:00,Deposit,IVR,41788.25,NPR,149066.26,Self,Cash deposit at branch counter,False
7003541,100206,2025-06-08,15:45:00,Transfer In,Branch,57642.27,NPR,206708.53,,Incoming fund transfer,False
7003516,100206,2025-06-22,07:15:00,Loan EMI,Internet Banking,13140.9,NPR,193567.63,,Loan EMI auto-debit,False
7003523,100206,2025-07-03,17:45:00,Transfer Out,IVR,4365.6,NPR,189202.03,,Outgoing fund transfer,False
7003520,100206,2025-08-12,13:30:00,Withdrawal,POS,9675.28,NPR,179526.75,Self,ATM cash withdrawal,False
7003533,100206,2025-08-28,13:15:00,Transfer Out,Branch,11395.44,NPR,168131.31,,Outgoing fund transfer,False
7003525,100206,2025-09-11,12:30:00,Transfer In,POS,53472.98,NPR,221604.29,,Incoming fund transfer,False
7003526,100206,2025-10-20,15:15:00,Transfer Out,ATM,55286.36,NPR,166317.93,,Outgoing fund transfer,False
7003530,100206,2025-10-29,09:45:00,Interest Credit,ATM,85310.98,NPR,251628.91,,Quarterly interest credit,True
7003518,100206,2025-10-31,22:30:00,POS Purchase,Internet Banking,817.46,NPR,250811.45,NTC Recharge,Point-of-sale card purchase,False
7003542,100206,2025-11-19,20:30:00,Interest Credit,Mobile App,33266.55,NPR,284078,,Quarterly interest credit,False
7003536,100206,2026-05-07,08:15:00,Withdrawal,IVR,29180.64,NPR,254897.36,Self,ATM cash withdrawal,False
7003528,100206,2026-06-18,06:45:00,Transfer Out,Mobile App,55293.42,NPR,199603.94,,Outgoing fund transfer,False
7003522,100206,2026-06-29,20:30:00,Loan EMI,Internet Banking,6360.37,NPR,193243.57,,Loan EMI auto-debit,False
7003537,100206,2026-07-14,22:00:00,Withdrawal,Branch,64460.86,NPR,128782.71,Self,ATM cash withdrawal,False
7003549,100207,2024-02-27,08:15:00,Deposit,POS,66974.9,NPR,66974.9,Self,Cash deposit at branch counter,False
7003548,100207,2024-08-28,16:45:00,Transfer Out,ATM,17612.46,NPR,49362.44,,Outgoing fund transfer,False
7003547,100207,2025-01-10,10:45:00,Deposit,ATM,56125.32,NPR,105487.76,Self,Cash deposit at branch counter,False
7003546,100207,2026-07-28,17:15:00,Loan EMI,Internet Banking,32881.68,NPR,72606.08,,Loan EMI auto-debit,False
7003552,100208,2024-01-27,15:15:00,Transfer In,ATM,18405.14,NPR,306404.15,,Incoming fund transfer,False
7003555,100208,2024-02-01,13:45:00,Deposit,Internet Banking,27740.55,NPR,334144.7,Self,Cash deposit at branch counter,False
7003559,100208,2024-04-20,13:30:00,Fee,ATM,1348.75,NPR,332795.95,,Monthly account maintenance fee,False
7003550,100208,2024-12-06,07:30:00,Transfer In,ATM,79012.14,NPR,411808.09,,Incoming fund transfer,False
7003558,100208,2025-02-23,19:00:00,Transfer In,IVR,42315.1,NPR,454123.19,,Incoming fund transfer,False
7003556,100208,2025-07-02,11:15:00,Withdrawal,Mobile App,23583.52,NPR,430539.67,Self,ATM cash withdrawal,False
7003557,100208,2025-07-03,08:00:00,Transfer Out,IVR,51085.77,NPR,379453.9,,Outgoing fund transfer,False
7003553,100208,2025-08-01,16:00:00,Withdrawal,ATM,42778.05,NPR,336675.85,Self,ATM cash withdrawal,False
7003551,100208,2025-09-10,16:15:00,Withdrawal,Mobile App,56619.37,NPR,280056.48,Self,ATM cash withdrawal,False
7003554,100208,2025-10-30,17:45:00,POS Purchase,IVR,6837.93,NPR,273218.55,eSewa,Point-of-sale card purchase,False
7003560,100208,2025-12-14,18:15:00,Transfer Out,IVR,26468.47,NPR,246750.08,,Outgoing fund transfer,False
7003563,100209,2024-03-03,13:15:00,POS Purchase,Mobile App,8004.77,NPR,827911.04,Amazon,Point-of-sale card purchase,False
7003564,100209,2024-03-16,15:15:00,Fee,IVR,1403.36,NPR,826507.68,,Monthly account maintenance fee,False
7003574,100209,2024-04-11,19:45:00,Transfer In,IVR,81815.22,NPR,908322.9,,Incoming fund transfer,False
7003576,100209,2024-06-15,08:15:00,Loan EMI,Internet Banking,6667.8,NPR,901655.1,,Loan EMI auto-debit,False
7003572,100209,2024-07-31,18:15:00,POS Purchase,Internet Banking,4640.37,NPR,897014.73,Khalti,Point-of-sale card purchase,False
7003565,100209,2024-08-11,10:00:00,Fee,ATM,632.23,NPR,896382.5,,Monthly account maintenance fee,False
7003575,100209,2024-09-15,20:30:00,POS Purchase,ATM,5563.94,NPR,890818.56,Salary Employer Pvt Ltd,Point-of-sale card purchase,False
7003568,100209,2024-11-19,20:15:00,Withdrawal,Internet Banking,19744.63,NPR,871073.93,Self,ATM cash withdrawal,False
7003578,100209,2025-02-18,13:00:00,Loan EMI,Internet Banking,26602.88,NPR,844471.05,,Loan EMI auto-debit,False
7003561,100209,2025-04-15,18:00:00,Transfer In,POS,93444.77,NPR,937915.82,,Incoming fund transfer,False
7003567,100209,2025-07-12,17:45:00,Deposit,IVR,89927.67,NPR,1027843.49,Self,Cash deposit at branch counter,True
7003562,100209,2025-07-21,14:30:00,Transfer In,Internet Banking,45502.91,NPR,1073346.4,,Incoming fund transfer,False
7003571,100209,2025-08-25,06:15:00,Withdrawal,ATM,38472.14,NPR,1034874.26,Self,ATM cash withdrawal,False
7003580,100209,2025-09-16,21:15:00,POS Purchase,POS,11847.83,NPR,1023026.43,NEA Bill Pay,Point-of-sale card purchase,False
7003570,100209,2026-03-31,14:15:00,Fee,Internet Banking,665.18,NPR,1022361.25,,Monthly account maintenance fee,False
7003573,100209,2026-04-09,22:30:00,POS Purchase,POS,9757.53,NPR,1012603.72,,Point-of-sale card purchase,False
7003579,100209,2026-04-29,19:15:00,POS Purchase,ATM,6110.57,NPR,1006493.15,Daraz,Point-of-sale card purchase,False
7003577,100209,2026-05-23,11:45:00,Loan EMI,Internet Banking,15117.1,NPR,991376.05,,Loan EMI auto-debit,False
7003566,100209,2026-07-10,09:15:00,Interest Credit,IVR,32523.03,NPR,1023899.08,,Quarterly interest credit,False
7003569,100209,2026-08-20,11:45:00,Interest Credit,POS,70284.36,NPR,1094183.44,,Quarterly interest credit,False
7003581,100210,2024-12-24,09:30:00,Interest Credit,POS,13502.54,NPR,13502.54,,Quarterly interest credit,False
7003585,100210,2025-01-09,14:00:00,Interest Credit,Mobile App,40676.82,NPR,54179.36,,Quarterly interest credit,False
7003583,100210,2025-07-01,17:45:00,POS Purchase,Mobile App,2940.19,NPR,51239.17,Amazon,Point-of-sale card purchase,False
7003582,100210,2026-01-18,09:15:00,Transfer Out,POS,51743.04,NPR,-503.87,,Outgoing fund transfer,False
7003584,100210,2026-03-25,11:15:00,Deposit,ATM,59268.35,NPR,58764.48,Self,Cash deposit at branch counter,False
7003586,100211,2026-04-09,22:15:00,Interest Credit,ATM,30380.16,NPR,30380.16,,Quarterly interest credit,False
7003587,100211,2026-08-20,08:15:00,Interest Credit,Mobile App,27460.89,NPR,57841.05,,Quarterly interest credit,False
7003589,100212,2025-01-08,09:00:00,Deposit,POS,78537.05,NPR,78537.05,Self,Cash deposit at branch counter,False
7003590,100212,2025-08-09,13:30:00,Loan EMI,Internet Banking,40276.69,NPR,38260.36,,Loan EMI auto-debit,False
7003588,100212,2025-08-11,09:30:00,Transfer Out,ATM,53143.36,NPR,-14883,,Outgoing fund transfer,False
7003592,100212,2025-10-06,20:00:00,POS Purchase,Internet Banking,8743.44,NPR,-23626.44,Bhat-Bhateni Supermarket,Point-of-sale card purchase,False
7003591,100212,2025-10-25,17:00:00,Transfer In,Branch,48933.36,NPR,25306.92,,Incoming fund transfer,False
7003611,100213,2026-03-31,17:15:00,Transfer In,Mobile App,55225.77,NPR,84845.19,,Incoming fund transfer,False
7003596,100213,2026-04-12,16:15:00,POS Purchase,IVR,6499.93,NPR,78345.26,NEA Bill Pay,Point-of-sale card purchase,False
7003605,100213,2026-04-12,12:00:00,POS Purchase,ATM,874.02,NPR,77471.24,NEA Bill Pay,Point-of-sale card purchase,False
7003603,100213,2026-04-16,22:00:00,Deposit,Branch,4107.44,NPR,81578.68,Self,Cash deposit at branch counter,False
7003594,100213,2026-05-07,06:15:00,POS Purchase,Branch,7755.79,NPR,73822.89,Local ATM Withdrawal,Point-of-sale card purchase,False
7003595,100213,2026-05-07,08:30:00,Transfer In,Internet Banking,61762.62,NPR,135585.51,,Incoming fund transfer,False
7003602,100213,2026-05-29,21:30:00,Fee,ATM,1080.81,NPR,134504.7,,Monthly account maintenance fee,False
7003613,100213,2026-06-07,17:00:00,POS Purchase,ATM,8835.22,NPR,125669.48,Bhat-Bhateni Supermarket,Point-of-sale card purchase,False
7003610,100213,2026-06-20,13:30:00,Fee,Internet Banking,899.55,NPR,124769.93,,Monthly account maintenance fee,False
7003598,100213,2026-06-28,09:15:00,Transfer In,Branch,17426.58,NPR,142196.51,,Incoming fund transfer,False
7003593,100213,2026-06-29,07:45:00,Fee,Internet Banking,974.09,NPR,141222.42,,Monthly account maintenance fee,False
7003609,100213,2026-07-01,20:45:00,Fee,POS,1267.19,NPR,139955.23,,Monthly account maintenance fee,False
7003612,100213,2026-07-08,14:00:00,Fee,Internet Banking,997.04,NPR,138958.19,,Monthly account maintenance fee,False
7003607,100213,2026-07-23,19:45:00,Transfer In,Branch,6388.76,NPR,145346.95,,Incoming fund transfer,False
7003597,100213,2026-08-01,12:30:00,POS Purchase,Mobile App,6091.26,NPR,139255.69,Khalti,Point-of-sale card purchase,False
7003599,100213,2026-08-06,21:30:00,Transfer In,Internet Banking,40420.71,NPR,179676.4,,Incoming fund transfer,False
7003614,100213,2026-08-06,16:45:00,Loan EMI,Internet Banking,24511.44,NPR,155164.96,,Loan EMI auto-debit,False
7003601,100213,2026-08-08,10:00:00,Deposit,Internet Banking,81635.94,NPR,236800.9,Self,Cash deposit at branch counter,True
7003608,100213,2026-08-12,07:00:00,Withdrawal,Internet Banking,36055.42,NPR,200745.48,Self,ATM cash withdrawal,False
7003604,100213,2026-08-14,11:45:00,POS Purchase,Branch,9919.19,NPR,190826.29,Daraz,Point-of-sale card purchase,False
7003600,100213,2026-08-18,19:30:00,Transfer Out,IVR,63180.61,NPR,127645.68,,Outgoing fund transfer,False
7003606,100213,2026-08-29,09:15:00,Fee,IVR,1467.3,NPR,126178.38,,Monthly account maintenance fee,False
7003619,100214,2024-08-14,21:30:00,Loan EMI,Internet Banking,5189.68,NPR,-5189.68,,Loan EMI auto-debit,False
7003616,100214,2025-05-13,11:45:00,Loan EMI,Internet Banking,17805.59,NPR,-22995.27,,Loan EMI auto-debit,False
7003617,100214,2025-10-27,20:15:00,Deposit,ATM,67141.28,NPR,44146.01,Self,Cash deposit at branch counter,False
7003615,100214,2026-02-08,22:45:00,Withdrawal,Branch,43119.52,NPR,1026.49,Self,ATM cash withdrawal,False
7003618,100214,2026-08-17,19:15:00,Interest Credit,ATM,60666.38,NPR,61692.87,,Quarterly interest credit,False
7003622,100215,2026-01-09,14:00:00,Withdrawal,POS,37633.18,NPR,92278.03,Self,ATM cash withdrawal,False
7003626,100215,2026-01-11,13:30:00,Withdrawal,Internet Banking,30140.52,NPR,62137.51,Self,ATM cash withdrawal,False
7003631,100215,2026-01-16,17:45:00,Loan EMI,Internet Banking,27457.38,NPR,34680.13,,Loan EMI auto-debit,False
7003635,100215,2026-01-20,15:15:00,POS Purchase,ATM,496.61,NPR,34183.52,Salary Employer Pvt Ltd,Point-of-sale card purchase,False
7003624,100215,2026-01-25,15:15:00,Transfer In,Mobile App,33053.84,NPR,67237.36,,Incoming fund transfer,False
7003642,100215,2026-01-26,21:00:00,Deposit,IVR,65382.05,NPR,132619.41,Self,Cash deposit at branch counter,False
7003623,100215,2026-02-07,10:15:00,Interest Credit,Branch,86064.55,NPR,218683.96,,Quarterly interest credit,True
7003638,100215,2026-02-11,22:15:00,Deposit,Branch,40937.33,NPR,259621.29,Self,Cash deposit at branch counter,False
7003625,100215,2026-02-15,14:45:00,Transfer In,POS,60674.6,NPR,320295.89,,Incoming fund transfer,False
7003637,100215,2026-04-11,14:30:00,Deposit,Internet Banking,57820.13,NPR,378116.02,Self,Cash deposit at branch counter,False
7003629,100215,2026-04-16,12:45:00,Withdrawal,Internet Banking,18250.28,NPR,359865.74,Self,ATM cash withdrawal,False
7003628,100215,2026-05-13,14:00:00,Interest Credit,IVR,32625.88,NPR,392491.62,,Quarterly interest credit,False
7003634,100215,2026-06-16,19:30:00,Deposit,POS,37112.05,NPR,429603.67,Self,Cash deposit at branch counter,False
7003639,100215,2026-06-20,13:00:00,Withdrawal,Branch,58386.35,NPR,371217.32,Self,ATM cash withdrawal,False
7003620,100215,2026-06-29,14:15:00,Fee,Internet Banking,1095.36,NPR,370121.96,,Monthly account maintenance fee,False
7003621,100215,2026-07-11,19:15:00,POS Purchase,Branch,4056.84,NPR,366065.12,NEA Bill Pay,Point-of-sale card purchase,False
7003640,100215,2026-07-15,11:15:00,Transfer Out,Branch,58483.77,NPR,307581.35,,Outgoing fund transfer,False
7003630,100215,2026-07-26,15:45:00,Fee,Branch,1102.79,NPR,306478.56,,Monthly account maintenance fee,False
7003641,100215,2026-07-31,18:30:00,Fee,Mobile App,1286.18,NPR,305192.38,,Monthly account maintenance fee,False
7003627,100215,2026-08-02,18:00:00,Withdrawal,Branch,26049.14,NPR,279143.24,Self,ATM cash withdrawal,False
7003636,100215,2026-08-04,07:15:00,Transfer Out,Internet Banking,47157.66,NPR,231985.58,,Outgoing fund transfer,False
7003632,100215,2026-08-05,14:00:00,Deposit,Branch,51962.28,NPR,283947.86,Self,Cash deposit at branch counter,False
7003633,100215,2026-08-22,13:15:00,Fee,Mobile App,696.24,NPR,283251.62,,Monthly account maintenance fee,False
7003643,100216,2024-02-11,21:00:00,POS Purchase,Mobile App,4726.57,NPR,254348.02,Amazon,Point-of-sale card purchase,False
7003646,100216,2024-04-17,12:00:00,Deposit,ATM,43036.87,NPR,297384.89,Self,Cash deposit at branch counter,False
7003651,100216,2024-07-26,20:00:00,Loan EMI,Internet Banking,44763.86,NPR,252621.03,,Loan EMI auto-debit,False
7003656,100216,2024-09-01,10:45:00,Transfer Out,Internet Banking,32082.42,NPR,220538.61,,Outgoing fund transfer,False
7003644,100216,2024-10-03,12:00:00,Fee,Internet Banking,710.32,NPR,219828.29,,Monthly account maintenance fee,False
7003660,100216,2024-10-16,19:00:00,Deposit,Branch,29515.27,NPR,249343.56,Self,Cash deposit at branch counter,False
7003663,100216,2024-11-26,14:45:00,Fee,POS,1378.2,NPR,247965.36,,Monthly account maintenance fee,False
7003662,100216,2025-02-13,06:30:00,Transfer Out,IVR,61247.1,NPR,186718.26,,Outgoing fund transfer,False
7003659,100216,2025-04-08,10:30:00,Deposit,ATM,50347.31,NPR,237065.57,Self,Cash deposit at branch counter,False
7003645,100216,2025-05-05,16:15:00,Interest Credit,POS,36161.79,NPR,273227.36,,Quarterly interest credit,False
7003650,100216,2025-05-11,16:15:00,Fee,IVR,318.16,NPR,272909.2,,Monthly account maintenance fee,False
7003654,100216,2025-05-20,15:00:00,POS Purchase,Branch,1200.39,NPR,271708.81,,Point-of-sale card purchase,False
7003655,100216,2025-06-24,14:00:00,Transfer Out,IVR,56067.45,NPR,215641.36,,Outgoing fund transfer,False
7003657,100216,2025-10-16,10:15:00,Loan EMI,Internet Banking,14763.48,NPR,200877.88,,Loan EMI auto-debit,False
7003648,100216,2025-11-11,12:15:00,Withdrawal,ATM,4477.1,NPR,196400.78,Self,ATM cash withdrawal,False
7003664,100216,2025-11-12,20:00:00,Withdrawal,Internet Banking,33327.17,NPR,163073.61,Self,ATM cash withdrawal,False
7003652,100216,2025-11-27,13:45:00,Transfer In,Internet Banking,61494.83,NPR,224568.44,,Incoming fund transfer,False
7003647,100216,2025-12-17,20:30:00,Deposit,Internet Banking,18453.64,NPR,243022.08,Self,Cash deposit at branch counter,False
7003649,100216,2026-01-10,11:15:00,POS Purchase,Mobile App,510.89,NPR,242511.19,IME Remit,Point-of-sale card purchase,False
7003658,100216,2026-02-09,15:00:00,Withdrawal,POS,57383.62,NPR,185127.57,Self,ATM cash withdrawal,False
7003661,100216,2026-03-21,09:45:00,Fee,Branch,727.51,NPR,184400.06,,Monthly account maintenance fee,False
7003653,100216,2026-08-14,13:45:00,Transfer Out,Internet Banking,32947.57,NPR,151452.49,,Outgoing fund transfer,False
7003672,100217,2024-01-25,13:30:00,Loan EMI,Internet Banking,27343.59,NPR,494654.55,,Loan EMI auto-debit,False
7003670,100217,2024-12-24,09:00:00,Loan EMI,Internet Banking,41155.84,NPR,453498.71,,Loan EMI auto-debit,False
7003669,100217,2024-12-27,07:00:00,Withdrawal,POS,16462.09,NPR,437036.62,Self,ATM cash withdrawal,False
7003668,100217,2025-02-27,12:15:00,Interest Credit,POS,81264.28,NPR,518300.9,,Quarterly interest credit,False
7003667,100217,2025-06-11,21:15:00,Transfer In,Internet Banking,4842.62,NPR,523143.52,,Incoming fund transfer,False
7003665,100217,2025-10-09,18:15:00,Fee,POS,568.62,NPR,522574.9,,Monthly account maintenance fee,False
7003671,100217,2026-03-14,11:45:00,POS Purchase,Mobile App,2481.55,NPR,520093.35,NTC Recharge,Point-of-sale card purchase,False
7003666,100217,2026-06-26,20:00:00,Transfer In,POS,62643.02,NPR,582736.37,,Incoming fund transfer,False
7003674,100218,2026-06-14,21:30:00,Loan EMI,Internet Banking,19319.26,NPR,150023.49,,Loan EMI auto-debit,False
7003681,100218,2026-06-17,11:45:00,Fee,Mobile App,1342.21,NPR,148681.28,,Monthly account maintenance fee,False
7003694,100218,2026-06-17,16:00:00,Interest Credit,Internet Banking,33502.79,NPR,182184.07,,Quarterly interest credit,False
7003675,100218,2026-06-18,07:30:00,Interest Credit,IVR,66088.8,NPR,248272.87,,Quarterly interest credit,False
7003679,100218,2026-06-19,13:45:00,Transfer Out,IVR,18955.64,NPR,229317.23,,Outgoing fund transfer,False
7003689,100218,2026-06-19,06:15:00,Interest Credit,ATM,47988.02,NPR,277305.25,,Quarterly interest credit,False
7003688,100218,2026-06-23,06:00:00,POS Purchase,POS,2153.99,NPR,275151.26,Foodmandu,Point-of-sale card purchase,False
7003673,100218,2026-07-02,18:00:00,Transfer Out,Internet Banking,23655.67,NPR,251495.59,,Outgoing fund transfer,False
7003680,100218,2026-07-06,17:30:00,Interest Credit,Branch,11040.53,NPR,262536.12,,Quarterly interest credit,False
7003685,100218,2026-07-09,09:00:00,Deposit,Branch,91012.95,NPR,353549.07,Self,Cash deposit at branch counter,True
7003692,100218,2026-07-12,08:00:00,Transfer Out,ATM,30978.43,NPR,322570.64,,Outgoing fund transfer,False
7003686,100218,2026-07-13,10:45:00,Loan EMI,Internet Banking,8332.39,NPR,314238.25,,Loan EMI auto-debit,False
7003690,100218,2026-07-13,14:30:00,POS Purchase,Mobile App,961.85,NPR,313276.4,NTC Recharge,Point-of-sale card purchase,False
7003682,100218,2026-07-16,19:30:00,POS Purchase,Branch,3451.9,NPR,309824.5,,Point-of-sale card purchase,False
7003676,100218,2026-07-28,08:45:00,Withdrawal,Mobile App,10214.45,NPR,299610.05,Self,ATM cash withdrawal,False
7003677,100218,2026-07-29,10:15:00,Deposit,Branch,65182.07,NPR,364792.12,Self,Cash deposit at branch counter,False
7003683,100218,2026-08-02,09:00:00,Fee,Internet Banking,1471.15,NPR,363320.97,,Monthly account maintenance fee,False
7003684,100218,2026-08-03,15:30:00,Loan EMI,Internet Banking,28612.25,NPR,334708.72,,Loan EMI auto-debit,False
7003691,100218,2026-08-07,06:30:00,Interest Credit,Internet Banking,84851.03,NPR,419559.75,,Quarterly interest credit,True
7003678,100218,2026-08-09,21:00:00,Transfer Out,POS,16176.91,NPR,403382.84,,Outgoing fund transfer,False
7003698,100218,2026-08-09,09:00:00,Fee,Mobile App,163.03,NPR,403219.81,,Monthly account maintenance fee,False
7003695,100218,2026-08-10,17:15:00,Transfer In,Internet Banking,35684.33,NPR,438904.14,,Incoming fund transfer,False
7003693,100218,2026-08-19,17:45:00,Deposit,Branch,48096.87,NPR,487001.01,Self,Cash deposit at branch counter,False
7003697,100218,2026-08-20,20:45:00,Deposit,ATM,39960.45,NPR,526961.46,Self,Cash deposit at branch counter,False
7003687,100218,2026-08-21,08:15:00,POS Purchase,Branch,9126.15,NPR,517835.31,NTC Recharge,Point-of-sale card purchase,False
7003696,100218,2026-08-27,17:00:00,Interest Credit,Internet Banking,34811.15,NPR,552646.46,,Quarterly interest credit,False
7003707,100219,2026-06-20,14:15:00,POS Purchase,Internet Banking,6611.36,NPR,14276.16,Local ATM Withdrawal,Point-of-sale card purchase,False
7003700,100219,2026-06-21,18:45:00,Fee,Branch,492.68,NPR,13783.48,,Monthly account maintenance fee,False
7003706,100219,2026-06-22,15:30:00,Transfer In,IVR,72174.09,NPR,85957.57,,Incoming fund transfer,False
7003721,100219,2026-06-22,08:00:00,Interest Credit,IVR,33190.64,NPR,119148.21,,Quarterly interest credit,False
7003717,100219,2026-06-27,07:15:00,Transfer In,Internet Banking,53138.55,NPR,172286.76,,Incoming fund transfer,False
7003699,100219,2026-06-30,18:00:00,Interest Credit,IVR,58221.33,NPR,230508.09,,Quarterly interest credit,False
7003715,100219,2026-07-09,09:30:00,Deposit,POS,2009.7,NPR,232517.79,Self,Cash deposit at branch counter,False
7003705,100219,2026-07-13,20:00:00,POS Purchase,Mobile App,4002.5,NPR,228515.29,NTC Recharge,Point-of-sale card purchase,False
7003711,100219,2026-07-16,15:00:00,Loan EMI,Internet Banking,32308.03,NPR,196207.26,,Loan EMI auto-debit,False
7003720,100219,2026-07-17,10:30:00,Fee,Branch,804.66,NPR,195402.6,,Monthly account maintenance fee,False
7003722,100219,2026-07-17,21:45:00,POS Purchase,POS,2853.32,NPR,192549.28,Khalti,Point-of-sale card purchase,False
7003704,100219,2026-07-19,16:15:00,Fee,IVR,535.19,NPR,192014.09,,Monthly account maintenance fee,False
7003709,100219,2026-07-22,19:00:00,Withdrawal,Branch,55519.34,NPR,136494.75,Self,ATM cash withdrawal,False
7003712,100219,2026-07-23,19:30:00,Interest Credit,Branch,67180.05,NPR,203674.8,,Quarterly interest credit,False
7003708,100219,2026-07-26,16:30:00,Withdrawal,IVR,5127.77,NPR,198547.03,Self,ATM cash withdrawal,False
7003714,100219,2026-07-26,19:30:00,Transfer Out,Branch,60220.95,NPR,138326.08,,Outgoing fund transfer,False
7003718,100219,2026-07-26,10:30:00,Transfer Out,POS,56097.8,NPR,82228.28,,Outgoing fund transfer,False
7003710,100219,2026-07-28,09:30:00,Fee,Internet Banking,1100.94,NPR,81127.34,,Monthly account maintenance fee,False
7003703,100219,2026-08-02,06:00:00,Deposit,POS,68718.3,NPR,149845.64,Self,Cash deposit at branch counter,False
7003723,100219,2026-08-04,09:30:00,Withdrawal,POS,24715.17,NPR,125130.47,Self,ATM cash withdrawal,False
7003724,100219,2026-08-06,21:45:00,Transfer Out,Internet Banking,7356.18,NPR,117774.29,,Outgoing fund transfer,False
7003716,100219,2026-08-07,20:00:00,Transfer Out,IVR,40318.46,NPR,77455.83,,Outgoing fund transfer,False
7003701,100219,2026-08-13,16:45:00,Fee,POS,1168.06,NPR,76287.77,,Monthly account maintenance fee,False
7003713,100219,2026-08-15,21:00:00,Withdrawal,Internet Banking,57945.3,NPR,18342.47,Self,ATM cash withdrawal,False
7003719,100219,2026-08-17,16:15:00,Fee,Internet Banking,1346.56,NPR,16995.91,,Monthly account maintenance fee,False
7003702,100219,2026-08-23,17:15:00,POS Purchase,IVR,11818.54,NPR,5177.37,Foodmandu,Point-of-sale card purchase,False
7003728,100220,2026-06-25,09:30:00,POS Purchase,POS,5952.92,NPR,292211.19,Salary Employer Pvt Ltd,Point-of-sale card purchase,False
7003725,100220,2026-07-02,13:30:00,Fee,POS,1346.49,NPR,290864.7,,Monthly account maintenance fee,False
7003731,100220,2026-07-03,09:45:00,Withdrawal,IVR,49309.78,NPR,241554.92,Self,ATM cash withdrawal,False
7003733,100220,2026-07-05,09:15:00,Deposit,Branch,51129.95,NPR,292684.87,Self,Cash deposit at branch counter,False
7003735,100220,2026-07-07,12:30:00,Withdrawal,ATM,3493.02,NPR,289191.85,Self,ATM cash withdrawal,False
7003734,100220,2026-07-17,06:30:00,Interest Credit,Branch,36127.16,NPR,325319.01,,Quarterly interest credit,False
7003730,100220,2026-07-23,08:15:00,Fee,Branch,1085.96,NPR,324233.05,,Monthly account maintenance fee,False
7003732,100220,2026-07-23,06:30:00,Deposit,IVR,57662.41,NPR,381895.46,Self,Cash deposit at branch counter,False
7003727,100220,2026-08-02,21:30:00,Withdrawal,Branch,28253.41,NPR,353642.05,Self,ATM cash withdrawal,False
7003726,100220,2026-08-06,07:00:00,Withdrawal,Branch,51911.51,NPR,301730.54,Self,ATM cash withdrawal,False
7003729,100220,2026-08-09,13:30:00,Transfer In,Internet Banking,89854.56,NPR,391585.1,,Incoming fund transfer,False
7003744,100221,2025-09-17,13:30:00,Transfer In,ATM,74822.51,NPR,212513.14,,Incoming fund transfer,False
7003750,100221,2025-09-17,10:00:00,Withdrawal,ATM,39267.42,NPR,173245.72,Self,ATM cash withdrawal,False
7003753,100221,2025-09-18,21:15:00,Transfer Out,Mobile App,1193.91,NPR,172051.81,,Outgoing fund transfer,False
7003760,100221,2025-10-14,17:45:00,Transfer Out,POS,42894.3,NPR,129157.51,,Outgoing fund transfer,False
7003740,100221,2025-11-14,07:00:00,Deposit,Branch,14302.5,NPR,143460.01,Self,Cash deposit at branch counter,False
7003747,100221,2025-12-13,13:45:00,Transfer In,Mobile App,75089.1,NPR,218549.11,,Incoming fund transfer,False
7003756,100221,2025-12-23,06:45:00,Interest Credit,ATM,39737.45,NPR,258286.56,,Quarterly interest credit,False
7003752,100221,2025-12-25,14:15:00,Transfer Out,Internet Banking,46771.29,NPR,211515.27,,Outgoing fund transfer,False
7003757,100221,2025-12-29,19:15:00,Loan EMI,Internet Banking,23803.29,NPR,187711.98,,Loan EMI auto-debit,False
7003758,100221,2025-12-31,14:15:00,Transfer Out,IVR,43526.43,NPR,144185.55,,Outgoing fund transfer,False
7003755,100221,2026-01-12,17:30:00,Loan EMI,Internet Banking,20382.74,NPR,123802.81,,Loan EMI auto-debit,False
7003761,100221,2026-01-26,15:15:00,Interest Credit,Branch,93956.75,NPR,217759.56,,Quarterly interest credit,False
7003749,100221,2026-02-12,10:30:00,POS Purchase,POS,9002.42,NPR,208757.14,Foodmandu,Point-of-sale card purchase,False
7003739,100221,2026-02-24,06:00:00,Deposit,Branch,21508.88,NPR,230266.02,Self,Cash deposit at branch counter,False
7003736,100221,2026-03-14,08:15:00,Withdrawal,ATM,12801.45,NPR,217464.57,Self,ATM cash withdrawal,False
7003743,100221,2026-03-16,22:00:00,Fee,ATM,811.15,NPR,216653.42,,Monthly account maintenance fee,False
7003748,100221,2026-03-24,18:00:00,Loan EMI,Internet Banking,23129.72,NPR,193523.7,,Loan EMI auto-debit,False
7003742,100221,2026-04-12,12:15:00,Fee,POS,127.36,NPR,193396.34,,Monthly account maintenance fee,False
7003751,100221,2026-05-04,20:15:00,Interest Credit,ATM,39177.57,NPR,232573.91,,Quarterly interest credit,False
7003738,100221,2026-05-16,22:45:00,Withdrawal,POS,55263.33,NPR,177310.58,Self,ATM cash withdrawal,False
7003759,100221,2026-05-22,06:15:00,Transfer Out,Mobile App,4677.2,NPR,172633.38,,Outgoing fund transfer,False
7003741,100221,2026-07-09,13:30:00,Transfer Out,POS,42096.83,NPR,130536.55,,Outgoing fund transfer,False
7003754,100221,2026-07-25,11:30:00,Fee,Internet Banking,793.16,NPR,129743.39,,Monthly account maintenance fee,False
7003737,100221,2026-08-11,06:45:00,Deposit,Mobile App,75092.11,NPR,204835.5,Self,Cash deposit at branch counter,False
7003746,100221,2026-08-13,22:15:00,Interest Credit,Branch,15007.45,NPR,219842.95,,Quarterly interest credit,False
7003745,100221,2026-08-15,17:45:00,Interest Credit,ATM,50012.09,NPR,269855.04,,Quarterly interest credit,False
7003770,100222,2026-01-03,19:30:00,Interest Credit,Mobile App,74365.37,NPR,74115.22,,Quarterly interest credit,False
7003765,100222,2026-01-04,07:30:00,Withdrawal,POS,33878.01,NPR,40237.21,Self,ATM cash withdrawal,False
7003763,100222,2026-01-27,18:00:00,Loan EMI,Internet Banking,11758.36,NPR,28478.85,,Loan EMI auto-debit,False
7003764,100222,2026-02-05,22:45:00,Transfer In,Branch,29326.57,NPR,57805.42,,Incoming fund transfer,False
7003768,100222,2026-02-05,12:45:00,POS Purchase,Branch,1482.5,NPR,56322.92,NTC Recharge,Point-of-sale card purchase,False
7003769,100222,2026-02-28,21:00:00,Loan EMI,Internet Banking,19421.13,NPR,36901.79,,Loan EMI auto-debit,False
7003766,100222,2026-05-28,21:45:00,Interest Credit,IVR,47871.49,NPR,84773.28,,Quarterly interest credit,False
7003762,100222,2026-06-26,22:45:00,Loan EMI,Internet Banking,17534.28,NPR,67239,,Loan EMI auto-debit,False
7003767,100222,2026-07-02,17:45:00,Withdrawal,Branch,3059.99,NPR,64179.01,Self,ATM cash withdrawal,False
7003771,100222,2026-07-28,10:15:00,POS Purchase,IVR,3137.07,NPR,61041.94,NEA Bill Pay,Point-of-sale card purchase,False
7003774,100223,2026-08-01,13:00:00,POS Purchase,POS,3846.79,NPR,549236.71,Foodmandu,Point-of-sale card purchase,False
7003776,100223,2026-08-09,21:15:00,Interest Credit,IVR,21197.35,NPR,570434.06,,Quarterly interest credit,False
7003775,100223,2026-08-13,17:15:00,Fee,ATM,181.69,NPR,570252.37,,Monthly account maintenance fee,False
7003777,100223,2026-08-13,14:00:00,Transfer Out,POS,45579.9,NPR,524672.47,,Outgoing fund transfer,False
7003779,100223,2026-08-13,22:45:00,POS Purchase,IVR,11770.4,NPR,512902.07,Foodmandu,Point-of-sale card purchase,False
7003772,100223,2026-08-15,13:00:00,Fee,POS,363.22,NPR,512538.85,,Monthly account maintenance fee,False
7003773,100223,2026-08-16,08:00:00,POS Purchase,ATM,7149.7,NPR,505389.15,Amazon,Point-of-sale card purchase,False
7003780,100223,2026-08-18,10:45:00,Withdrawal,Branch,62685.77,NPR,442703.38,Self,ATM cash withdrawal,False
7003778,100223,2026-08-26,20:45:00,POS Purchase,Branch,794.21,NPR,441909.17,,Point-of-sale card purchase,False
7003790,100224,2024-07-27,20:45:00,Fee,Branch,1445.33,NPR,718875.85,,Monthly account maintenance fee,False
7003798,100224,2024-08-10,18:45:00,Interest Credit,POS,13283.92,NPR,732159.77,,Quarterly interest credit,False
7003794,100224,2024-08-18,08:15:00,Loan EMI,Internet Banking,13222.99,NPR,718936.78,,Loan EMI auto-debit,False
7003792,100224,2024-11-09,20:00:00,POS Purchase,ATM,4294.72,NPR,714642.06,Salary Employer Pvt Ltd,Point-of-sale card purchase,False
7003785,100224,2024-11-16,16:00:00,Deposit,Branch,50282.3,NPR,764924.36,Self,Cash deposit at branch counter,False
7003789,100224,2024-12-17,18:00:00,Withdrawal,IVR,17105.42,NPR,747818.94,Self,ATM cash withdrawal,False
7003783,100224,2025-02-08,17:30:00,POS Purchase,POS,6831.35,NPR,740987.59,Khalti,Point-of-sale card purchase,False
7003797,100224,2025-02-15,19:00:00,Deposit,IVR,62469.04,NPR,803456.63,Self,Cash deposit at branch counter,False
7003787,100224,2025-04-07,20:15:00,Interest Credit,Mobile App,60829.38,NPR,864286.01,,Quarterly interest credit,False
7003796,100224,2025-06-21,13:45:00,POS Purchase,Branch,1815.45,NPR,862470.56,Amazon,Point-of-sale card purchase,False
7003791,100224,2025-06-26,15:00:00,Transfer In,Branch,53939.06,NPR,916409.62,,Incoming fund transfer,False
7003781,100224,2025-08-04,07:30:00,Withdrawal,Branch,41686.27,NPR,874723.35,Self,ATM cash withdrawal,False
7003784,100224,2025-11-18,19:30:00,Withdrawal,Internet Banking,52936.55,NPR,821786.8,Self,ATM cash withdrawal,False
7003793,100224,2026-01-04,07:15:00,Deposit,ATM,54615.34,NPR,876402.14,Self,Cash deposit at branch counter,False
7003786,100224,2026-04-25,16:45:00,Transfer In,ATM,10719.46,NPR,887121.6,,Incoming fund transfer,False
7003788,100224,2026-05-03,13:30:00,Transfer Out,Branch,11623.13,NPR,875498.47,,Outgoing fund transfer,False
7003795,100224,2026-05-17,20:00:00,Withdrawal,IVR,39349.16,NPR,836149.31,Self,ATM cash withdrawal,False
7003782,100224,2026-08-06,17:45:00,Loan EMI,Internet Banking,39202.54,NPR,796946.77,,Loan EMI auto-debit,False
7003815,100225,2024-01-14,18:30:00,Loan EMI,Internet Banking,25914.65,NPR,810249.11,,Loan EMI auto-debit,False
7003811,100225,2024-01-22,21:00:00,Withdrawal,Mobile App,32089.15,NPR,778159.96,Self,ATM cash withdrawal,False
7003813,100225,2024-02-08,21:00:00,POS Purchase,Branch,1452.86,NPR,776707.1,Salary Employer Pvt Ltd,Point-of-sale card purchase,False
7003808,100225,2024-03-20,08:30:00,POS Purchase,Internet Banking,3249.4,NPR,773457.7,Foodmandu,Point-of-sale card purchase,False
7003814,100225,2024-05-13,15:30:00,Withdrawal,Branch,8016.91,NPR,765440.79,Self,ATM cash withdrawal,False
7003802,100225,2024-08-09,16:15:00,Loan EMI,Internet Banking,10700.2,NPR,754740.59,,Loan EMI auto-debit,False
7003809,100225,2024-09-25,20:15:00,Fee,IVR,345.41,NPR,754395.18,,Monthly account maintenance fee,False
7003812,100225,2024-10-15,14:00:00,Deposit,Internet Banking,22976.99,NPR,777372.17,Self,Cash deposit at branch counter,False
7003819,100225,2024-12-27,17:15:00,Withdrawal,Internet Banking,52090.91,NPR,725281.26,Self,ATM cash withdrawal,False
7003803,100225,2025-02-03,07:45:00,Fee,Internet Banking,1347.79,NPR,723933.47,,Monthly account maintenance fee,False
7003806,100225,2025-05-10,18:00:00,Transfer In,ATM,92049.89,NPR,815983.36,,Incoming fund transfer,True
7003817,100225,2025-06-20,14:00:00,Transfer In,POS,52668.59,NPR,868651.95,,Incoming fund transfer,False
7003810,100225,2025-08-04,21:45:00,Transfer In,IVR,11567.95,NPR,880219.9,,Incoming fund transfer,False
7003805,100225,2025-08-17,20:45:00,Transfer Out,IVR,52887.51,NPR,827332.39,,Outgoing fund transfer,False
7003800,100225,2025-09-12,21:30:00,Withdrawal,IVR,35841.89,NPR,791490.5,Self,ATM cash withdrawal,False
7003816,100225,2025-11-16,10:45:00,Transfer Out,POS,32121.51,NPR,759368.99,,Outgoing fund transfer,False
7003804,100225,2025-11-20,06:00:00,Deposit,POS,84611.59,NPR,843980.58,Self,Cash deposit at branch counter,True
7003818,100225,2026-01-31,18:15:00,Transfer In,POS,38876.98,NPR,882857.56,,Incoming fund transfer,False
7003801,100225,2026-03-11,13:30:00,Transfer In,ATM,85041.87,NPR,967899.43,,Incoming fund transfer,True
7003799,100225,2026-04-24,20:15:00,Transfer Out,POS,61013.02,NPR,906886.41,,Outgoing fund transfer,False
7003807,100225,2026-06-11,19:00:00,POS Purchase,POS,6495.37,NPR,900391.04,Daraz,Point-of-sale card purchase,False
7003821,100226,2024-08-25,15:00:00,Fee,Internet Banking,740.26,NPR,711630.92,,Monthly account maintenance fee,False
7003833,100226,2024-09-08,21:15:00,Deposit,Internet Banking,81320.59,NPR,792951.51,Self,Cash deposit at branch counter,True
7003824,100226,2024-09-17,22:00:00,Transfer Out,Branch,38308.8,NPR,754642.71,,Outgoing fund transfer,False
7003822,100226,2024-09-23,07:30:00,POS Purchase,Mobile App,10052.08,NPR,744590.63,,Point-of-sale card purchase,False
7003820,100226,2024-11-01,08:15:00,Transfer Out,Branch,40579.57,NPR,704011.06,,Outgoing fund transfer,False
7003830,100226,2024-12-06,20:45:00,POS Purchase,Internet Banking,1450.58,NPR,702560.48,Foodmandu,Point-of-sale card purchase,False
7003835,100226,2025-01-19,10:15:00,Transfer Out,Branch,34286.23,NPR,668274.25,,Outgoing fund transfer,False
7003825,100226,2025-01-29,16:45:00,Fee,ATM,580.65,NPR,667693.6,,Monthly account maintenance fee,False
7003827,100226,2025-03-12,20:45:00,Withdrawal,Branch,9239.94,NPR,658453.66,Self,ATM cash withdrawal,False
7003831,100226,2025-05-05,17:00:00,POS Purchase,Mobile App,1089.81,NPR,657363.85,Khalti,Point-of-sale card purchase,False
7003829,100226,2025-08-01,15:15:00,Transfer Out,Internet Banking,8417.87,NPR,648945.98,,Outgoing fund transfer,False
7003828,100226,2025-08-21,20:00:00,Transfer In,IVR,16063.47,NPR,665009.45,,Incoming fund transfer,False
7003832,100226,2025-12-23,11:45:00,Loan EMI,Internet Banking,20918.62,NPR,644090.83,,Loan EMI auto-debit,False
7003823,100226,2025-12-31,21:15:00,Fee,Mobile App,901.02,NPR,643189.81,,Monthly account maintenance fee,False
7003834,100226,2026-02-22,12:00:00,Interest Credit,Branch,26263.33,NPR,669453.14,,Quarterly interest credit,False
7003826,100226,2026-06-04,19:15:00,Interest Credit,Mobile App,12830.1,NPR,682283.24,,Quarterly interest credit,False
7003836,100226,2026-08-15,08:45:00,Loan EMI,Internet Banking,16752.05,NPR,665531.19,,Loan EMI auto-debit,False
7003850,100227,2026-05-05,19:15:00,Withdrawal,ATM,52857.83,NPR,87026.17,Self,ATM cash withdrawal,False
7003841,100227,2026-05-07,14:30:00,Loan EMI,Internet Banking,15035.9,NPR,71990.27,,Loan EMI auto-debit,False
7003838,100227,2026-05-18,08:30:00,Deposit,Branch,26170.44,NPR,98160.71,Self,Cash deposit at branch counter,False
7003837,100227,2026-05-30,12:15:00,POS Purchase,POS,1589.8,NPR,96570.91,Self,Point-of-sale card purchase,False
7003848,100227,2026-06-02,13:30:00,Interest Credit,POS,74025.53,NPR,170596.44,,Quarterly interest credit,False
7003846,100227,2026-06-24,16:00:00,Interest Credit,ATM,65250.62,NPR,235847.06,,Quarterly interest credit,False
7003849,100227,2026-06-25,17:15:00,Transfer In,Internet Banking,39504.86,NPR,275351.92,,Incoming fund transfer,False
7003840,100227,2026-07-07,08:30:00,Interest Credit,Mobile App,28371.69,NPR,303723.61,,Quarterly interest credit,False
7003845,100227,2026-07-17,17:15:00,Fee,IVR,584.03,NPR,303139.58,,Monthly account maintenance fee,False
7003847,100227,2026-07-23,15:45:00,POS Purchase,IVR,10467.7,NPR,292671.88,eSewa,Point-of-sale card purchase,False
7003842,100227,2026-08-01,12:00:00,POS Purchase,Internet Banking,1773,NPR,290898.88,Khalti,Point-of-sale card purchase,False
7003839,100227,2026-08-05,17:30:00,Transfer Out,POS,18341.9,NPR,272556.98,,Outgoing fund transfer,False
7003844,100227,2026-08-11,21:45:00,Fee,ATM,594.21,NPR,271962.77,,Monthly account maintenance fee,False
7003843,100227,2026-08-26,14:45:00,Transfer In,Internet Banking,77753.41,NPR,349716.18,,Incoming fund transfer,False
7003874,100228,2026-02-05,18:15:00,Interest Credit,ATM,76716.53,NPR,698527.19,,Quarterly interest credit,False
7003854,100228,2026-02-12,09:15:00,Deposit,IVR,60113.9,NPR,758641.09,Self,Cash deposit at branch counter,False
7003871,100228,2026-03-04,06:45:00,Loan EMI,Internet Banking,4969.94,NPR,753671.15,,Loan EMI auto-debit,False
7003853,100228,2026-03-06,16:00:00,Transfer Out,Mobile App,39902.71,NPR,713768.44,,Outgoing fund transfer,False
7003861,100228,2026-03-08,21:30:00,Withdrawal,IVR,20175.86,NPR,693592.58,Self,ATM cash withdrawal,False
7003857,100228,2026-03-11,19:00:00,Withdrawal,ATM,51940.31,NPR,641652.27,Self,ATM cash withdrawal,False
7003872,100228,2026-03-18,08:30:00,POS Purchase,Branch,7554.89,NPR,634097.38,Daraz,Point-of-sale card purchase,False
7003866,100228,2026-03-19,14:00:00,Deposit,ATM,23425.27,NPR,657522.65,Self,Cash deposit at branch counter,False
7003873,100228,2026-03-29,17:00:00,Fee,ATM,832.13,NPR,656690.52,,Monthly account maintenance fee,False
7003864,100228,2026-04-11,10:15:00,POS Purchase,IVR,1226.85,NPR,655463.67,Daraz,Point-of-sale card purchase,False
7003851,100228,2026-04-12,10:00:00,Loan EMI,Internet Banking,30489.95,NPR,624973.72,,Loan EMI auto-debit,False
7003855,100228,2026-04-17,16:00:00,Transfer In,IVR,75730.11,NPR,700703.83,,Incoming fund transfer,False
7003862,100228,2026-04-23,09:15:00,Interest Credit,IVR,31369.78,NPR,732073.61,,Quarterly interest credit,False
7003869,100228,2026-05-02,09:00:00,Deposit,POS,20079.38,NPR,752152.99,Self,Cash deposit at branch counter,False
7003860,100228,2026-05-28,20:30:00,Loan EMI,Internet Banking,11022.66,NPR,741130.33,,Loan EMI auto-debit,False
7003870,100228,2026-05-31,15:30:00,Deposit,Branch,35479.46,NPR,776609.79,Self,Cash deposit at branch counter,False
7003859,100228,2026-06-17,08:00:00,Loan EMI,Internet Banking,35697.15,NPR,740912.64,,Loan EMI auto-debit,False
7003868,100228,2026-06-17,22:15:00,POS Purchase,ATM,6043.8,NPR,734868.84,Salary Employer Pvt Ltd,Point-of-sale card purchase,False
7003863,100228,2026-07-17,18:00:00,Loan EMI,Internet Banking,13371.96,NPR,721496.88,,Loan EMI auto-debit,False
7003865,100228,2026-07-17,17:45:00,Transfer In,Mobile App,54803.63,NPR,776300.51,,Incoming fund transfer,False
7003858,100228,2026-07-23,15:30:00,Fee,POS,574.08,NPR,775726.43,,Monthly account maintenance fee,False
7003875,100228,2026-07-25,16:00:00,Deposit,ATM,23695.16,NPR,799421.59,Self,Cash deposit at branch counter,False
7003876,100228,2026-07-25,08:15:00,Transfer In,Internet Banking,64819.67,NPR,864241.26,,Incoming fund transfer,False
7003867,100228,2026-08-05,09:15:00,Interest Credit,Branch,73544.5,NPR,937785.76,,Quarterly interest credit,False
7003856,100228,2026-08-13,12:45:00,Deposit,ATM,50938.71,NPR,988724.47,Self,Cash deposit at branch counter,False
7003852,100228,2026-08-23,07:00:00,Interest Credit,Mobile App,85355.09,NPR,1074079.56,,Quarterly interest credit,True
7003878,100229,2026-06-26,19:15:00,Interest Credit,IVR,91069.79,NPR,91069.79,,Quarterly interest credit,True
7003881,100229,2026-06-27,14:00:00,Withdrawal,POS,40318.03,NPR,50751.76,Self,ATM cash withdrawal,False
7003877,100229,2026-07-14,07:45:00,Deposit,Branch,92040.86,NPR,142792.62,Self,Cash deposit at branch counter,False
7003880,100229,2026-07-31,15:15:00,Deposit,Branch,2474.2,NPR,145266.82,Self,Cash deposit at branch counter,False
7003879,100229,2026-08-06,12:15:00,Loan EMI,Internet Banking,33345.23,NPR,111921.59,,Loan EMI auto-debit,False
7003895,100230,2024-04-26,20:00:00,Transfer In,Internet Banking,89515.37,NPR,161927.13,,Incoming fund transfer,True
7003893,100230,2024-08-15,06:30:00,POS Purchase,ATM,367.06,NPR,161560.07,,Point-of-sale card purchase,False
7003892,100230,2024-08-24,15:15:00,Loan EMI,Internet Banking,23420.31,NPR,138139.76,,Loan EMI auto-debit,False
7003884,100230,2024-10-31,20:30:00,Loan EMI,Internet Banking,31289.68,NPR,106850.08,,Loan EMI auto-debit,False
7003888,100230,2024-12-02,13:45:00,Transfer Out,Mobile App,60394.21,NPR,46455.87,,Outgoing fund transfer,False
7003885,100230,2025-02-05,08:00:00,Withdrawal,Internet Banking,23858.64,NPR,22597.23,Self,ATM cash withdrawal,False
7003883,100230,2025-04-06,10:00:00,Deposit,Mobile App,86158.84,NPR,108756.07,Self,Cash deposit at branch counter,True
7003891,100230,2025-08-15,08:45:00,Transfer Out,Branch,9663.76,NPR,99092.31,,Outgoing fund transfer,False
7003887,100230,2025-09-04,15:30:00,POS Purchase,Internet Banking,10999.91,NPR,88092.4,Local ATM Withdrawal,Point-of-sale card purchase,False
7003890,100230,2025-11-07,18:45:00,Interest Credit,IVR,587.34,NPR,88679.74,,Quarterly interest credit,False
7003882,100230,2025-12-10,14:45:00,Fee,Mobile App,532.05,NPR,88147.69,,Monthly account maintenance fee,False
7003889,100230,2026-04-18,22:30:00,Interest Credit,Branch,64582.32,NPR,152730.01,,Quarterly interest credit,False
7003894,100230,2026-08-18,10:00:00,Loan EMI,Internet Banking,30880.85,NPR,121849.16,,Loan EMI auto-debit,False
7003886,100230,2026-08-23,07:15:00,Fee,Mobile App,536.21,NPR,121312.95,,Monthly account maintenance fee,False
7003896,100231,2025-09-13,21:45:00,Transfer In,Branch,37801.67,NPR,37801.67,,Incoming fund transfer,False
7003897,100231,2026-04-13,10:00:00,POS Purchase,Mobile App,3569.41,NPR,34232.26,Khalti,Point-of-sale card purchase,False
7003898,100232,2024-04-08,13:15:00,Withdrawal,Internet Banking,29971.46,NPR,-29971.46,Self,ATM cash withdrawal,False
7003899,100232,2024-10-13,21:00:00,Interest Credit,Mobile App,26050.64,NPR,-3920.82,,Quarterly interest credit,False
7003903,100233,2024-02-03,20:00:00,POS Purchase,Branch,11276.55,NPR,551978.76,NTC Recharge,Point-of-sale card purchase,False
7003905,100233,2024-04-06,08:00:00,Transfer Out,IVR,22007.88,NPR,529970.88,,Outgoing fund transfer,False
7003913,100233,2024-06-13,21:30:00,Loan EMI,Internet Banking,9594.93,NPR,520375.95,,Loan EMI auto-debit,False
7003912,100233,2024-07-05,14:30:00,Fee,Mobile App,273.77,NPR,520102.18,,Monthly account maintenance fee,False
7003915,100233,2024-09-17,20:45:00,Transfer Out,POS,6711.53,NPR,513390.65,,Outgoing fund transfer,False
7003904,100233,2024-09-18,11:30:00,Interest Credit,POS,3376.99,NPR,516767.64,,Quarterly interest credit,False
7003909,100233,2024-10-14,18:00:00,Transfer Out,Branch,37037.68,NPR,479729.96,,Outgoing fund transfer,False
7003908,100233,2025-02-25,22:45:00,Fee,Mobile App,1055.62,NPR,478674.34,,Monthly account maintenance fee,False
7003907,100233,2025-04-18,17:00:00,Transfer Out,Branch,2705.25,NPR,475969.09,,Outgoing fund transfer,False
7003914,100233,2025-06-03,19:45:00,Fee,POS,1435.19,NPR,474533.9,,Monthly account maintenance fee,False
7003901,100233,2025-08-20,20:30:00,Transfer In,Branch,25356.83,NPR,499890.73,,Incoming fund transfer,False
7003910,100233,2025-12-04,19:15:00,Transfer Out,POS,16406.02,NPR,483484.71,,Outgoing fund transfer,False
7003911,100233,2025-12-17,15:30:00,Transfer In,Internet Banking,37489.72,NPR,520974.43,,Incoming fund transfer,False
7003916,100233,2025-12-26,12:15:00,Deposit,ATM,20506.27,NPR,541480.7,Self,Cash deposit at branch counter,False
7003902,100233,2026-02-04,20:15:00,Withdrawal,ATM,55356.94,NPR,486123.76,Self,ATM cash withdrawal,False
7003900,100233,2026-05-29,13:15:00,Loan EMI,Internet Banking,26795.95,NPR,459327.81,,Loan EMI auto-debit,False
7003906,100233,2026-07-20,20:00:00,POS Purchase,IVR,4356.41,NPR,454971.4,eSewa,Point-of-sale card purchase,False
7003917,100233,2026-08-03,08:45:00,Withdrawal,IVR,54622.07,NPR,400349.33,Self,ATM cash withdrawal,False
7003925,100234,2025-04-15,11:45:00,Loan EMI,Internet Banking,15810.36,NPR,497783.4,,Loan EMI auto-debit,False
7003923,100234,2025-05-25,10:15:00,Transfer In,ATM,77295.77,NPR,575079.17,,Incoming fund transfer,False
7003918,100234,2025-07-10,09:00:00,Transfer In,Branch,48048.63,NPR,623127.8,,Incoming fund transfer,False
7003922,100234,2025-08-16,19:15:00,Loan EMI,Internet Banking,25840.43,NPR,597287.37,,Loan EMI auto-debit,False
7003921,100234,2025-08-21,15:15:00,POS Purchase,Internet Banking,5274.45,NPR,592012.92,Daraz,Point-of-sale card purchase,False
7003927,100234,2025-11-28,18:30:00,Loan EMI,Internet Banking,28122.01,NPR,563890.91,,Loan EMI auto-debit,False
7003924,100234,2025-12-05,16:00:00,Transfer Out,POS,11390.66,NPR,552500.25,,Outgoing fund transfer,False
7003926,100234,2026-02-19,12:30:00,Withdrawal,ATM,32014.33,NPR,520485.92,Self,ATM cash withdrawal,False
7003919,100234,2026-04-17,12:45:00,Withdrawal,Mobile App,63950.62,NPR,456535.3,Self,ATM cash withdrawal,False
7003920,100234,2026-08-16,08:30:00,Loan EMI,Internet Banking,16785.7,NPR,439749.6,,Loan EMI auto-debit,False
7003931,100235,2024-03-05,07:45:00,Deposit,POS,83213.66,NPR,380955.72,Self,Cash deposit at branch counter,False
7003936,100235,2024-08-08,16:45:00,Transfer Out,Branch,4963.55,NPR,375992.17,,Outgoing fund transfer,False
7003941,100235,2024-08-11,20:15:00,Withdrawal,Mobile App,51055.66,NPR,324936.51,Self,ATM cash withdrawal,False
7003929,100235,2025-06-10,08:45:00,Transfer In,POS,78659.16,NPR,403595.67,,Incoming fund transfer,False
7003939,100235,2025-06-25,12:45:00,Deposit,Internet Banking,12141.47,NPR,415737.14,Self,Cash deposit at branch counter,False
7003928,100235,2025-07-28,21:15:00,Transfer Out,Branch,31099.38,NPR,384637.76,,Outgoing fund transfer,False
7003938,100235,2025-10-13,16:30:00,Withdrawal,Mobile App,41074.3,NPR,343563.46,Self,ATM cash withdrawal,False
7003940,100235,2025-10-17,13:00:00,POS Purchase,POS,1937.03,NPR,341626.43,Bhat-Bhateni Supermarket,Point-of-sale card purchase,False
7003933,100235,2026-01-15,11:30:00,Interest Credit,Internet Banking,78170.95,NPR,419797.38,,Quarterly interest credit,False
7003935,100235,2026-01-16,12:00:00,Transfer Out,Branch,3662.99,NPR,416134.39,,Outgoing fund transfer,False
7003934,100235,2026-02-27,06:15:00,Interest Credit,Internet Banking,11839.73,NPR,427974.12,,Quarterly interest credit,False
7003932,100235,2026-06-22,20:45:00,POS Purchase,Mobile App,10381.83,NPR,417592.29,Foodmandu,Point-of-sale card purchase,False
7003930,100235,2026-07-09,14:15:00,Loan EMI,Internet Banking,22783.11,NPR,394809.18,,Loan EMI auto-debit,False
7003937,100235,2026-07-21,16:00:00,Transfer Out,Mobile App,23646.56,NPR,371162.62,,Outgoing fund transfer,False
7003942,100235,2026-08-05,12:30:00,Deposit,ATM,18059.89,NPR,389222.51,Self,Cash deposit at branch counter,False
7003969,100236,2024-02-03,08:45:00,Withdrawal,Internet Banking,11934.9,NPR,618573.56,Self,ATM cash withdrawal,False
7003959,100236,2024-02-04,21:30:00,Transfer In,IVR,73346.72,NPR,691920.28,,Incoming fund transfer,False
7003945,100236,2024-02-05,16:45:00,Loan EMI,Internet Banking,18079.28,NPR,673841,,Loan EMI auto-debit,False
7003961,100236,2024-02-16,11:15:00,POS Purchase,Internet Banking,5981.34,NPR,667859.66,Khalti,Point-of-sale card purchase,False
7003954,100236,2024-03-03,17:45:00,Loan EMI,Internet Banking,13619.59,NPR,654240.07,,Loan EMI auto-debit,False
7003963,100236,2024-04-18,10:15:00,Deposit,Internet Banking,90070.06,NPR,744310.13,Self,Cash deposit at branch counter,True
7003964,100236,2024-07-03,21:45:00,Loan EMI,Internet Banking,23346.91,NPR,720963.22,,Loan EMI auto-debit,False
7003966,100236,2024-07-05,08:45:00,Withdrawal,ATM,49117.01,NPR,671846.21,Self,ATM cash withdrawal,False
7003949,100236,2024-07-07,18:45:00,Transfer In,Branch,13064.33,NPR,684910.54,,Incoming fund transfer,False
7003970,100236,2024-07-12,22:30:00,Loan EMI,Internet Banking,40483.02,NPR,644427.52,,Loan EMI auto-debit,False
7003955,100236,2024-07-28,06:00:00,POS Purchase,Mobile App,4825.68,NPR,639601.84,Salary Employer Pvt Ltd,Point-of-sale card purchase,False
7003950,100236,2024-08-03,13:00:00,Transfer In,POS,46481.88,NPR,686083.72,,Incoming fund transfer,False
7003965,100236,2024-08-17,15:45:00,POS Purchase,Internet Banking,7267.84,NPR,678815.88,Bhat-Bhateni Supermarket,Point-of-sale card purchase,False
7003958,100236,2024-08-28,13:45:00,Transfer In,POS,13300.29,NPR,692116.17,,Incoming fund transfer,False
7003951,100236,2024-09-12,16:00:00,Transfer Out,ATM,20131.88,NPR,671984.29,,Outgoing fund transfer,False
7003947,100236,2025-01-27,16:30:00,Transfer Out,POS,14702.28,NPR,657282.01,,Outgoing fund transfer,False
7003956,100236,2025-03-21,08:45:00,POS Purchase,IVR,8818.32,NPR,648463.69,eSewa,Point-of-sale card purchase,False
7003946,100236,2025-04-23,18:00:00,Interest Credit,Branch,79970.15,NPR,728433.84,,Quarterly interest credit,False
7003968,100236,2025-05-06,20:45:00,Transfer In,IVR,50108.34,NPR,778542.18,,Incoming fund transfer,False
7003948,100236,2025-05-18,19:30:00,Transfer Out,IVR,42206.92,NPR,736335.26,,Outgoing fund transfer,False
7003962,100236,2025-05-27,16:15:00,Interest Credit,IVR,4772.34,NPR,741107.6,,Quarterly interest credit,False
7003967,100236,2025-06-11,18:00:00,Interest Credit,ATM,46358.85,NPR,787466.45,,Quarterly interest credit,False
7003943,100236,2025-06-19,16:30:00,Deposit,ATM,77578.54,NPR,865044.99,Self,Cash deposit at branch counter,False
7003944,100236,2025-12-28,20:15:00,Withdrawal,Branch,26443.61,NPR,838601.38,Self,ATM cash withdrawal,False
7003957,100236,2026-01-04,18:00:00,Withdrawal,ATM,27514.65,NPR,811086.73,Self,ATM cash withdrawal,False
7003960,100236,2026-07-11,08:45:00,Withdrawal,POS,29706.36,NPR,781380.37,Self,ATM cash withdrawal,False
7003952,100236,2026-08-14,22:00:00,Withdrawal,Branch,45266.33,NPR,736114.04,Self,ATM cash withdrawal,False
7003953,100236,2026-08-15,09:30:00,Withdrawal,Branch,58449.6,NPR,677664.44,Self,ATM cash withdrawal,False
7003991,100237,2024-04-22,08:15:00,Fee,Branch,414.75,NPR,240155.56,,Monthly account maintenance fee,False
7003976,100237,2024-06-12,11:45:00,POS Purchase,IVR,2644.13,NPR,237511.43,IME Remit,Point-of-sale card purchase,False
7003978,100237,2024-07-09,14:45:00,Transfer In,POS,11159.78,NPR,248671.21,,Incoming fund transfer,False
7003984,100237,2024-07-22,11:30:00,Transfer In,Mobile App,43088.12,NPR,291759.33,,Incoming fund transfer,False
7003975,100237,2024-08-01,16:45:00,Interest Credit,Branch,73319.06,NPR,365078.39,,Quarterly interest credit,False
7003990,100237,2024-08-07,18:45:00,Loan EMI,Internet Banking,38501.2,NPR,326577.19,,Loan EMI auto-debit,False
7003973,100237,2024-09-23,15:30:00,Deposit,Branch,12747.49,NPR,339324.68,Self,Cash deposit at branch counter,False
7003992,100237,2024-11-20,20:45:00,Interest Credit,Internet Banking,89494.33,NPR,428819.01,,Quarterly interest credit,True
7003986,100237,2024-11-21,12:30:00,Transfer In,POS,90330.55,NPR,519149.56,,Incoming fund transfer,False
7003993,100237,2024-12-18,22:45:00,Fee,ATM,122.28,NPR,519027.28,,Monthly account maintenance fee,False
7003974,100237,2025-01-29,20:15:00,Deposit,ATM,86994.96,NPR,606022.24,Self,Cash deposit at branch counter,True
7003989,100237,2025-02-04,09:30:00,Interest Credit,IVR,77062.66,NPR,683084.9,,Quarterly interest credit,False
7003981,100237,2025-03-21,11:45:00,Fee,Branch,1184.86,NPR,681900.04,,Monthly account maintenance fee,False
7003988,100237,2025-05-27,19:30:00,Interest Credit,POS,57296.2,NPR,739196.24,,Quarterly interest credit,False
7003980,100237,2025-08-15,15:45:00,Transfer In,Branch,35018.39,NPR,774214.63,,Incoming fund transfer,False
7003994,100237,2025-09-11,15:15:00,POS Purchase,Mobile App,7797.88,NPR,766416.75,Khalti,Point-of-sale card purchase,False
7003987,100237,2025-09-26,13:00:00,Deposit,ATM,13454.38,NPR,779871.13,Self,Cash deposit at branch counter,False
7003995,100237,2025-10-11,07:45:00,Interest Credit,ATM,21550.95,NPR,801422.08,,Quarterly interest credit,False
7003979,100237,2025-11-18,20:30:00,Withdrawal,IVR,43455.26,NPR,757966.82,Self,ATM cash withdrawal,False
7003977,100237,2025-12-30,10:30:00,Transfer In,POS,40335.15,NPR,798301.97,,Incoming fund transfer,False
7003983,100237,2026-04-25,07:00:00,Transfer In,IVR,48194.94,NPR,846496.91,,Incoming fund transfer,False
7003985,100237,2026-04-26,08:15:00,POS Purchase,Internet Banking,6497.27,NPR,839999.64,,Point-of-sale card purchase,False
7003971,100237,2026-05-21,15:15:00,Loan EMI,Internet Banking,38031.57,NPR,801968.07,,Loan EMI auto-debit,False
7003972,100237,2026-06-10,10:00:00,Fee,IVR,1454.35,NPR,800513.72,,Monthly account maintenance fee,False
7003982,100237,2026-07-04,08:15:00,Fee,IVR,739.27,NPR,799774.45,,Monthly account maintenance fee,False
7003996,100238,2024-01-16,15:15:00,Transfer In,ATM,82654.9,NPR,580769.21,,Incoming fund transfer,True
7004012,100238,2024-01-28,11:45:00,Deposit,POS,13139.23,NPR,593908.44,Self,Cash deposit at branch counter,False
7004000,100238,2024-02-24,20:15:00,Withdrawal,Mobile App,3664.66,NPR,590243.78,Self,ATM cash withdrawal,False
7004013,100238,2024-03-05,14:30:00,POS Purchase,POS,3819.96,NPR,586423.82,Self,Point-of-sale card purchase,False
7004004,100238,2024-04-18,09:00:00,Transfer Out,ATM,4363.39,NPR,582060.43,,Outgoing fund transfer,False
7003998,100238,2024-05-08,12:30:00,Interest Credit,IVR,34701.78,NPR,616762.21,,Quarterly interest credit,False
7004008,100238,2024-05-25,07:15:00,Interest Credit,ATM,49845.51,NPR,666607.72,,Quarterly interest credit,False
7004001,100238,2024-05-30,15:00:00,Transfer In,POS,17100.04,NPR,683707.76,,Incoming fund transfer,False
7003999,100238,2024-06-17,11:15:00,Withdrawal,Internet Banking,21125.68,NPR,662582.08,Self,ATM cash withdrawal,False
7004014,100238,2024-06-30,08:45:00,Fee,Internet Banking,804.84,NPR,661777.24,,Monthly account maintenance fee,False
7004015,100238,2024-10-06,22:15:00,Fee,Mobile App,1321.53,NPR,660455.71,,Monthly account maintenance fee,False
7004002,100238,2024-10-31,12:15:00,POS Purchase,POS,3743.59,NPR,656712.12,Self,Point-of-sale card purchase,False
7004011,100238,2024-11-21,12:30:00,Loan EMI,Internet Banking,33327.02,NPR,623385.1,,Loan EMI auto-debit,False
7004006,100238,2025-01-16,13:00:00,POS Purchase,Mobile App,1845.35,NPR,621539.75,Daraz,Point-of-sale card purchase,False
7004003,100238,2025-05-10,07:15:00,Loan EMI,Internet Banking,18816.96,NPR,602722.79,,Loan EMI auto-debit,False
7004010,100238,2025-05-13,20:00:00,Deposit,IVR,70720.23,NPR,673443.02,Self,Cash deposit at branch counter,False
7004005,100238,2025-07-01,15:15:00,Deposit,Internet Banking,26696.87,NPR,700139.89,Self,Cash deposit at branch counter,False
7004007,100238,2025-10-05,22:45:00,Loan EMI,Internet Banking,12374.51,NPR,687765.38,,Loan EMI auto-debit,False
7003997,100238,2026-04-25,21:30:00,Withdrawal,Internet Banking,53415.02,NPR,634350.36,Self,ATM cash withdrawal,False
7004009,100238,2026-07-01,08:45:00,Transfer Out,Branch,57511.99,NPR,576838.37,,Outgoing fund transfer,False
7004016,100239,2024-02-28,20:00:00,Withdrawal,ATM,28324.26,NPR,-28324.26,Self,ATM cash withdrawal,False
7004019,100239,2024-06-22,07:30:00,POS Purchase,ATM,1379.1,NPR,-29703.36,eSewa,Point-of-sale card purchase,False
7004020,100239,2024-11-16,10:00:00,POS Purchase,IVR,9294.35,NPR,-38997.71,Foodmandu,Point-of-sale card purchase,False
7004017,100239,2025-04-12,06:15:00,POS Purchase,POS,4687.39,NPR,-43685.1,eSewa,Point-of-sale card purchase,False
7004018,100239,2025-08-22,12:15:00,POS Purchase,Mobile App,312.84,NPR,-43997.94,IME Remit,Point-of-sale card purchase,False
7004035,100240,2025-11-27,22:45:00,Interest Credit,IVR,63846.29,NPR,680208.3,,Quarterly interest credit,False
7004027,100240,2025-12-16,15:30:00,Transfer Out,IVR,48136.26,NPR,632072.04,,Outgoing fund transfer,False
7004032,100240,2025-12-16,16:00:00,Withdrawal,IVR,57192.01,NPR,574880.03,Self,ATM cash withdrawal,False
7004033,100240,2026-01-16,13:30:00,Loan EMI,Internet Banking,19413.96,NPR,555466.07,,Loan EMI auto-debit,False
7004042,100240,2026-01-21,10:00:00,Withdrawal,Internet Banking,11338.39,NPR,544127.68,Self,ATM cash withdrawal,False
7004036,100240,2026-02-12,21:30:00,Loan EMI,Internet Banking,36340.33,NPR,507787.35,,Loan EMI auto-debit,False
7004030,100240,2026-02-14,08:15:00,Transfer Out,IVR,14816.2,NPR,492971.15,,Outgoing fund transfer,False
7004024,100240,2026-02-24,19:30:00,Transfer In,Mobile App,70039.66,NPR,563010.81,,Incoming fund transfer,False
7004039,100240,2026-03-07,08:45:00,Fee,Internet Banking,1431.66,NPR,561579.15,,Monthly account maintenance fee,False
7004023,100240,2026-03-09,20:45:00,Fee,Branch,1456.16,NPR,560122.99,,Monthly account maintenance fee,False
7004031,100240,2026-03-22,19:00:00,Interest Credit,ATM,80868.35,NPR,640991.34,,Quarterly interest credit,False
7004041,100240,2026-03-22,14:15:00,Loan EMI,Internet Banking,36470.3,NPR,604521.04,,Loan EMI auto-debit,False
7004040,100240,2026-04-14,14:15:00,Interest Credit,POS,38120.04,NPR,642641.08,,Quarterly interest credit,False
7004028,100240,2026-04-28,09:45:00,Deposit,IVR,43291.98,NPR,685933.06,Self,Cash deposit at branch counter,False
7004037,100240,2026-04-30,08:45:00,Interest Credit,Branch,59618.8,NPR,745551.86,,Quarterly interest credit,False
7004038,100240,2026-05-10,12:15:00,Transfer In,Internet Banking,53181.16,NPR,798733.02,,Incoming fund transfer,False
7004025,100240,2026-05-20,19:30:00,Deposit,IVR,6716.3,NPR,805449.32,Self,Cash deposit at branch counter,False
7004026,100240,2026-05-29,13:15:00,Transfer Out,Internet Banking,41218.31,NPR,764231.01,,Outgoing fund transfer,False
7004034,100240,2026-06-07,10:00:00,Fee,Mobile App,1204.66,NPR,763026.35,,Monthly account maintenance fee,False
7004022,100240,2026-07-05,19:30:00,POS Purchase,ATM,9818.17,NPR,753208.18,eSewa,Point-of-sale card purchase,False
7004029,100240,2026-07-14,22:30:00,Interest Credit,ATM,45878.79,NPR,799086.97,,Quarterly interest credit,False
7004021,100240,2026-08-06,21:00:00,Transfer Out,Internet Banking,2845.2,NPR,796241.77,,Outgoing fund transfer,False
7004046,100241,2024-03-13,10:15:00,Interest Credit,POS,75524.38,NPR,385057.96,,Quarterly interest credit,False
7004053,100241,2024-04-06,14:15:00,Withdrawal,POS,31702.68,NPR,353355.28,Self,ATM cash withdrawal,False
7004043,100241,2024-04-08,22:30:00,Interest Credit,IVR,88407.57,NPR,441762.85,,Quarterly interest credit,False
7004047,100241,2024-09-15,17:45:00,Withdrawal,POS,64999.54,NPR,376763.31,Self,ATM cash withdrawal,False
7004052,100241,2024-12-03,20:30:00,Transfer In,ATM,56272.67,NPR,433035.98,,Incoming fund transfer,False
7004044,100241,2024-12-04,10:00:00,Fee,POS,393.92,NPR,432642.06,,Monthly account maintenance fee,False
7004050,100241,2025-01-10,20:15:00,Withdrawal,ATM,60435.39,NPR,372206.67,Self,ATM cash withdrawal,False
7004045,100241,2025-02-08,12:00:00,Withdrawal,IVR,13138.94,NPR,359067.73,Self,ATM cash withdrawal,False
7004051,100241,2025-06-16,20:15:00,Interest Credit,POS,7362.24,NPR,366429.97,,Quarterly interest credit,False
7004049,100241,2025-06-18,16:45:00,Withdrawal,Mobile App,56297.52,NPR,310132.45,Self,ATM cash withdrawal,False
7004048,100241,2025-11-09,21:45:00,Fee,Branch,1125.09,NPR,309007.36,,Monthly account maintenance fee,False
7004060,100242,2024-03-10,13:00:00,Fee,POS,302,NPR,207326.93,,Monthly account maintenance fee,False
7004056,100242,2024-03-25,07:15:00,Deposit,Branch,28097.07,NPR,235424,Self,Cash deposit at branch counter,False
7004065,100242,2024-04-17,22:30:00,Interest Credit,Internet Banking,15303.38,NPR,250727.38,,Quarterly interest credit,False
7004063,100242,2025-01-08,19:30:00,Fee,Mobile App,768.52,NPR,249958.86,,Monthly account maintenance fee,False
7004062,100242,2025-01-16,08:15:00,Transfer In,IVR,22123.88,NPR,272082.74,,Incoming fund transfer,False
7004054,100242,2025-03-04,20:45:00,Fee,Branch,351.68,NPR,271731.06,,Monthly account maintenance fee,False
7004064,100242,2025-07-02,21:45:00,Fee,IVR,1434.14,NPR,270296.92,,Monthly account maintenance fee,False
7004059,100242,2025-07-10,14:00:00,Loan EMI,Internet Banking,17567.85,NPR,252729.07,,Loan EMI auto-debit,False
7004058,100242,2025-09-18,08:15:00,Transfer In,IVR,64218.19,NPR,316947.26,,Incoming fund transfer,False
7004061,100242,2026-03-09,22:45:00,Fee,POS,422.94,NPR,316524.32,,Monthly account maintenance fee,False
7004055,100242,2026-07-21,22:00:00,Deposit,IVR,29211.93,NPR,345736.25,Self,Cash deposit at branch counter,False
7004066,100242,2026-07-28,09:15:00,Withdrawal,Internet Banking,45877.08,NPR,299859.17,Self,ATM cash withdrawal,False
7004057,100242,2026-08-07,06:30:00,Fee,IVR,808.95,NPR,299050.22,,Monthly account maintenance fee,False
7004091,100243,2025-12-01,10:00:00,Interest Credit,Branch,639.95,NPR,670172.2,,Quarterly interest credit,False
7004083,100243,2025-12-04,10:00:00,Loan EMI,Internet Banking,6405.21,NPR,663766.99,,Loan EMI auto-debit,False
7004077,100243,2025-12-27,12:45:00,Transfer Out,Internet Banking,16909.15,NPR,646857.84,,Outgoing fund transfer,False
7004079,100243,2025-12-31,13:00:00,Transfer Out,ATM,24999.66,NPR,621858.18,,Outgoing fund transfer,False
7004072,100243,2026-01-01,13:30:00,POS Purchase,POS,11141.82,NPR,610716.36,IME Remit,Point-of-sale card purchase,False
7004085,100243,2026-01-01,06:00:00,Transfer Out,Branch,7111.31,NPR,603605.05,,Outgoing fund transfer,False
7004070,100243,2026-01-03,08:15:00,Withdrawal,Branch,28654.52,NPR,574950.53,Self,ATM cash withdrawal,False
7004087,100243,2026-01-16,08:15:00,Loan EMI,Internet Banking,9850.1,NPR,565100.43,,Loan EMI auto-debit,False
7004073,100243,2026-01-18,13:30:00,POS Purchase,Internet Banking,8659.14,NPR,556441.29,Salary Employer Pvt Ltd,Point-of-sale card purchase,False
7004069,100243,2026-01-21,11:15:00,Fee,ATM,1355.98,NPR,555085.31,,Monthly account maintenance fee,False
7004081,100243,2026-02-17,21:15:00,Fee,Internet Banking,1411.32,NPR,553673.99,,Monthly account maintenance fee,False
7004088,100243,2026-02-21,14:30:00,Deposit,Branch,8493.65,NPR,562167.64,Self,Cash deposit at branch counter,False
7004067,100243,2026-03-16,12:15:00,Loan EMI,Internet Banking,8051.77,NPR,554115.87,,Loan EMI auto-debit,False
7004068,100243,2026-03-16,18:00:00,POS Purchase,ATM,3555.52,NPR,550560.35,Bhat-Bhateni Supermarket,Point-of-sale card purchase,False
7004078,100243,2026-03-23,21:00:00,Interest Credit,ATM,23023.04,NPR,573583.39,,Quarterly interest credit,False
7004080,100243,2026-04-06,22:00:00,POS Purchase,Internet Banking,5516.17,NPR,568067.22,Self,Point-of-sale card purchase,False
7004076,100243,2026-04-11,21:00:00,POS Purchase,POS,8008.31,NPR,560058.91,Khalti,Point-of-sale card purchase,False
7004074,100243,2026-04-13,17:00:00,Fee,Branch,624.36,NPR,559434.55,,Monthly account maintenance fee,False
7004082,100243,2026-04-18,10:15:00,Interest Credit,Branch,82266.03,NPR,641700.58,,Quarterly interest credit,True
7004086,100243,2026-04-23,11:30:00,Transfer Out,Branch,16956.32,NPR,624744.26,,Outgoing fund transfer,False
7004089,100243,2026-05-13,17:30:00,Withdrawal,POS,38598.93,NPR,586145.33,Self,ATM cash withdrawal,False
7004075,100243,2026-05-23,15:30:00,Interest Credit,Internet Banking,27725.35,NPR,613870.68,,Quarterly interest credit,False
7004071,100243,2026-06-10,13:15:00,Fee,Mobile App,731.47,NPR,613139.21,,Monthly account maintenance fee,False
7004092,100243,2026-07-19,19:15:00,Loan EMI,Internet Banking,37847.64,NPR,575291.57,,Loan EMI auto-debit,False
7004084,100243,2026-08-13,08:45:00,Transfer Out,Internet Banking,25433.62,NPR,549857.95,,Outgoing fund transfer,False
7004090,100243,2026-08-28,14:15:00,Withdrawal,POS,15755.87,NPR,534102.08,Self,ATM cash withdrawal,False
7004105,100244,2024-05-10,06:45:00,POS Purchase,Branch,6224.33,NPR,166623,Foodmandu,Point-of-sale card purchase,False
7004100,100244,2024-05-25,22:15:00,Transfer Out,ATM,16316.42,NPR,150306.58,,Outgoing fund transfer,False
7004103,100244,2024-06-25,09:15:00,Transfer Out,ATM,59354.12,NPR,90952.46,,Outgoing fund transfer,False
7004106,100244,2024-08-21,11:30:00,Transfer In,IVR,28067.13,NPR,119019.59,,Incoming fund transfer,False
7004093,100244,2024-09-06,08:45:00,Transfer Out,POS,24196.84,NPR,94822.75,,Outgoing fund transfer,False
7004095,100244,2024-10-11,16:00:00,Transfer In,POS,51183.95,NPR,146006.7,,Incoming fund transfer,False
7004098,100244,2024-12-26,21:30:00,Fee,Internet Banking,918.5,NPR,145088.2,,Monthly account maintenance fee,False
7004097,100244,2025-03-15,21:00:00,POS Purchase,POS,3837.47,NPR,141250.73,Khalti,Point-of-sale card purchase,False
7004107,100244,2025-06-08,08:45:00,Deposit,ATM,33565.47,NPR,174816.2,Self,Cash deposit at branch counter,False
7004096,100244,2025-06-20,17:00:00,Deposit,IVR,39520.23,NPR,214336.43,Self,Cash deposit at branch counter,False
7004104,100244,2025-10-18,21:00:00,Fee,IVR,538.14,NPR,213798.29,,Monthly account maintenance fee,False
7004101,100244,2025-12-26,08:00:00,POS Purchase,Mobile App,10306.46,NPR,203491.83,Salary Employer Pvt Ltd,Point-of-sale card purchase,False
7004102,100244,2026-04-13,17:00:00,Transfer Out,Mobile App,33624.68,NPR,169867.15,,Outgoing fund transfer,False
7004094,100244,2026-04-14,06:30:00,Fee,IVR,896.2,NPR,168970.95,,Monthly account maintenance fee,False
7004099,100244,2026-08-04,14:00:00,Transfer In,ATM,38888.09,NPR,207859.04,,Incoming fund transfer,False
7004109,100245,2025-08-30,09:15:00,Transfer In,Mobile App,53277.28,NPR,53277.28,,Incoming fund transfer,False
7004108,100245,2026-02-05,10:30:00,Deposit,Branch,73610.15,NPR,126887.43,Self,Cash deposit at branch counter,False
7004117,100246,2024-11-29,15:00:00,Fee,ATM,1350.19,NPR,867219.11,,Monthly account maintenance fee,False
7004123,100246,2025-04-08,10:45:00,Deposit,IVR,48859.55,NPR,916078.66,Self,Cash deposit at branch counter,False
7004121,100246,2025-04-22,09:30:00,Deposit,IVR,26280.78,NPR,942359.44,Self,Cash deposit at branch counter,False
7004130,100246,2025-05-06,10:30:00,Withdrawal,Internet Banking,44746.61,NPR,897612.83,Self,ATM cash withdrawal,False
7004122,100246,2025-05-24,21:30:00,Transfer Out,ATM,7384.82,NPR,890228.01,,Outgoing fund transfer,False
7004127,100246,2025-06-01,15:45:00,Loan EMI,Internet Banking,20101.82,NPR,870126.19,,Loan EMI auto-debit,False
7004112,100246,2025-07-15,22:00:00,Transfer Out,POS,33316.57,NPR,836809.62,,Outgoing fund transfer,False
7004111,100246,2025-07-26,10:15:00,Withdrawal,Internet Banking,20349,NPR,816460.62,Self,ATM cash withdrawal,False
7004113,100246,2025-07-29,19:00:00,Transfer Out,Branch,20840.1,NPR,795620.52,,Outgoing fund transfer,False
7004119,100246,2025-09-11,09:45:00,Deposit,POS,93433.4,NPR,889053.92,Self,Cash deposit at branch counter,True
7004120,100246,2025-09-20,18:00:00,Deposit,ATM,43625.62,NPR,932679.54,Self,Cash deposit at branch counter,False
7004129,100246,2025-11-02,07:15:00,POS Purchase,Internet Banking,9583.05,NPR,923096.49,Daraz,Point-of-sale card purchase,False
7004131,100246,2025-11-29,18:00:00,Fee,Mobile App,721.81,NPR,922374.68,,Monthly account maintenance fee,False
7004115,100246,2026-01-13,11:30:00,Fee,IVR,614.03,NPR,921760.65,,Monthly account maintenance fee,False
7004118,100246,2026-01-14,16:00:00,Transfer In,Mobile App,92940.65,NPR,1014701.3,,Incoming fund transfer,False
7004125,100246,2026-02-28,11:00:00,Loan EMI,Internet Banking,44283.26,NPR,970418.04,,Loan EMI auto-debit,False
7004124,100246,2026-05-02,14:30:00,Loan EMI,Internet Banking,11655.9,NPR,958762.14,,Loan EMI auto-debit,False
7004126,100246,2026-05-30,11:45:00,Deposit,IVR,15056.4,NPR,973818.54,Self,Cash deposit at branch counter,False
7004116,100246,2026-06-09,08:30:00,Interest Credit,POS,44443.96,NPR,1018262.5,,Quarterly interest credit,False
7004128,100246,2026-07-19,10:30:00,Interest Credit,Mobile App,23543.2,NPR,1041805.7,,Quarterly interest credit,False
7004110,100246,2026-07-31,08:45:00,Withdrawal,Mobile App,13855.62,NPR,1027950.08,Self,ATM cash withdrawal,False
7004114,100246,2026-08-26,18:15:00,Transfer In,Branch,59817.96,NPR,1087768.04,,Incoming fund transfer,False
7004135,100247,2024-10-13,22:30:00,Transfer In,Branch,79775.56,NPR,424933.99,,Incoming fund transfer,False
7004140,100247,2025-03-28,17:00:00,POS Purchase,POS,7792.89,NPR,417141.1,IME Remit,Point-of-sale card purchase,False
7004146,100247,2025-04-07,13:45:00,Deposit,Branch,50650.73,NPR,467791.83,Self,Cash deposit at branch counter,False
7004137,100247,2025-04-25,07:30:00,Withdrawal,Branch,60957.98,NPR,406833.85,Self,ATM cash withdrawal,False
7004148,100247,2025-05-25,16:15:00,Fee,Mobile App,1259.65,NPR,405574.2,,Monthly account maintenance fee,False
7004133,100247,2025-06-01,07:30:00,Transfer In,Mobile App,7299.87,NPR,412874.07,,Incoming fund transfer,False
7004147,100247,2025-06-21,13:45:00,Loan EMI,Internet Banking,25207.12,NPR,387666.95,,Loan EMI auto-debit,False
7004139,100247,2025-08-17,09:15:00,Interest Credit,Mobile App,27311.25,NPR,414978.2,,Quarterly interest credit,False
7004141,100247,2025-09-02,17:15:00,Transfer In,Internet Banking,55900.98,NPR,470879.18,,Incoming fund transfer,False
7004136,100247,2025-09-30,21:45:00,Loan EMI,Internet Banking,20415.09,NPR,450464.09,,Loan EMI auto-debit,False
7004144,100247,2025-10-15,10:30:00,Withdrawal,Branch,21075.28,NPR,429388.81,Self,ATM cash withdrawal,False
7004134,100247,2025-11-21,21:30:00,Deposit,Mobile App,23070.85,NPR,452459.66,Self,Cash deposit at branch counter,False
7004143,100247,2025-11-26,14:15:00,Deposit,ATM,91889,NPR,544348.66,Self,Cash deposit at branch counter,True
7004152,100247,2025-12-17,22:30:00,POS Purchase,Internet Banking,9461.85,NPR,534886.81,Bhat-Bhateni Supermarket,Point-of-sale card purchase,False
7004145,100247,2025-12-28,16:00:00,Fee,POS,391.12,NPR,534495.69,,Monthly account maintenance fee,False
7004149,100247,2026-01-05,07:15:00,Loan EMI,Internet Banking,6138.46,NPR,528357.23,,Loan EMI auto-debit,False
7004142,100247,2026-05-18,17:45:00,Fee,IVR,208.88,NPR,528148.35,,Monthly account maintenance fee,False
7004150,100247,2026-06-23,07:15:00,Interest Credit,Internet Banking,90530.19,NPR,618678.54,,Quarterly interest credit,True
7004151,100247,2026-07-04,10:30:00,Transfer In,POS,230.26,NPR,618908.8,,Incoming fund transfer,False
7004138,100247,2026-07-09,19:30:00,Interest Credit,Branch,32260.9,NPR,651169.7,,Quarterly interest credit,False
7004153,100247,2026-08-04,12:30:00,Withdrawal,Mobile App,590.83,NPR,650578.87,Self,ATM cash withdrawal,False
7004132,100247,2026-08-27,08:30:00,Transfer Out,Branch,22283.04,NPR,628295.83,,Outgoing fund transfer,False
7004157,100248,2024-10-07,08:15:00,Loan EMI,Internet Banking,6665.53,NPR,41289.33,,Loan EMI auto-debit,False
7004154,100248,2024-10-22,09:30:00,Interest Credit,POS,69318.31,NPR,110607.64,,Quarterly interest credit,False
7004163,100248,2024-10-29,17:30:00,Transfer Out,ATM,55217.8,NPR,55389.84,,Outgoing fund transfer,False
7004155,100248,2024-12-12,13:00:00,Transfer Out,POS,54897.45,NPR,492.39,,Outgoing fund transfer,False
7004158,100248,2025-01-26,06:45:00,Withdrawal,POS,33858.25,NPR,-33365.86,Self,ATM cash withdrawal,False
7004169,100248,2025-04-06,09:30:00,POS Purchase,Mobile App,9240.92,NPR,-42606.78,IME Remit,Point-of-sale card purchase,False
7004159,100248,2025-04-10,10:00:00,Interest Credit,Internet Banking,67315.79,NPR,24709.01,,Quarterly interest credit,False
7004160,100248,2025-06-19,17:00:00,Fee,Branch,296.58,NPR,24412.43,,Monthly account maintenance fee,False
7004168,100248,2025-07-03,12:15:00,Loan EMI,Internet Banking,5469.6,NPR,18942.83,,Loan EMI auto-debit,False
7004166,100248,2025-07-13,06:45:00,Deposit,ATM,5580.72,NPR,24523.55,Self,Cash deposit at branch counter,False
7004156,100248,2025-08-09,13:15:00,Interest Credit,Internet Banking,8031.92,NPR,32555.47,,Quarterly interest credit,False
7004162,100248,2025-12-05,10:00:00,Transfer In,Internet Banking,26920.62,NPR,59476.09,,Incoming fund transfer,False
7004164,100248,2026-01-10,15:15:00,POS Purchase,Internet Banking,4092.34,NPR,55383.75,eSewa,Point-of-sale card purchase,False
7004167,100248,2026-01-11,22:45:00,Interest Credit,Internet Banking,77810.7,NPR,133194.45,,Quarterly interest credit,False
7004161,100248,2026-01-25,18:30:00,Loan EMI,Internet Banking,17440.28,NPR,115754.17,,Loan EMI auto-debit,False
7004165,100248,2026-05-27,20:15:00,POS Purchase,IVR,8191.16,NPR,107563.01,Amazon,Point-of-sale card purchase,False
7004181,100249,2024-12-01,08:00:00,Fee,IVR,744.88,NPR,806810.88,,Monthly account maintenance fee,False
7004190,100249,2024-12-26,11:00:00,Fee,IVR,1477.67,NPR,805333.21,,Monthly account maintenance fee,False
7004187,100249,2025-02-05,07:30:00,Transfer In,Internet Banking,45360.77,NPR,850693.98,,Incoming fund transfer,False
7004188,100249,2025-03-18,17:00:00,POS Purchase,ATM,10791.2,NPR,839902.78,Amazon,Point-of-sale card purchase,False
7004170,100249,2025-04-05,07:45:00,Interest Credit,IVR,60205.98,NPR,900108.76,,Quarterly interest credit,False
7004180,100249,2025-04-18,15:30:00,Interest Credit,Internet Banking,43164.36,NPR,943273.12,,Quarterly interest credit,False
7004172,100249,2025-04-24,11:30:00,Interest Credit,Mobile App,2727.66,NPR,946000.78,,Quarterly interest credit,False
7004184,100249,2025-06-07,13:45:00,Withdrawal,Internet Banking,57542.05,NPR,888458.73,Self,ATM cash withdrawal,False
7004174,100249,2025-07-02,06:00:00,Interest Credit,POS,15803.73,NPR,904262.46,,Quarterly interest credit,False
7004185,100249,2025-07-20,15:00:00,Deposit,Mobile App,49000.94,NPR,953263.4,Self,Cash deposit at branch counter,False
7004175,100249,2025-09-07,10:15:00,Transfer In,Internet Banking,54800.07,NPR,1008063.47,,Incoming fund transfer,False
7004176,100249,2025-10-05,18:45:00,Interest Credit,POS,28029.06,NPR,1036092.53,,Quarterly interest credit,False
7004192,100249,2025-11-07,15:00:00,Loan EMI,Internet Banking,23636.57,NPR,1012455.96,,Loan EMI auto-debit,False
7004171,100249,2025-12-10,16:00:00,Deposit,ATM,62025.52,NPR,1074481.48,Self,Cash deposit at branch counter,False
7004183,100249,2025-12-11,15:00:00,POS Purchase,IVR,10911.15,NPR,1063570.33,Salary Employer Pvt Ltd,Point-of-sale card purchase,False
7004182,100249,2025-12-23,12:30:00,Interest Credit,Mobile App,18723.76,NPR,1082294.09,,Quarterly interest credit,False
7004173,100249,2025-12-28,13:30:00,Deposit,Branch,5671.63,NPR,1087965.72,Self,Cash deposit at branch counter,False
7004186,100249,2026-02-16,13:00:00,POS Purchase,Mobile App,5184.25,NPR,1082781.47,Bhat-Bhateni Supermarket,Point-of-sale card purchase,False
7004189,100249,2026-02-22,21:15:00,Transfer In,POS,17261.88,NPR,1100043.35,,Incoming fund transfer,False
7004191,100249,2026-03-13,15:45:00,Interest Credit,IVR,47306.06,NPR,1147349.41,,Quarterly interest credit,False
7004177,100249,2026-05-25,09:00:00,Loan EMI,Internet Banking,5518.39,NPR,1141831.02,,Loan EMI auto-debit,False
7004179,100249,2026-07-10,19:45:00,Transfer Out,POS,11819.9,NPR,1130011.12,,Outgoing fund transfer,False
7004178,100249,2026-08-18,22:00:00,Transfer In,ATM,24504.53,NPR,1154515.65,,Incoming fund transfer,False
7004193,100250,2025-01-25,13:00:00,Transfer Out,POS,33639.25,NPR,-33639.25,,Outgoing fund transfer,False
7004194,100250,2025-08-02,10:00:00,Transfer In,Mobile App,26515.62,NPR,-7123.63,,Incoming fund transfer,False
7004197,100251,2025-09-05,06:00:00,Transfer Out,Internet Banking,34597.25,NPR,77179.81,,Outgoing fund transfer,False
7004208,100251,2025-09-07,06:00:00,Fee,Internet Banking,389.86,NPR,76789.95,,Monthly account maintenance fee,False
7004199,100251,2025-09-20,07:30:00,Fee,ATM,730.06,NPR,76059.89,,Monthly account maintenance fee,False
7004200,100251,2025-10-12,22:15:00,Interest Credit,Internet Banking,27987.3,NPR,104047.19,,Quarterly interest credit,False
7004201,100251,2025-10-30,08:15:00,Transfer In,POS,13265.76,NPR,117312.95,,Incoming fund transfer,False
7004195,100251,2025-11-01,12:45:00,Interest Credit,ATM,45303.61,NPR,162616.56,,Quarterly interest credit,False
7004203,100251,2025-11-23,12:15:00,Loan EMI,Internet Banking,9529.47,NPR,153087.09,,Loan EMI auto-debit,False
7004209,100251,2025-12-05,17:15:00,Loan EMI,Internet Banking,43042.13,NPR,110044.96,,Loan EMI auto-debit,False
7004205,100251,2025-12-29,07:00:00,Loan EMI,Internet Banking,41011.15,NPR,69033.81,,Loan EMI auto-debit,False
7004207,100251,2026-01-28,17:15:00,Fee,POS,254.02,NPR,68779.79,,Monthly account maintenance fee,False
7004196,100251,2026-03-07,07:30:00,Deposit,IVR,80202.47,NPR,148982.26,Self,Cash deposit at branch counter,True
7004198,100251,2026-03-20,15:15:00,Transfer In,Internet Banking,73293.83,NPR,222276.09,,Incoming fund transfer,False
7004204,100251,2026-04-26,08:15:00,Interest Credit,Internet Banking,12695.67,NPR,234971.76,,Quarterly interest credit,False
7004206,100251,2026-07-05,14:00:00,Fee,POS,1286.83,NPR,233684.93,,Monthly account maintenance fee,False
7004202,100251,2026-07-31,10:30:00,Deposit,Branch,59709.34,NPR,293394.27,Self,Cash deposit at branch counter,False
7004210,100252,2025-08-20,20:00:00,Fee,IVR,65.16,NPR,-65.16,,Monthly account maintenance fee,False
7004212,100252,2025-12-30,20:15:00,Loan EMI,Internet Banking,39539.01,NPR,-39604.17,,Loan EMI auto-debit,False
7004211,100252,2026-01-06,12:15:00,Deposit,Branch,36038.3,NPR,-3565.87,Self,Cash deposit at branch counter,False
7004219,100253,2024-07-09,16:45:00,Loan EMI,Internet Banking,29426.93,NPR,241340.72,,Loan EMI auto-debit,False
7004214,100253,2024-08-18,21:15:00,Withdrawal,POS,5167.11,NPR,236173.61,Self,ATM cash withdrawal,False
7004217,100253,2024-08-24,18:00:00,Transfer Out,Internet Banking,15522.23,NPR,220651.38,,Outgoing fund transfer,False
7004222,100253,2025-01-05,13:30:00,Loan EMI,Internet Banking,36736.46,NPR,183914.92,,Loan EMI auto-debit,False
7004223,100253,2025-02-07,09:45:00,Transfer Out,Internet Banking,61804.78,NPR,122110.14,,Outgoing fund transfer,False
7004218,100253,2025-03-19,10:00:00,Fee,Internet Banking,953.56,NPR,121156.58,,Monthly account maintenance fee,False
7004221,100253,2025-04-03,14:30:00,Transfer In,Mobile App,61561.22,NPR,182717.8,,Incoming fund transfer,False
7004215,100253,2025-05-11,14:00:00,Interest Credit,POS,51018.07,NPR,233735.87,,Quarterly interest credit,False
7004220,100253,2025-05-16,13:45:00,Withdrawal,Branch,59386.46,NPR,174349.41,Self,ATM cash withdrawal,False
7004213,100253,2025-10-10,12:00:00,Loan EMI,Internet Banking,13334.05,NPR,161015.36,,Loan EMI auto-debit,False
7004216,100253,2025-11-14,17:00:00,Transfer In,ATM,45559,NPR,206574.36,,Incoming fund transfer,False
7004225,100253,2025-12-01,12:30:00,Withdrawal,Mobile App,15656.02,NPR,190918.34,Self,ATM cash withdrawal,False
7004226,100253,2026-03-03,11:00:00,Transfer Out,Internet Banking,38941.42,NPR,151976.92,,Outgoing fund transfer,False
7004224,100253,2026-04-14,21:30:00,Fee,Internet Banking,480.41,NPR,151496.51,,Monthly account maintenance fee,False
7004230,100254,2024-02-26,16:00:00,Interest Credit,ATM,63433.9,NPR,339127.4,,Quarterly interest credit,False
7004236,100254,2024-02-29,08:15:00,Fee,IVR,1196.35,NPR,337931.05,,Monthly account maintenance fee,False
7004238,100254,2024-04-11,11:45:00,Transfer In,Mobile App,80774.12,NPR,418705.17,,Incoming fund transfer,True
7004231,100254,2024-05-09,14:45:00,Loan EMI,Internet Banking,19039.11,NPR,399666.06,,Loan EMI auto-debit,False
7004235,100254,2024-10-26,22:15:00,Deposit,Internet Banking,4496.64,NPR,404162.7,Self,Cash deposit at branch counter,False
7004234,100254,2024-12-22,17:00:00,Deposit,ATM,19566.3,NPR,423729,Self,Cash deposit at branch counter,False
7004239,100254,2025-03-17,18:30:00,Interest Credit,IVR,56661.25,NPR,480390.25,,Quarterly interest credit,False
7004227,100254,2025-03-19,20:30:00,Interest Credit,ATM,45159,NPR,525549.25,,Quarterly interest credit,False
7004241,100254,2025-03-29,13:45:00,POS Purchase,Mobile App,8632.6,NPR,516916.65,Khalti,Point-of-sale card purchase,False
7004233,100254,2025-05-15,17:45:00,Withdrawal,IVR,63015.85,NPR,453900.8,Self,ATM cash withdrawal,False
7004228,100254,2025-06-20,22:45:00,Transfer Out,POS,17456.62,NPR,436444.18,,Outgoing fund transfer,False
7004232,100254,2025-07-26,14:45:00,Deposit,IVR,9449.98,NPR,445894.16,Self,Cash deposit at branch counter,False
7004229,100254,2026-02-25,17:15:00,Deposit,POS,42738.84,NPR,488633,Self,Cash deposit at branch counter,False
7004240,100254,2026-03-04,07:45:00,Interest Credit,ATM,28178.69,NPR,516811.69,,Quarterly interest credit,False
7004242,100254,2026-04-22,14:30:00,Withdrawal,IVR,10431.86,NPR,506379.83,Self,ATM cash withdrawal,False
7004237,100254,2026-06-02,18:00:00,Transfer In,ATM,36226.82,NPR,542606.65,,Incoming fund transfer,False
7004243,100254,2026-07-28,07:00:00,Withdrawal,POS,49693.27,NPR,492913.38,Self,ATM cash withdrawal,False
7004248,100255,2024-02-23,17:00:00,POS Purchase,ATM,793.36,NPR,49399.92,Khalti,Point-of-sale card purchase,False
7004246,100255,2024-09-14,20:30:00,Interest Credit,ATM,68382.96,NPR,117782.88,,Quarterly interest credit,False
7004250,100255,2024-10-03,12:15:00,Fee,POS,106.47,NPR,117676.41,,Monthly account maintenance fee,False
7004254,100255,2024-12-14,18:30:00,POS Purchase,ATM,3411.99,NPR,114264.42,Salary Employer Pvt Ltd,Point-of-sale card purchase,False
7004253,100255,2025-02-06,06:45:00,Loan EMI,Internet Banking,39533.83,NPR,74730.59,,Loan EMI auto-debit,False
7004245,100255,2025-03-12,18:15:00,Interest Credit,ATM,50794.81,NPR,125525.4,,Quarterly interest credit,False
7004247,100255,2025-05-26,12:45:00,Fee,Internet Banking,71.46,NPR,125453.94,,Monthly account maintenance fee,False
7004249,100255,2025-09-07,07:45:00,POS Purchase,ATM,8898.7,NPR,116555.24,Khalti,Point-of-sale card purchase,False
7004251,100255,2026-02-22,10:15:00,Fee,Internet Banking,367.64,NPR,116187.6,,Monthly account maintenance fee,False
7004244,100255,2026-06-08,18:30:00,Withdrawal,Internet Banking,28822.21,NPR,87365.39,Self,ATM cash withdrawal,False
7004252,100255,2026-08-16,20:45:00,Transfer In,Mobile App,81438.79,NPR,168804.18,,Incoming fund transfer,False
7004272,100256,2024-01-05,13:00:00,Transfer In,IVR,92065.96,NPR,475750.43,,Incoming fund transfer,True
7004255,100256,2024-03-26,09:45:00,Deposit,ATM,59448.04,NPR,535198.47,Self,Cash deposit at branch counter,False
7004264,100256,2024-04-16,16:45:00,Interest Credit,POS,17561.25,NPR,552759.72,,Quarterly interest credit,False
7004263,100256,2024-04-23,10:15:00,Transfer Out,Branch,53663.64,NPR,499096.08,,Outgoing fund transfer,False
7004261,100256,2024-05-06,20:00:00,Transfer Out,ATM,37899.3,NPR,461196.78,,Outgoing fund transfer,False
7004266,100256,2024-05-17,16:45:00,Transfer Out,ATM,57458.35,NPR,403738.43,,Outgoing fund transfer,False
7004268,100256,2024-07-15,16:00:00,Interest Credit,Branch,46634.4,NPR,450372.83,,Quarterly interest credit,False
7004259,100256,2024-09-01,07:45:00,Interest Credit,POS,25230.14,NPR,475602.97,,Quarterly interest credit,False
7004257,100256,2024-10-13,13:45:00,Transfer In,Branch,41318.39,NPR,516921.36,,Incoming fund transfer,False
7004262,100256,2024-12-17,12:30:00,Transfer Out,Mobile App,26289.6,NPR,490631.76,,Outgoing fund transfer,False
7004260,100256,2025-04-27,06:30:00,Transfer In,IVR,40488.38,NPR,531120.14,,Incoming fund transfer,False
7004270,100256,2025-06-24,06:00:00,Withdrawal,ATM,7704.47,NPR,523415.67,Self,ATM cash withdrawal,False
7004271,100256,2025-07-25,11:30:00,Withdrawal,Mobile App,47241.35,NPR,476174.32,Self,ATM cash withdrawal,False
7004265,100256,2025-10-20,10:45:00,Loan EMI,Internet Banking,18001.59,NPR,458172.73,,Loan EMI auto-debit,False
7004269,100256,2025-11-28,14:15:00,Interest Credit,POS,71523.02,NPR,529695.75,,Quarterly interest credit,False
7004258,100256,2026-01-07,21:00:00,Deposit,POS,45871.22,NPR,575566.97,Self,Cash deposit at branch counter,False
7004256,100256,2026-06-07,20:15:00,Transfer In,ATM,75428.02,NPR,650994.99,,Incoming fund transfer,False
7004267,100256,2026-07-05,15:30:00,Transfer In,POS,54486.93,NPR,705481.92,,Incoming fund transfer,False
7004278,100257,2026-04-14,22:30:00,Deposit,IVR,71327.21,NPR,88437.41,Self,Cash deposit at branch counter,False
7004287,100257,2026-04-25,08:30:00,Deposit,Mobile App,29058.99,NPR,117496.4,Self,Cash deposit at branch counter,False
7004277,100257,2026-05-01,11:30:00,Withdrawal,Mobile App,30209.93,NPR,87286.47,Self,ATM cash withdrawal,False
7004286,100257,2026-05-08,15:45:00,Interest Credit,IVR,80352.79,NPR,167639.26,,Quarterly interest credit,False
7004282,100257,2026-05-16,15:00:00,POS Purchase,ATM,2687.88,NPR,164951.38,Local ATM Withdrawal,Point-of-sale card purchase,False
7004276,100257,2026-05-27,15:00:00,POS Purchase,POS,418.89,NPR,164532.49,Foodmandu,Point-of-sale card purchase,False
7004280,100257,2026-06-01,15:15:00,Transfer Out,POS,39307.58,NPR,125224.91,,Outgoing fund transfer,False
7004274,100257,2026-06-15,12:45:00,Transfer In,Internet Banking,7223.66,NPR,132448.57,,Incoming fund transfer,False
7004273,100257,2026-07-01,11:00:00,Fee,Mobile App,564.49,NPR,131884.08,,Monthly account maintenance fee,False
7004283,100257,2026-07-06,12:30:00,Loan EMI,Internet Banking,22955.25,NPR,108928.83,,Loan EMI auto-debit,False
7004285,100257,2026-08-04,20:30:00,Transfer In,IVR,91026.48,NPR,199955.31,,Incoming fund transfer,True
7004281,100257,2026-08-10,14:00:00,Transfer Out,Internet Banking,44512.17,NPR,155443.14,,Outgoing fund transfer,False
7004284,100257,2026-08-16,22:45:00,POS Purchase,ATM,10231.21,NPR,145211.93,NEA Bill Pay,Point-of-sale card purchase,False
7004275,100257,2026-08-18,12:00:00,Fee,POS,1374.55,NPR,143837.38,,Monthly account maintenance fee,False
7004279,100257,2026-08-25,22:15:00,Deposit,Mobile App,67691.02,NPR,211528.4,Self,Cash deposit at branch counter,False
7004300,100258,2024-08-21,17:30:00,Transfer Out,Mobile App,24078.05,NPR,-22647.25,,Outgoing fund transfer,False
7004292,100258,2024-11-03,22:15:00,Deposit,Internet Banking,2592.82,NPR,-20054.43,Self,Cash deposit at branch counter,False
7004289,100258,2025-06-10,11:15:00,Interest Credit,Internet Banking,51534.34,NPR,31479.91,,Quarterly interest credit,False
7004288,100258,2025-07-22,18:00:00,Loan EMI,Internet Banking,17721.25,NPR,13758.66,,Loan EMI auto-debit,False
7004291,100258,2025-08-22,08:30:00,Fee,Branch,315.15,NPR,13443.51,,Monthly account maintenance fee,False
7004303,100258,2025-10-07,13:00:00,Deposit,POS,9666.58,NPR,23110.09,Self,Cash deposit at branch counter,False
7004294,100258,2025-10-13,12:45:00,Deposit,POS,35320.36,NPR,58430.45,Self,Cash deposit at branch counter,False
7004290,100258,2025-12-06,15:00:00,Transfer In,POS,25085.77,NPR,83516.22,,Incoming fund transfer,False
7004293,100258,2025-12-06,19:15:00,Loan EMI,Internet Banking,29297.91,NPR,54218.31,,Loan EMI auto-debit,False
7004296,100258,2025-12-30,17:45:00,Interest Credit,Mobile App,50222.01,NPR,104440.32,,Quarterly interest credit,False
7004297,100258,2025-12-30,18:15:00,Withdrawal,IVR,24984.4,NPR,79455.92,Self,ATM cash withdrawal,False
7004295,100258,2026-01-07,12:00:00,Interest Credit,Branch,47079.94,NPR,126535.86,,Quarterly interest credit,False
7004302,100258,2026-02-17,08:15:00,Withdrawal,Internet Banking,15115.41,NPR,111420.45,Self,ATM cash withdrawal,False
7004301,100258,2026-02-19,16:15:00,Fee,IVR,1253.23,NPR,110167.22,,Monthly account maintenance fee,False
7004298,100258,2026-04-13,18:45:00,Transfer Out,Internet Banking,12146.8,NPR,98020.42,,Outgoing fund transfer,False
7004299,100258,2026-08-08,16:45:00,Interest Credit,Mobile App,16273.81,NPR,114294.23,,Quarterly interest credit,False
7004305,100259,2024-07-08,21:15:00,Transfer Out,Mobile App,63897.15,NPR,-63897.15,,Outgoing fund transfer,False
7004304,100259,2024-12-01,06:45:00,Withdrawal,IVR,9823.49,NPR,-73720.64,Self,ATM cash withdrawal,False
7004306,100259,2025-01-23,22:15:00,Transfer Out,ATM,13679.37,NPR,-87400.01,,Outgoing fund transfer,False
7004312,100260,2024-07-03,17:30:00,Withdrawal,ATM,6444.31,NPR,125241.36,Self,ATM cash withdrawal,False
7004307,100260,2024-09-13,12:00:00,Transfer In,POS,18853.11,NPR,144094.47,,Incoming fund transfer,False
7004311,100260,2024-11-03,17:00:00,Fee,IVR,769.9,NPR,143324.57,,Monthly account maintenance fee,False
7004314,100260,2025-04-21,08:15:00,Withdrawal,Mobile App,26766.51,NPR,116558.06,Self,ATM cash withdrawal,False
7004309,100260,2025-06-19,06:30:00,Fee,Mobile App,486.2,NPR,116071.86,,Monthly account maintenance fee,False
7004308,100260,2025-07-22,06:00:00,Fee,Branch,1095.48,NPR,114976.38,,Monthly account maintenance fee,False
7004313,100260,2026-01-12,16:00:00,Fee,Mobile App,514.85,NPR,114461.53,,Monthly account maintenance fee,False
7004310,100260,2026-03-19,21:30:00,POS Purchase,POS,504.61,NPR,113956.92,Foodmandu,Point-of-sale card purchase,False
7004315,100260,2026-04-01,06:00:00,Fee,Branch,1061.61,NPR,112895.31,,Monthly account maintenance fee,False
7004324,100261,2024-01-05,12:15:00,Transfer Out,ATM,64187.64,NPR,61672.3,,Outgoing fund transfer,False
7004322,100261,2024-02-24,06:00:00,Interest Credit,ATM,66543.82,NPR,128216.12,,Quarterly interest credit,False
7004338,100261,2024-03-11,06:15:00,Withdrawal,Mobile App,51312.88,NPR,76903.24,Self,ATM cash withdrawal,False
7004336,100261,2024-05-10,11:00:00,Withdrawal,Internet Banking,2802.22,NPR,74101.02,Self,ATM cash withdrawal,False
7004332,100261,2024-06-26,06:00:00,Deposit,IVR,78694.13,NPR,152795.15,Self,Cash deposit at branch counter,False
7004317,100261,2024-09-15,09:45:00,Interest Credit,ATM,15978.68,NPR,168773.83,,Quarterly interest credit,False
7004316,100261,2024-09-26,11:45:00,Transfer In,IVR,17151.05,NPR,185924.88,,Incoming fund transfer,False
7004334,100261,2024-12-05,14:00:00,Fee,ATM,1251.83,NPR,184673.05,,Monthly account maintenance fee,False
7004323,100261,2024-12-25,07:15:00,Withdrawal,POS,8440.68,NPR,176232.37,Self,ATM cash withdrawal,False
7004325,100261,2025-04-22,17:45:00,Fee,POS,827.33,NPR,175405.04,,Monthly account maintenance fee,False
7004319,100261,2025-06-09,17:00:00,Interest Credit,IVR,38401.66,NPR,213806.7,,Quarterly interest credit,False
7004339,100261,2025-08-21,06:45:00,Deposit,ATM,90736.12,NPR,304542.82,Self,Cash deposit at branch counter,True
7004320,100261,2025-08-27,20:45:00,Withdrawal,Internet Banking,25048.29,NPR,279494.53,Self,ATM cash withdrawal,False
7004333,100261,2025-10-31,12:45:00,Transfer In,Branch,14077.5,NPR,293572.03,,Incoming fund transfer,False
7004330,100261,2025-12-06,16:45:00,POS Purchase,IVR,5663.37,NPR,287908.66,Amazon,Point-of-sale card purchase,False
7004329,100261,2025-12-14,22:45:00,Interest Credit,IVR,29303.11,NPR,317211.77,,Quarterly interest credit,False
7004327,100261,2025-12-15,09:00:00,Interest Credit,Internet Banking,58614.69,NPR,375826.46,,Quarterly interest credit,False
7004321,100261,2025-12-20,16:45:00,Transfer Out,IVR,30705.19,NPR,345121.27,,Outgoing fund transfer,False
7004318,100261,2026-02-12,18:00:00,Transfer In,Mobile App,31204.23,NPR,376325.5,,Incoming fund transfer,False
7004328,100261,2026-02-22,22:15:00,POS Purchase,Internet Banking,6614.36,NPR,369711.14,Khalti,Point-of-sale card purchase,False
7004326,100261,2026-02-26,16:00:00,POS Purchase,IVR,7295.35,NPR,362415.79,,Point-of-sale card purchase,False
7004337,100261,2026-03-05,16:00:00,Deposit,ATM,15156.62,NPR,377572.41,Self,Cash deposit at branch counter,False
7004340,100261,2026-03-12,07:30:00,Transfer In,ATM,40340.02,NPR,417912.43,,Incoming fund transfer,False
7004335,100261,2026-03-24,06:30:00,Transfer In,Mobile App,54433.84,NPR,472346.27,,Incoming fund transfer,False
7004331,100261,2026-06-15,22:15:00,Transfer In,Branch,44446.65,NPR,516792.92,,Incoming fund transfer,False
7004351,100262,2024-01-07,10:45:00,Withdrawal,IVR,7152.33,NPR,52479.11,Self,ATM cash withdrawal,False
7004344,100262,2024-01-12,07:15:00,Loan EMI,Internet Banking,18961.18,NPR,33517.93,,Loan EMI auto-debit,False
7004366,100262,2024-03-31,21:15:00,Loan EMI,Internet Banking,4283.73,NPR,29234.2,,Loan EMI auto-debit,False
7004341,100262,2024-04-14,20:00:00,Withdrawal,POS,30786.35,NPR,-1552.15,Self,ATM cash withdrawal,False
7004347,100262,2024-06-10,07:45:00,Fee,Internet Banking,1222.61,NPR,-2774.76,,Monthly account maintenance fee,False
7004363,100262,2024-06-22,14:45:00,Transfer In,Mobile App,1304.91,NPR,-1469.85,,Incoming fund transfer,False
7004345,100262,2024-07-19,13:00:00,Withdrawal,IVR,44769.32,NPR,-46239.17,Self,ATM cash withdrawal,False
7004352,100262,2024-10-25,13:00:00,POS Purchase,Branch,2521.75,NPR,-48760.92,Salary Employer Pvt Ltd,Point-of-sale card purchase,False
7004362,100262,2025-01-26,12:15:00,Transfer In,POS,87155.75,NPR,38394.83,,Incoming fund transfer,True
7004360,100262,2025-02-07,07:15:00,Transfer In,Internet Banking,68913.68,NPR,107308.51,,Incoming fund transfer,False
7004354,100262,2025-04-04,18:00:00,Withdrawal,POS,20104.94,NPR,87203.57,Self,ATM cash withdrawal,False
7004346,100262,2025-04-10,16:00:00,Loan EMI,Internet Banking,4650.15,NPR,82553.42,,Loan EMI auto-debit,False
7004365,100262,2025-05-14,15:00:00,Withdrawal,IVR,25563.34,NPR,56990.08,Self,ATM cash withdrawal,False
7004349,100262,2025-06-06,16:30:00,Transfer Out,Branch,12016.5,NPR,44973.58,,Outgoing fund transfer,False
7004356,100262,2025-09-01,20:15:00,Transfer Out,Mobile App,30868.54,NPR,14105.04,,Outgoing fund transfer,False
7004355,100262,2025-09-30,11:15:00,Deposit,IVR,39022.54,NPR,53127.58,Self,Cash deposit at branch counter,False
7004359,100262,2025-10-16,15:15:00,Loan EMI,Internet Banking,23683.93,NPR,29443.65,,Loan EMI auto-debit,False
7004343,100262,2025-10-29,21:45:00,Transfer In,Internet Banking,54629.34,NPR,84072.99,,Incoming fund transfer,False
7004353,100262,2025-11-13,08:00:00,Transfer Out,POS,38978.14,NPR,45094.85,,Outgoing fund transfer,False
7004357,100262,2025-12-26,11:30:00,Transfer Out,ATM,14114.73,NPR,30980.12,,Outgoing fund transfer,False
7004358,100262,2026-01-04,11:15:00,Loan EMI,Internet Banking,25770.82,NPR,5209.3,,Loan EMI auto-debit,False
7004350,100262,2026-01-18,18:45:00,Fee,Internet Banking,597.79,NPR,4611.51,,Monthly account maintenance fee,False
7004342,100262,2026-02-01,10:00:00,Transfer Out,ATM,1977.73,NPR,2633.78,,Outgoing fund transfer,False
7004361,100262,2026-02-21,15:45:00,Interest Credit,Mobile App,67118.04,NPR,69751.82,,Quarterly interest credit,False
7004364,100262,2026-03-03,11:45:00,Deposit,IVR,93082.07,NPR,162833.89,Self,Cash deposit at branch counter,False
7004348,100262,2026-06-25,09:15:00,Deposit,POS,54668.25,NPR,217502.14,Self,Cash deposit at branch counter,False
7004375,100263,2025-11-19,08:00:00,POS Purchase,Mobile App,4389.89,NPR,-2862.79,NTC Recharge,Point-of-sale card purchase,False
7004369,100263,2025-11-24,22:30:00,Interest Credit,Branch,23778.58,NPR,20915.79,,Quarterly interest credit,False
7004371,100263,2025-12-10,12:45:00,Withdrawal,IVR,52331.9,NPR,-31416.11,Self,ATM cash withdrawal,False
7004373,100263,2025-12-28,09:15:00,Fee,POS,296.75,NPR,-31712.86,,Monthly account maintenance fee,False
7004370,100263,2026-01-31,17:30:00,Fee,POS,557.7,NPR,-32270.56,,Monthly account maintenance fee,False
7004372,100263,2026-02-23,20:45:00,Withdrawal,POS,5210.35,NPR,-37480.91,Self,ATM cash withdrawal,False
7004368,100263,2026-03-04,17:00:00,Transfer In,POS,37736.22,NPR,255.31,,Incoming fund transfer,False
7004374,100263,2026-05-04,15:45:00,Transfer In,Mobile App,56978.93,NPR,57234.24,,Incoming fund transfer,False
7004367,100263,2026-06-23,19:00:00,Withdrawal,Branch,40983.03,NPR,16251.21,Self,ATM cash withdrawal,False
7004400,100264,2024-01-17,15:00:00,Transfer Out,Internet Banking,35357,NPR,126232.94,,Outgoing fund transfer,False
7004387,100264,2024-03-08,09:30:00,Deposit,ATM,33943.98,NPR,160176.92,Self,Cash deposit at branch counter,False
7004391,100264,2024-03-21,21:00:00,Fee,Branch,626.99,NPR,159549.93,,Monthly account maintenance fee,False
7004398,100264,2024-04-19,15:30:00,Deposit,Mobile App,13645.19,NPR,173195.12,Self,Cash deposit at branch counter,False
7004380,100264,2024-05-03,06:45:00,Interest Credit,POS,37341.27,NPR,210536.39,,Quarterly interest credit,False
7004381,100264,2024-09-06,18:15:00,Interest Credit,Branch,63131.14,NPR,273667.53,,Quarterly interest credit,False
7004383,100264,2024-10-18,14:15:00,Interest Credit,ATM,30291,NPR,303958.53,,Quarterly interest credit,False
7004394,100264,2024-11-01,09:00:00,Fee,Branch,422.83,NPR,303535.7,,Monthly account maintenance fee,False
7004382,100264,2024-11-08,21:45:00,Loan EMI,Internet Banking,24674.66,NPR,278861.04,,Loan EMI auto-debit,False
7004388,100264,2024-11-29,19:15:00,Loan EMI,Internet Banking,38752.03,NPR,240109.01,,Loan EMI auto-debit,False
7004395,100264,2024-12-01,16:15:00,Fee,ATM,673.98,NPR,239435.03,,Monthly account maintenance fee,False
7004379,100264,2024-12-03,22:00:00,POS Purchase,ATM,5634.45,NPR,233800.58,eSewa,Point-of-sale card purchase,False
7004384,100264,2025-01-21,07:00:00,Withdrawal,Mobile App,50957.41,NPR,182843.17,Self,ATM cash withdrawal,False
7004396,100264,2025-03-12,20:00:00,Interest Credit,ATM,31315.15,NPR,214158.32,,Quarterly interest credit,False
7004392,100264,2025-04-18,13:30:00,Withdrawal,ATM,16926.62,NPR,197231.7,Self,ATM cash withdrawal,False
7004389,100264,2025-06-23,15:00:00,Transfer Out,ATM,33525.97,NPR,163705.73,,Outgoing fund transfer,False
7004376,100264,2025-07-18,20:30:00,Fee,Mobile App,1068.55,NPR,162637.18,,Monthly account maintenance fee,False
7004377,100264,2025-08-07,19:45:00,Transfer Out,Internet Banking,30832.37,NPR,131804.81,,Outgoing fund transfer,False
7004401,100264,2025-09-09,18:45:00,Deposit,ATM,2481.81,NPR,134286.62,Self,Cash deposit at branch counter,False
7004386,100264,2026-01-17,16:45:00,Withdrawal,Mobile App,48038.23,NPR,86248.39,Self,ATM cash withdrawal,False
7004404,100264,2026-03-10,18:00:00,Loan EMI,Internet Banking,8870.14,NPR,77378.25,,Loan EMI auto-debit,False
7004397,100264,2026-03-31,16:45:00,Withdrawal,ATM,61899.58,NPR,15478.67,Self,ATM cash withdrawal,False
7004378,100264,2026-04-13,06:45:00,Transfer Out,IVR,2715.09,NPR,12763.58,,Outgoing fund transfer,False
7004399,100264,2026-04-21,18:30:00,Loan EMI,Internet Banking,11767.75,NPR,995.83,,Loan EMI auto-debit,False
7004393,100264,2026-06-14,13:00:00,Withdrawal,Internet Banking,9381.71,NPR,-8385.88,Self,ATM cash withdrawal,False
7004385,100264,2026-07-09,10:45:00,Transfer In,POS,42605.77,NPR,34219.89,,Incoming fund transfer,False
7004403,100264,2026-07-10,08:00:00,Transfer Out,POS,10090.22,NPR,24129.67,,Outgoing fund transfer,False
7004402,100264,2026-07-17,22:45:00,Transfer In,POS,2124.24,NPR,26253.91,,Incoming fund transfer,False
7004390,100264,2026-07-29,15:45:00,Loan EMI,Internet Banking,33540.74,NPR,-7286.83,,Loan EMI auto-debit,False
7004416,100265,2024-01-12,12:45:00,Deposit,Mobile App,48275.42,NPR,294022.13,Self,Cash deposit at branch counter,False
7004426,100265,2024-02-02,09:00:00,Deposit,IVR,88115.03,NPR,382137.16,Self,Cash deposit at branch counter,True
7004421,100265,2024-06-06,17:15:00,POS Purchase,Internet Banking,8497.76,NPR,373639.4,Bhat-Bhateni Supermarket,Point-of-sale card purchase,False
7004417,100265,2024-06-19,11:30:00,Deposit,ATM,11858.17,NPR,385497.57,Self,Cash deposit at branch counter,False
7004427,100265,2024-07-19,11:00:00,Loan EMI,Internet Banking,23106.23,NPR,362391.34,,Loan EMI auto-debit,False
7004408,100265,2024-10-01,08:30:00,Loan EMI,Internet Banking,29199.73,NPR,333191.61,,Loan EMI auto-debit,False
7004429,100265,2024-10-14,08:45:00,POS Purchase,Internet Banking,9872.42,NPR,323319.19,Khalti,Point-of-sale card purchase,False
7004407,100265,2024-10-27,06:30:00,Loan EMI,Internet Banking,28125,NPR,295194.19,,Loan EMI auto-debit,False
7004423,100265,2025-01-05,11:15:00,Withdrawal,POS,41782.38,NPR,253411.81,Self,ATM cash withdrawal,False
7004420,100265,2025-04-18,07:45:00,Deposit,IVR,57506.14,NPR,310917.95,Self,Cash deposit at branch counter,False
7004422,100265,2025-05-14,18:00:00,Deposit,POS,36856.85,NPR,347774.8,Self,Cash deposit at branch counter,False
7004410,100265,2025-06-25,08:30:00,Fee,ATM,62.11,NPR,347712.69,,Monthly account maintenance fee,False
7004405,100265,2025-07-25,16:30:00,Transfer Out,Branch,30377.7,NPR,317334.99,,Outgoing fund transfer,False
7004415,100265,2025-08-22,22:15:00,Loan EMI,Internet Banking,9396.42,NPR,307938.57,,Loan EMI auto-debit,False
7004419,100265,2025-08-28,13:00:00,Loan EMI,Internet Banking,41655.67,NPR,266282.9,,Loan EMI auto-debit,False
7004406,100265,2025-12-10,12:00:00,Fee,Branch,1163.45,NPR,265119.45,,Monthly account maintenance fee,False
7004413,100265,2026-02-03,08:00:00,POS Purchase,Internet Banking,1227.56,NPR,263891.89,NTC Recharge,Point-of-sale card purchase,False
7004424,100265,2026-03-12,16:15:00,POS Purchase,ATM,1191.61,NPR,262700.28,Khalti,Point-of-sale card purchase,False
7004414,100265,2026-03-13,06:00:00,Loan EMI,Internet Banking,3642.46,NPR,259057.82,,Loan EMI auto-debit,False
7004411,100265,2026-03-31,08:45:00,Transfer Out,IVR,18411.1,NPR,240646.72,,Outgoing fund transfer,False
7004412,100265,2026-04-22,09:45:00,Fee,Internet Banking,131.2,NPR,240515.52,,Monthly account maintenance fee,False
7004418,100265,2026-07-12,07:45:00,Interest Credit,Mobile App,10107.34,NPR,250622.86,,Quarterly interest credit,False
7004409,100265,2026-07-20,08:15:00,Transfer Out,Branch,38897.4,NPR,211725.46,,Outgoing fund transfer,False
7004425,100265,2026-07-31,17:15:00,Interest Credit,ATM,79587.45,NPR,291312.91,,Quarterly interest credit,False
7004428,100265,2026-08-14,20:00:00,Withdrawal,Mobile App,31819.67,NPR,259493.24,Self,ATM cash withdrawal,False
7004440,100266,2024-03-07,16:45:00,Interest Credit,POS,35922.68,NPR,279250.08,,Quarterly interest credit,False
7004449,100266,2024-03-14,22:30:00,Fee,Mobile App,466.52,NPR,278783.56,,Monthly account maintenance fee,False
7004432,100266,2024-05-26,13:30:00,Transfer In,Mobile App,85842.77,NPR,364626.33,,Incoming fund transfer,True
7004454,100266,2024-08-29,17:00:00,Fee,POS,962.7,NPR,363663.63,,Monthly account maintenance fee,False
7004431,100266,2024-09-25,10:15:00,Interest Credit,IVR,4020.4,NPR,367684.03,,Quarterly interest credit,False
7004448,100266,2024-11-27,06:15:00,Transfer Out,Branch,44409.58,NPR,323274.45,,Outgoing fund transfer,False
7004459,100266,2024-12-13,11:15:00,Loan EMI,Internet Banking,10044.44,NPR,313230.01,,Loan EMI auto-debit,False
7004430,100266,2025-02-22,09:30:00,Deposit,Mobile App,16935.85,NPR,330165.86,Self,Cash deposit at branch counter,False
7004451,100266,2025-03-16,11:15:00,Interest Credit,Internet Banking,72532.49,NPR,402698.35,,Quarterly interest credit,False
7004438,100266,2025-04-21,21:15:00,Transfer Out,POS,10579.4,NPR,392118.95,,Outgoing fund transfer,False
7004437,100266,2025-05-04,16:30:00,Fee,Internet Banking,814.01,NPR,391304.94,,Monthly account maintenance fee,False
7004441,100266,2025-06-06,17:30:00,POS Purchase,POS,9823.3,NPR,381481.64,Daraz,Point-of-sale card purchase,False
7004446,100266,2025-06-10,14:45:00,Withdrawal,Branch,32854.21,NPR,348627.43,Self,ATM cash withdrawal,False
7004434,100266,2025-06-26,07:00:00,Withdrawal,Internet Banking,4398.18,NPR,344229.25,Self,ATM cash withdrawal,False
7004436,100266,2025-06-28,13:30:00,Withdrawal,Branch,33157.26,NPR,311071.99,Self,ATM cash withdrawal,False
7004445,100266,2025-06-29,18:30:00,Fee,POS,324.04,NPR,310747.95,,Monthly account maintenance fee,False
7004435,100266,2025-07-19,07:30:00,POS Purchase,Branch,5541.21,NPR,305206.74,IME Remit,Point-of-sale card purchase,False
7004457,100266,2025-08-20,22:45:00,Withdrawal,Branch,62524.05,NPR,242682.69,Self,ATM cash withdrawal,False
7004450,100266,2025-12-06,16:00:00,Transfer In,Internet Banking,59541.17,NPR,302223.86,,Incoming fund transfer,False
7004433,100266,2025-12-20,19:00:00,Interest Credit,IVR,39003.15,NPR,341227.01,,Quarterly interest credit,False
7004456,100266,2025-12-21,17:00:00,Transfer In,Internet Banking,70236.36,NPR,411463.37,,Incoming fund transfer,False
7004442,100266,2026-01-09,21:00:00,Transfer Out,Internet Banking,21715.62,NPR,389747.75,,Outgoing fund transfer,False
7004447,100266,2026-02-21,11:30:00,Transfer In,Mobile App,73962.74,NPR,463710.49,,Incoming fund transfer,False
7004443,100266,2026-03-26,21:00:00,Fee,Branch,762.15,NPR,462948.34,,Monthly account maintenance fee,False
7004452,100266,2026-04-15,22:30:00,POS Purchase,IVR,4976.66,NPR,457971.68,Self,Point-of-sale card purchase,False
7004444,100266,2026-04-22,10:30:00,POS Purchase,Mobile App,9062.08,NPR,448909.6,Self,Point-of-sale card purchase,False
7004458,100266,2026-04-22,20:15:00,Withdrawal,Internet Banking,58470.91,NPR,390438.69,Self,ATM cash withdrawal,False
7004439,100266,2026-05-05,15:30:00,POS Purchase,POS,3794.93,NPR,386643.76,NEA Bill Pay,Point-of-sale card purchase,False
7004453,100266,2026-05-10,11:15:00,Transfer In,Branch,14751.61,NPR,401395.37,,Incoming fund transfer,False
7004455,100266,2026-05-12,12:15:00,Withdrawal,IVR,32406.17,NPR,368989.2,Self,ATM cash withdrawal,False
7004469,100267,2024-01-06,21:15:00,Transfer Out,Mobile App,54953.32,NPR,326807.19,,Outgoing fund transfer,False
7004467,100267,2024-01-08,08:30:00,Loan EMI,Internet Banking,35875.64,NPR,290931.55,,Loan EMI auto-debit,False
7004465,100267,2024-08-11,16:45:00,POS Purchase,POS,10078.63,NPR,280852.92,IME Remit,Point-of-sale card purchase,False
7004472,100267,2025-01-20,17:15:00,Interest Credit,Branch,10727.84,NPR,291580.76,,Quarterly interest credit,False
7004464,100267,2025-02-12,18:45:00,Transfer In,Internet Banking,78275.49,NPR,369856.25,,Incoming fund transfer,False
7004473,100267,2025-05-03,09:00:00,Fee,POS,313.73,NPR,369542.52,,Monthly account maintenance fee,False
7004466,100267,2025-09-25,22:30:00,Loan EMI,Internet Banking,19786.78,NPR,349755.74,,Loan EMI auto-debit,False
7004462,100267,2026-01-23,13:00:00,Transfer Out,POS,60219.02,NPR,289536.72,,Outgoing fund transfer,False
7004460,100267,2026-02-17,12:00:00,Transfer Out,Mobile App,28320.33,NPR,261216.39,,Outgoing fund transfer,False
7004463,100267,2026-03-02,16:45:00,Interest Credit,IVR,93902.24,NPR,355118.63,,Quarterly interest credit,True
7004461,100267,2026-04-20,08:45:00,Withdrawal,Branch,8062.09,NPR,347056.54,Self,ATM cash withdrawal,False
7004468,100267,2026-05-26,22:45:00,Deposit,ATM,50610.57,NPR,397667.11,Self,Cash deposit at branch counter,False
7004470,100267,2026-06-20,09:30:00,Withdrawal,Mobile App,53166.7,NPR,344500.41,Self,ATM cash withdrawal,False
7004471,100267,2026-08-25,22:45:00,Interest Credit,Mobile App,59473.97,NPR,403974.38,,Quarterly interest credit,False
7004486,100268,2024-03-15,21:00:00,Transfer In,Mobile App,58304.93,NPR,255823.79,,Incoming fund transfer,False
7004481,100268,2024-03-16,07:15:00,Transfer Out,Internet Banking,18404.08,NPR,237419.71,,Outgoing fund transfer,False
7004484,100268,2024-07-09,11:00:00,Fee,ATM,444,NPR,236975.71,,Monthly account maintenance fee,False
7004480,100268,2024-07-21,16:15:00,Transfer In,ATM,72308.27,NPR,309283.98,,Incoming fund transfer,False
7004477,100268,2024-09-20,08:00:00,Fee,POS,1440.91,NPR,307843.07,,Monthly account maintenance fee,False
7004475,100268,2024-09-29,08:00:00,Transfer Out,IVR,44816.46,NPR,263026.61,,Outgoing fund transfer,False
7004483,100268,2024-12-31,13:00:00,Fee,IVR,802.09,NPR,262224.52,,Monthly account maintenance fee,False
7004476,100268,2025-05-16,13:15:00,Interest Credit,POS,39821.1,NPR,302045.62,,Quarterly interest credit,False
7004482,100268,2025-11-26,15:00:00,Fee,POS,637.87,NPR,301407.75,,Monthly account maintenance fee,False
7004474,100268,2025-12-18,14:15:00,Withdrawal,Mobile App,41223.35,NPR,260184.4,Self,ATM cash withdrawal,False
7004485,100268,2026-02-09,14:00:00,Transfer In,Mobile App,21485.4,NPR,281669.8,,Incoming fund transfer,False
7004479,100268,2026-02-25,20:15:00,Fee,IVR,552.17,NPR,281117.63,,Monthly account maintenance fee,False
7004478,100268,2026-07-23,12:00:00,Transfer Out,Branch,4182.88,NPR,276934.75,,Outgoing fund transfer,False
7004487,100269,2025-05-09,20:15:00,POS Purchase,POS,7037.15,NPR,-7037.15,Khalti,Point-of-sale card purchase,False
7004489,100269,2026-02-06,07:30:00,Transfer In,Branch,42207.38,NPR,35170.23,,Incoming fund transfer,False
7004488,100269,2026-08-22,16:00:00,Loan EMI,Internet Banking,28986.25,NPR,6183.98,,Loan EMI auto-debit,False
7004490,100270,2025-03-02,07:30:00,Transfer Out,POS,29044.49,NPR,-29044.49,,Outgoing fund transfer,False
7004493,100270,2025-07-01,08:45:00,Loan EMI,Internet Banking,43740.64,NPR,-72785.13,,Loan EMI auto-debit,False
7004491,100270,2025-12-10,13:15:00,Deposit,ATM,91542.13,NPR,18757,Self,Cash deposit at branch counter,True
7004492,100270,2026-05-19,07:15:00,Deposit,ATM,77965.04,NPR,96722.04,Self,Cash deposit at branch counter,False
7004496,100271,2024-04-14,15:00:00,Loan EMI,Internet Banking,6181.5,NPR,-6181.5,,Loan EMI auto-debit,False
7004495,100271,2025-08-04,10:30:00,POS Purchase,Mobile App,10597.21,NPR,-16778.71,,Point-of-sale card purchase,False
7004494,100271,2025-10-25,14:45:00,Withdrawal,Internet Banking,47108.15,NPR,-63886.86,Self,ATM cash withdrawal,False
7004500,100272,2025-01-02,12:45:00,Withdrawal,IVR,16238.74,NPR,743904.64,Self,ATM cash withdrawal,False
7004517,100272,2025-03-16,17:45:00,Transfer Out,Internet Banking,35905.22,NPR,707999.42,,Outgoing fund transfer,False
7004499,100272,2025-03-21,06:30:00,Deposit,Mobile App,57176.69,NPR,765176.11,Self,Cash deposit at branch counter,False
7004514,100272,2025-04-17,13:00:00,Interest Credit,POS,32102.73,NPR,797278.84,,Quarterly interest credit,False
7004509,100272,2025-04-28,20:45:00,Fee,Internet Banking,1107.97,NPR,796170.87,,Monthly account maintenance fee,False
7004512,100272,2025-06-19,20:00:00,POS Purchase,POS,6419.29,NPR,789751.58,Salary Employer Pvt Ltd,Point-of-sale card purchase,False
7004503,100272,2025-07-09,06:00:00,Transfer In,POS,88170.13,NPR,877921.71,,Incoming fund transfer,True
7004510,100272,2025-07-30,18:45:00,Transfer In,IVR,90117.12,NPR,968038.83,,Incoming fund transfer,True
7004501,100272,2025-08-25,21:15:00,Loan EMI,Internet Banking,34950.79,NPR,933088.04,,Loan EMI auto-debit,False
7004515,100272,2025-09-13,17:00:00,Deposit,ATM,22580.23,NPR,955668.27,Self,Cash deposit at branch counter,False
7004498,100272,2025-12-06,15:30:00,Deposit,POS,61981.78,NPR,1017650.05,Self,Cash deposit at branch counter,False
7004502,100272,2025-12-06,06:45:00,Fee,Mobile App,406.14,NPR,1017243.91,,Monthly account maintenance fee,False
7004507,100272,2025-12-16,06:15:00,Interest Credit,IVR,78209.67,NPR,1095453.58,,Quarterly interest credit,False
7004513,100272,2026-01-10,11:15:00,Interest Credit,POS,17805.3,NPR,1113258.88,,Quarterly interest credit,False
7004516,100272,2026-01-17,08:45:00,Withdrawal,ATM,18422.04,NPR,1094836.84,Self,ATM cash withdrawal,False
7004506,100272,2026-01-26,06:00:00,POS Purchase,Branch,6042.96,NPR,1088793.88,Khalti,Point-of-sale card purchase,False
7004497,100272,2026-04-11,06:15:00,Fee,Branch,135.27,NPR,1088658.61,,Monthly account maintenance fee,False
7004504,100272,2026-05-21,17:15:00,POS Purchase,Internet Banking,3184.36,NPR,1085474.25,Amazon,Point-of-sale card purchase,False
7004511,100272,2026-05-23,07:15:00,Deposit,IVR,94180.98,NPR,1179655.23,Self,Cash deposit at branch counter,True
7004505,100272,2026-05-24,20:30:00,Fee,IVR,782.76,NPR,1178872.47,,Monthly account maintenance fee,False
7004518,100272,2026-07-12,22:00:00,Interest Credit,Branch,27277.91,NPR,1206150.38,,Quarterly interest credit,False
7004508,100272,2026-08-16,14:30:00,Transfer Out,IVR,3422.55,NPR,1202727.83,,Outgoing fund transfer,False
7004520,100273,2024-04-12,12:30:00,Interest Credit,Branch,87945.07,NPR,99733.99,,Quarterly interest credit,False
7004521,100273,2024-12-01,21:30:00,POS Purchase,Internet Banking,6095.69,NPR,93638.3,Khalti,Point-of-sale card purchase,False
7004523,100273,2025-01-12,12:30:00,Deposit,Branch,34357.68,NPR,127995.98,Self,Cash deposit at branch counter,False
7004524,100273,2025-02-25,15:00:00,Transfer In,Mobile App,67332.86,NPR,195328.84,,Incoming fund transfer,False
7004526,100273,2025-03-03,22:45:00,POS Purchase,Branch,4729.74,NPR,190599.1,IME Remit,Point-of-sale card purchase,False
7004525,100273,2025-06-14,10:45:00,Loan EMI,Internet Banking,41182.07,NPR,149417.03,,Loan EMI auto-debit,False
7004519,100273,2025-12-06,15:45:00,Loan EMI,Internet Banking,8628.49,NPR,140788.54,,Loan EMI auto-debit,False
7004522,100273,2026-04-25,09:30:00,Interest Credit,ATM,14121.09,NPR,154909.63,,Quarterly interest credit,False
7004529,100274,2025-10-15,10:15:00,Interest Credit,Mobile App,81452.94,NPR,422950.01,,Quarterly interest credit,True
7004532,100274,2025-10-24,18:45:00,Fee,ATM,1061.63,NPR,421888.38,,Monthly account maintenance fee,False
7004536,100274,2025-12-15,11:30:00,Interest Credit,ATM,47500.47,NPR,469388.85,,Quarterly interest credit,False
7004534,100274,2026-02-09,09:30:00,Transfer Out,Mobile App,22179.92,NPR,447208.93,,Outgoing fund transfer,False
7004535,100274,2026-03-23,13:45:00,Withdrawal,Branch,26797.22,NPR,420411.71,Self,ATM cash withdrawal,False
7004537,100274,2026-04-25,21:15:00,Interest Credit,Mobile App,41508.43,NPR,461920.14,,Quarterly interest credit,False
7004533,100274,2026-05-07,13:00:00,Transfer Out,Branch,44618.13,NPR,417302.01,,Outgoing fund transfer,False
7004530,100274,2026-05-31,07:15:00,Deposit,POS,17379.01,NPR,434681.02,Self,Cash deposit at branch counter,False
7004528,100274,2026-06-07,06:45:00,Transfer In,IVR,44096.97,NPR,478777.99,,Incoming fund transfer,False
7004527,100274,2026-07-27,10:30:00,Transfer In,IVR,5211.57,NPR,483989.56,,Incoming fund transfer,False
7004531,100274,2026-08-07,22:15:00,Withdrawal,POS,45368.72,NPR,438620.84,Self,ATM cash withdrawal,False
7004538,100274,2026-08-12,09:45:00,Fee,POS,1296.87,NPR,437323.97,,Monthly account maintenance fee,False
7004561,100275,2024-03-04,21:45:00,Transfer In,Mobile App,34752.85,NPR,760290.2,,Incoming fund transfer,False
7004546,100275,2024-04-28,13:00:00,POS Purchase,IVR,11397.01,NPR,748893.19,Daraz,Point-of-sale card purchase,False
7004558,100275,2024-06-08,22:00:00,Loan EMI,Internet Banking,33589.67,NPR,715303.52,,Loan EMI auto-debit,False
7004543,100275,2024-09-06,14:30:00,Withdrawal,Branch,55639.13,NPR,659664.39,Self,ATM cash withdrawal,False
7004539,100275,2024-11-30,19:45:00,Loan EMI,Internet Banking,29850.19,NPR,629814.2,,Loan EMI auto-debit,False
7004556,100275,2025-02-24,12:15:00,Deposit,ATM,27187.77,NPR,657001.97,Self,Cash deposit at branch counter,False
7004559,100275,2025-04-06,17:45:00,Withdrawal,POS,59208.47,NPR,597793.5,Self,ATM cash withdrawal,False
7004547,100275,2025-04-17,20:45:00,Transfer Out,POS,9524.46,NPR,588269.04,,Outgoing fund transfer,False
7004553,100275,2025-04-17,20:15:00,Loan EMI,Internet Banking,21628.62,NPR,566640.42,,Loan EMI auto-debit,False
7004550,100275,2025-05-14,18:45:00,Transfer In,Internet Banking,49264.96,NPR,615905.38,,Incoming fund transfer,False
7004542,100275,2025-05-18,13:15:00,Transfer In,IVR,42077.83,NPR,657983.21,,Incoming fund transfer,False
7004548,100275,2025-08-07,22:15:00,Interest Credit,POS,2619.57,NPR,660602.78,,Quarterly interest credit,False
7004545,100275,2025-08-21,11:45:00,Fee,ATM,873.09,NPR,659729.69,,Monthly account maintenance fee,False
7004557,100275,2025-11-08,12:15:00,Fee,ATM,1354.15,NPR,658375.54,,Monthly account maintenance fee,False
7004540,100275,2026-01-02,20:15:00,Loan EMI,Internet Banking,17737.49,NPR,640638.05,,Loan EMI auto-debit,False
7004554,100275,2026-01-21,13:45:00,Transfer In,Mobile App,18957.47,NPR,659595.52,,Incoming fund transfer,False
7004552,100275,2026-04-08,08:30:00,Deposit,POS,74834.85,NPR,734430.37,Self,Cash deposit at branch counter,False
7004549,100275,2026-05-13,16:15:00,Transfer Out,POS,18253.14,NPR,716177.23,,Outgoing fund transfer,False
7004560,100275,2026-05-21,18:15:00,Withdrawal,IVR,14525.29,NPR,701651.94,Self,ATM cash withdrawal,False
7004544,100275,2026-05-28,13:30:00,Withdrawal,Mobile App,38659.38,NPR,662992.56,Self,ATM cash withdrawal,False
7004541,100275,2026-07-03,17:15:00,Loan EMI,Internet Banking,33177.19,NPR,629815.37,,Loan EMI auto-debit,False
7004551,100275,2026-07-11,19:30:00,Deposit,Internet Banking,34102.3,NPR,663917.67,Self,Cash deposit at branch counter,False
7004555,100275,2026-07-28,07:30:00,Withdrawal,ATM,51704.17,NPR,612213.5,Self,ATM cash withdrawal,False
7004564,100276,2024-01-13,13:15:00,Deposit,POS,71459.71,NPR,134641.8,Self,Cash deposit at branch counter,False
7004563,100276,2024-05-02,18:30:00,POS Purchase,Internet Banking,6717.35,NPR,127924.45,Foodmandu,Point-of-sale card purchase,False
7004566,100276,2024-07-27,21:30:00,POS Purchase,Internet Banking,7643.52,NPR,120280.93,NTC Recharge,Point-of-sale card purchase,False
7004567,100276,2024-12-09,10:45:00,Deposit,Branch,23263.56,NPR,143544.49,Self,Cash deposit at branch counter,False
7004562,100276,2025-04-14,12:45:00,Transfer In,IVR,62956,NPR,206500.49,,Incoming fund transfer,False
7004571,100276,2025-04-15,14:00:00,Loan EMI,Internet Banking,5084.1,NPR,201416.39,,Loan EMI auto-debit,False
7004565,100276,2025-05-22,12:15:00,POS Purchase,IVR,2326.28,NPR,199090.11,,Point-of-sale card purchase,False
7004573,100276,2025-07-11,08:30:00,Fee,Branch,1147.31,NPR,197942.8,,Monthly account maintenance fee,False
7004572,100276,2025-08-01,13:00:00,Interest Credit,Branch,77860.14,NPR,275802.94,,Quarterly interest credit,False
7004574,100276,2025-12-13,22:15:00,Interest Credit,Branch,21829.1,NPR,297632.04,,Quarterly interest credit,False
7004570,100276,2026-04-08,07:15:00,Deposit,Mobile App,9505.88,NPR,307137.92,Self,Cash deposit at branch counter,False
7004569,100276,2026-05-30,07:30:00,Fee,POS,563.29,NPR,306574.63,,Monthly account maintenance fee,False
7004568,100276,2026-07-29,21:30:00,Deposit,Branch,13328.76,NPR,319903.39,Self,Cash deposit at branch counter,False
7004583,100277,2026-04-07,18:30:00,Interest Credit,IVR,83262.45,NPR,220852.46,,Quarterly interest credit,False
7004580,100277,2026-04-09,07:15:00,Withdrawal,IVR,32514.58,NPR,188337.88,Self,ATM cash withdrawal,False
7004576,100277,2026-04-15,08:15:00,Fee,POS,284.74,NPR,188053.14,,Monthly account maintenance fee,False
7004584,100277,2026-05-25,20:45:00,Transfer In,Branch,35442.82,NPR,223495.96,,Incoming fund transfer,False
7004579,100277,2026-05-29,22:45:00,POS Purchase,ATM,8885.39,NPR,214610.57,Khalti,Point-of-sale card purchase,False
7004577,100277,2026-06-12,18:15:00,Interest Credit,IVR,25027.73,NPR,239638.3,,Quarterly interest credit,False
7004578,100277,2026-07-14,06:45:00,POS Purchase,ATM,5467.38,NPR,234170.92,Foodmandu,Point-of-sale card purchase,False
7004581,100277,2026-07-30,15:45:00,Deposit,ATM,12335.27,NPR,246506.19,Self,Cash deposit at branch counter,False
7004575,100277,2026-08-12,15:45:00,POS Purchase,Branch,11899.47,NPR,234606.72,Self,Point-of-sale card purchase,False
7004582,100277,2026-08-12,12:30:00,Interest Credit,Mobile App,29097.02,NPR,263703.74,,Quarterly interest credit,False
7004589,100278,2025-02-13,18:00:00,Withdrawal,ATM,52009.86,NPR,-57589.24,Self,ATM cash withdrawal,False
7004588,100278,2025-03-03,20:30:00,Withdrawal,Branch,43732.83,NPR,-101322.07,Self,ATM cash withdrawal,False
7004599,100278,2025-03-05,09:15:00,Deposit,POS,25252.68,NPR,-76069.39,Self,Cash deposit at branch counter,False
7004594,100278,2025-03-12,13:45:00,Loan EMI,Internet Banking,24974.64,NPR,-101044.03,,Loan EMI auto-debit,False
7004596,100278,2025-04-28,07:45:00,Interest Credit,Mobile App,10586.98,NPR,-90457.05,,Quarterly interest credit,False
7004585,100278,2025-05-07,20:00:00,Fee,IVR,701.38,NPR,-91158.43,,Monthly account maintenance fee,False
7004587,100278,2025-05-29,16:15:00,Transfer In,IVR,41351.68,NPR,-49806.75,,Incoming fund transfer,False
7004586,100278,2025-06-04,21:15:00,POS Purchase,ATM,11559.75,NPR,-61366.5,NTC Recharge,Point-of-sale card purchase,False
7004593,100278,2025-06-08,14:00:00,POS Purchase,ATM,2004.98,NPR,-63371.48,Bhat-Bhateni Supermarket,Point-of-sale card purchase,False
7004592,100278,2025-07-12,16:30:00,Transfer Out,Mobile App,7852.74,NPR,-71224.22,,Outgoing fund transfer,False
7004590,100278,2026-01-09,09:00:00,Transfer Out,Mobile App,9685.47,NPR,-80909.69,,Outgoing fund transfer,False
7004597,100278,2026-01-15,22:00:00,Deposit,IVR,77904.27,NPR,-3005.42,Self,Cash deposit at branch counter,False
7004595,100278,2026-01-27,11:15:00,POS Purchase,POS,9281.33,NPR,-12286.75,Local ATM Withdrawal,Point-of-sale card purchase,False
7004591,100278,2026-04-11,15:00:00,Deposit,Mobile App,78069.34,NPR,65782.59,Self,Cash deposit at branch counter,False
7004598,100278,2026-06-14,20:30:00,Transfer Out,IVR,14922.37,NPR,50860.22,,Outgoing fund transfer,False
7004613,100279,2024-10-18,21:45:00,Interest Credit,IVR,74954.53,NPR,519109.7,,Quarterly interest credit,False
7004604,100279,2024-11-09,17:45:00,Deposit,Branch,46209.48,NPR,565319.18,Self,Cash deposit at branch counter,False
7004600,100279,2024-12-19,20:45:00,Transfer Out,ATM,17451.13,NPR,547868.05,,Outgoing fund transfer,False
7004612,100279,2025-01-18,16:15:00,Withdrawal,IVR,31292.13,NPR,516575.92,Self,ATM cash withdrawal,False
7004605,100279,2025-02-02,11:00:00,Loan EMI,Internet Banking,9899.08,NPR,506676.84,,Loan EMI auto-debit,False
7004602,100279,2025-02-07,09:30:00,Fee,Branch,445.04,NPR,506231.8,,Monthly account maintenance fee,False
7004609,100279,2025-07-29,21:15:00,Transfer In,POS,10529.38,NPR,516761.18,,Incoming fund transfer,False
7004610,100279,2025-09-12,14:00:00,Interest Credit,Mobile App,75823.46,NPR,592584.64,,Quarterly interest credit,False
7004611,100279,2026-01-31,20:30:00,Transfer Out,Mobile App,52563.47,NPR,540021.17,,Outgoing fund transfer,False
7004603,100279,2026-02-05,08:00:00,Transfer In,Mobile App,21336.93,NPR,561358.1,,Incoming fund transfer,False
7004601,100279,2026-04-05,22:00:00,Loan EMI,Internet Banking,20750.54,NPR,540607.56,,Loan EMI auto-debit,False
7004607,100279,2026-04-26,06:45:00,Transfer Out,Mobile App,56531.95,NPR,484075.61,,Outgoing fund transfer,False
7004606,100279,2026-07-11,07:15:00,Fee,Mobile App,881.29,NPR,483194.32,,Monthly account maintenance fee,False
7004608,100279,2026-07-12,22:00:00,Withdrawal,ATM,18305.01,NPR,464889.31,Self,ATM cash withdrawal,False
